0	412	1
0	474	1
0	583	1
1	485	1
1	509	1
1	615	1
2	477	1
2	500	1
2	574	1
3	565	1
3	607	1
3	610	1
4	491	1
4	503	1
4	557	1
5	556	1
5	604	1
5	612	1
6	585	1
6	609	1
6	616	1
7	403	1
7	476	1
7	584	1
8	457	1
8	543	1
8	568	1
9	275	1
9	513	1
9	529	1
10	335	1
10	470	1
10	574	1
11	430	1
11	537	1
11	603	1
12	518	1
12	619	1
12	620	1
13	409	1
13	570	1
13	615	1
14	454	1
14	613	1
14	616	1
15	392	1
15	419	1
15	446	1
16	373	1
16	474	1
16	590	1
17	561	1
17	573	1
17	585	1
18	478	1
18	485	1
18	501	1
19	535	1
19	570	1
19	615	1
20	398	1
20	400	1
20	435	1
21	454	1
21	592	1
21	610	1
22	477	1
22	589	1
22	601	1
23	419	1
23	506	1
23	533	1
24	398	1
24	450	1
24	608	1
25	519	1
25	620	1
25	622	1
26	543	1
26	616	1
26	622	1
27	379	1
27	530	1
27	568	1
28	261	1
28	568	1
28	587	1
29	358	1
29	466	1
29	523	1
30	42	1
30	523	1
30	600	1
31	502	1
31	517	1
31	623	1
32	462	1
32	473	1
32	491	1
33	381	1
33	500	1
33	526	1
34	545	1
34	606	1
34	612	1
35	185	1
35	359	1
35	550	1
36	446	1
36	476	1
36	504	1
37	566	1
37	576	1
37	613	1
38	410	1
38	477	1
38	489	1
39	455	1
39	461	1
39	518	1
40	534	1
40	601	1
40	609	1
41	358	1
41	556	1
41	601	1
42	564	1
42	573	1
42	607	1
43	418	1
43	454	1
43	590	1
44	367	1
44	529	1
44	567	1
45	489	1
45	579	1
45	590	1
46	181	1
46	576	1
46	578	1
47	228	1
47	560	1
47	622	1
48	491	1
48	535	1
48	592	1
49	505	1
49	511	1
49	621	1
50	354	1
50	414	1
50	500	1
51	521	1
51	587	1
51	608	1
52	288	1
52	312	1
52	571	1
53	313	1
53	389	1
53	608	1
54	398	1
54	566	1
54	615	1
55	421	1
55	483	1
55	511	1
56	578	1
56	582	1
56	605	1
57	268	1
57	572	1
57	616	1
58	216	1
58	567	1
58	621	1
59	469	1
59	566	1
59	585	1
60	519	1
60	583	1
60	586	1
61	511	1
61	609	1
61	617	1
62	432	1
62	458	1
62	479	1
63	109	1
63	356	1
63	569	1
64	341	1
64	357	1
64	494	1
65	526	1
65	547	1
65	560	1
66	322	1
66	491	1
66	556	1
67	463	1
67	474	1
67	475	1
68	395	1
68	461	1
68	543	1
69	408	1
69	598	1
69	599	1
70	463	1
70	472	1
70	619	1
71	78	1
71	460	1
71	551	1
72	414	1
72	483	1
72	611	1
73	428	1
73	537	1
73	540	1
74	494	1
74	549	1
74	606	1
75	380	1
75	454	1
75	502	1
76	429	1
76	560	1
76	608	1
77	399	1
77	554	1
77	599	1
78	522	1
78	593	1
78	598	1
79	402	1
79	538	1
79	573	1
80	438	1
80	479	1
80	480	1
81	529	1
81	543	1
81	604	1
82	241	1
82	523	1
82	610	1
83	458	1
83	611	1
83	623	1
84	434	1
84	516	1
84	543	1
85	286	1
85	450	1
85	547	1
86	508	1
86	611	1
86	621	1
87	357	1
87	362	1
87	558	1
88	409	1
88	455	1
88	584	1
89	423	1
89	558	1
89	623	1
90	403	1
90	498	1
90	520	1
91	569	1
91	575	1
91	591	1
92	352	1
92	589	1
92	591	1
93	354	1
93	407	1
93	521	1
94	542	1
94	561	1
94	584	1
95	293	1
95	378	1
95	540	1
96	521	1
96	555	1
96	566	1
97	439	1
97	517	1
97	616	1
98	394	1
98	547	1
98	592	1
99	264	1
99	411	1
99	596	1
100	328	1
100	527	1
100	531	1
101	353	1
101	510	1
101	554	1
102	463	1
102	608	1
102	614	1
103	420	1
103	596	1
103	622	1
104	326	1
104	417	1
104	592	1
105	425	1
105	485	1
105	614	1
106	340	1
106	472	1
106	566	1
107	399	1
107	554	1
107	586	1
108	413	1
108	496	1
108	556	1
109	417	1
109	528	1
109	541	1
110	84	1
110	475	1
110	479	1
111	448	1
111	546	1
111	560	1
112	498	1
112	531	1
112	609	1
113	474	1
113	534	1
113	604	1
114	409	1
114	410	1
114	611	1
115	322	1
115	546	1
115	600	1
116	509	1
116	596	1
116	619	1
117	370	1
117	385	1
117	622	1
118	106	1
118	570	1
118	593	1
119	459	1
119	539	1
119	604	1
120	422	1
120	508	1
120	563	1
121	432	1
121	597	1
121	620	1
122	436	1
122	476	1
122	527	1
123	532	1
123	579	1
123	617	1
124	549	1
124	598	1
124	623	1
125	464	1
125	579	1
125	612	1
126	507	1
126	603	1
126	620	1
127	397	1
127	578	1
127	612	1
128	436	1
128	522	1
128	592	1
129	284	1
129	375	1
129	588	1
130	269	1
130	345	1
130	578	1
131	105	1
131	454	1
131	599	1
132	433	1
132	599	1
132	621	1
133	410	1
133	454	1
133	559	1
134	336	1
134	538	1
134	564	1
135	246	1
135	334	1
135	448	1
136	513	1
136	515	1
136	616	1
137	492	1
137	539	1
137	599	1
138	512	1
138	588	1
138	608	1
139	477	1
139	588	1
139	594	1
140	572	1
140	601	1
140	603	1
141	403	1
141	441	1
141	623	1
142	464	1
142	481	1
142	557	1
143	463	1
143	496	1
143	620	1
144	495	1
144	516	1
144	533	1
145	513	1
145	543	1
145	549	1
146	487	1
146	522	1
146	612	1
147	466	1
147	526	1
147	611	1
148	420	1
148	450	1
148	526	1
149	487	1
149	536	1
149	572	1
150	412	1
150	464	1
150	576	1
151	563	1
151	575	1
151	594	1
152	492	1
152	522	1
152	603	1
153	407	1
153	430	1
153	580	1
154	437	1
154	550	1
154	563	1
155	301	1
155	536	1
155	613	1
156	92	1
156	476	1
156	534	1
157	505	1
157	509	1
157	610	1
158	530	1
158	533	1
158	576	1
159	420	1
159	489	1
159	534	1
160	570	1
160	610	1
160	613	1
161	456	1
161	513	1
161	568	1
162	369	1
162	441	1
162	506	1
163	559	1
163	578	1
163	593	1
164	481	1
164	563	1
164	566	1
165	292	1
165	406	1
165	547	1
165	551	1
166	435	1
166	510	1
166	540	1
166	564	1
167	396	1
167	609	1
167	615	1
167	619	1
168	87	1
168	444	1
168	563	1
168	573	1
169	432	1
169	511	1
169	545	1
169	589	1
170	491	1
170	548	1
170	585	1
170	586	1
171	421	1
171	430	1
171	569	1
171	593	1
172	225	1
172	384	1
172	529	1
172	552	1
173	519	1
173	544	1
173	562	1
173	591	1
174	263	1
174	441	1
174	570	1
174	598	1
175	356	1
175	431	1
175	555	1
175	595	1
176	298	1
176	358	1
176	400	1
176	467	1
177	434	1
177	526	1
177	561	1
177	612	1
178	384	1
178	390	1
178	513	1
178	619	1
179	480	1
179	552	1
179	574	1
179	592	1
180	563	1
180	570	1
180	577	1
180	581	1
181	198	1
181	484	1
181	538	1
181	587	1
182	400	1
182	428	1
182	568	1
182	581	1
183	454	1
183	501	1
183	534	1
183	605	1
184	376	1
184	378	1
184	591	1
184	616	1
185	223	1
185	554	1
185	565	1
185	623	1
186	388	1
186	498	1
186	500	1
186	518	1
187	369	1
187	563	1
187	596	1
187	611	1
188	394	1
188	505	1
188	593	1
188	606	1
189	456	1
189	465	1
189	572	1
189	584	1
190	4	1
190	476	1
190	483	1
190	525	1
191	518	1
191	539	1
191	562	1
191	599	1
192	154	1
192	543	1
192	568	1
192	572	1
193	398	1
193	579	1
193	610	1
193	615	1
194	493	1
194	511	1
194	554	1
194	618	1
195	319	1
195	504	1
195	520	1
195	571	1
196	233	1
196	567	1
196	586	1
196	595	1
197	278	1
197	314	1
197	394	1
197	557	1
198	174	1
198	556	1
198	585	1
198	602	1
199	342	1
199	406	1
199	498	1
199	513	1
200	562	1
200	597	1
200	599	1
200	609	1
201	200	1
201	462	1
201	492	1
201	509	1
202	283	1
202	486	1
202	562	1
202	612	1
203	384	1
203	549	1
203	565	1
203	619	1
204	396	1
204	405	1
204	549	1
204	572	1
205	315	1
205	419	1
205	486	1
205	526	1
206	400	1
206	527	1
206	575	1
206	613	1
207	377	1
207	535	1
207	585	1
207	612	1
208	524	1
208	558	1
208	588	1
208	618	1
209	451	1
209	513	1
209	533	1
209	610	1
210	460	1
210	478	1
210	521	1
210	621	1
211	322	1
211	581	1
211	589	1
211	603	1
212	353	1
212	363	1
212	553	1
212	566	1
213	500	1
213	534	1
213	567	1
213	578	1
214	438	1
214	517	1
214	621	1
214	623	1
215	474	1
215	551	1
215	567	1
215	570	1
216	532	1
216	562	1
216	589	1
216	623	1
217	404	1
217	452	1
217	542	1
217	555	1
218	565	1
218	574	1
218	591	1
218	604	1
219	406	1
219	463	1
219	586	1
219	605	1
220	45	1
220	365	1
220	585	1
220	592	1
221	381	1
221	555	1
221	560	1
221	605	1
222	443	1
222	535	1
222	594	1
222	612	1
223	347	1
223	452	1
223	500	1
223	582	1
224	516	1
224	557	1
224	572	1
224	614	1
225	528	1
225	551	1
225	578	1
225	614	1
226	456	1
226	470	1
226	533	1
226	608	1
227	484	1
227	510	1
227	526	1
227	616	1
228	266	1
228	531	1
228	584	1
228	615	1
229	94	1
229	509	1
229	568	1
229	600	1
230	403	1
230	475	1
230	566	1
230	597	1
231	413	1
231	453	1
231	516	1
231	543	1
232	358	1
232	464	1
232	586	1
232	589	1
233	300	1
233	440	1
233	488	1
233	612	1
234	437	1
234	539	1
234	603	1
234	604	1
235	540	1
235	558	1
235	598	1
235	607	1
236	509	1
236	526	1
236	562	1
236	622	1
237	390	1
237	451	1
237	500	1
237	543	1
238	395	1
238	535	1
238	555	1
238	573	1
239	221	1
239	416	1
239	426	1
239	439	1
240	336	1
240	486	1
240	521	1
240	588	1
241	237	1
241	545	1
241	593	1
241	622	1
242	152	1
242	256	1
242	407	1
242	594	1
243	481	1
243	514	1
243	528	1
243	538	1
244	415	1
244	559	1
244	600	1
244	617	1
245	329	1
245	495	1
245	506	1
245	554	1
246	212	1
246	330	1
246	581	1
246	589	1
247	445	1
247	458	1
247	534	1
247	592	1
248	474	1
248	538	1
248	592	1
248	610	1
249	485	1
249	488	1
249	495	1
249	510	1
250	518	1
250	532	1
250	571	1
250	613	1
251	482	1
251	491	1
251	547	1
251	579	1
252	572	1
252	579	1
252	585	1
252	605	1
253	503	1
253	537	1
253	579	1
253	588	1
254	471	1
254	518	1
254	543	1
254	613	1
255	497	1
255	514	1
255	572	1
255	618	1
256	381	1
256	465	1
256	600	1
256	607	1
257	409	1
257	529	1
257	592	1
257	606	1
258	307	1
258	523	1
258	529	1
258	552	1
259	454	1
259	500	1
259	563	1
259	613	1
260	469	1
260	492	1
260	495	1
260	536	1
261	459	1
261	472	1
261	607	1
261	612	1
262	491	1
262	550	1
262	574	1
262	579	1
263	47	1
263	402	1
263	420	1
263	594	1
264	470	1
264	471	1
264	540	1
264	559	1
265	271	1
265	488	1
265	489	1
265	522	1
266	400	1
266	404	1
266	595	1
266	618	1
267	335	1
267	578	1
267	599	1
267	604	1
268	103	1
268	504	1
268	540	1
268	580	1
269	413	1
269	507	1
269	546	1
269	599	1
270	172	1
270	442	1
270	483	1
270	611	1
271	447	1
271	540	1
271	550	1
271	604	1
272	315	1
272	551	1
272	583	1
272	612	1
273	590	1
273	591	1
273	603	1
273	604	1
274	524	1
274	586	1
274	590	1
274	615	1
275	455	1
275	537	1
275	547	1
275	618	1
276	495	1
276	523	1
276	572	1
276	573	1
277	275	1
277	464	1
277	536	1
277	570	1
278	491	1
278	526	1
278	543	1
278	583	1
279	472	1
279	492	1
279	594	1
279	595	1
280	386	1
280	443	1
280	581	1
280	597	1
281	353	1
281	440	1
281	562	1
281	601	1
282	362	1
282	434	1
282	501	1
282	552	1
283	449	1
283	581	1
283	613	1
283	621	1
284	402	1
284	552	1
284	575	1
284	603	1
284	621	1
285	317	1
285	423	1
285	463	1
285	503	1
285	549	1
286	495	1
286	530	1
286	532	1
286	570	1
286	605	1
287	442	1
287	556	1
287	584	1
287	585	1
287	589	1
288	341	1
288	410	1
288	472	1
288	483	1
288	566	1
289	296	1
289	364	1
289	431	1
289	543	1
289	602	1
290	169	1
290	436	1
290	514	1
290	542	1
290	618	1
291	194	1
291	504	1
291	575	1
291	576	1
291	590	1
292	532	1
292	533	1
292	537	1
292	587	1
292	604	1
293	489	1
293	529	1
293	535	1
293	554	1
293	562	1
294	460	1
294	477	1
294	484	1
294	521	1
294	557	1
295	380	1
295	412	1
295	466	1
295	497	1
295	532	1
296	479	1
296	480	1
296	513	1
296	568	1
296	618	1
297	438	1
297	501	1
297	510	1
297	532	1
297	579	1
298	292	1
298	480	1
298	490	1
298	518	1
298	565	1
299	76	1
299	510	1
299	538	1
299	554	1
299	595	1
300	484	1
300	579	1
300	590	1
300	602	1
300	613	1
301	357	1
301	505	1
301	531	1
301	576	1
301	622	1
302	387	1
302	390	1
302	509	1
302	567	1
302	612	1
303	388	1
303	407	1
303	516	1
303	566	1
303	578	1
304	412	1
304	451	1
304	466	1
304	573	1
304	599	1
305	410	1
305	477	1
305	492	1
305	553	1
305	562	1
306	367	1
306	525	1
306	528	1
306	596	1
306	608	1
307	518	1
307	573	1
307	574	1
307	584	1
307	608	1
308	489	1
308	505	1
308	570	1
308	590	1
308	609	1
309	449	1
309	489	1
309	491	1
309	502	1
309	566	1
310	428	1
310	437	1
310	503	1
310	596	1
310	623	1
311	329	1
311	545	1
311	562	1
311	615	1
311	622	1
312	404	1
312	487	1
312	553	1
312	565	1
312	581	1
313	397	1
313	500	1
313	510	1
313	594	1
313	620	1
314	418	1
314	540	1
314	573	1
314	608	1
314	617	1
315	420	1
315	462	1
315	481	1
315	532	1
315	619	1
316	355	1
316	525	1
316	560	1
316	604	1
316	613	1
317	82	1
317	384	1
317	536	1
317	585	1
317	611	1
318	414	1
318	512	1
318	568	1
318	608	1
318	613	1
319	197	1
319	426	1
319	461	1
319	478	1
319	534	1
320	452	1
320	506	1
320	575	1
320	576	1
320	584	1
321	305	1
321	353	1
321	601	1
321	612	1
321	620	1
322	402	1
322	519	1
322	541	1
322	568	1
322	615	1
323	9	1
323	415	1
323	475	1
323	490	1
323	536	1
324	484	1
324	495	1
324	530	1
324	555	1
324	618	1
325	414	1
325	432	1
325	522	1
325	591	1
325	623	1
326	292	1
326	425	1
326	429	1
326	531	1
326	563	1
327	242	1
327	333	1
327	345	1
327	483	1
327	585	1
328	392	1
328	473	1
328	547	1
328	570	1
328	581	1
329	355	1
329	496	1
329	582	1
329	587	1
329	604	1
330	104	1
330	370	1
330	486	1
330	572	1
330	608	1
331	521	1
331	533	1
331	565	1
331	620	1
331	623	1
332	193	1
332	516	1
332	532	1
332	590	1
332	601	1
333	276	1
333	393	1
333	485	1
333	554	1
333	564	1
334	329	1
334	426	1
334	506	1
334	551	1
334	613	1
335	291	1
335	360	1
335	492	1
335	527	1
335	617	1
336	457	1
336	504	1
336	584	1
336	595	1
336	622	1
337	492	1
337	520	1
337	537	1
337	596	1
337	607	1
338	336	1
338	408	1
338	454	1
338	486	1
338	603	1
339	515	1
339	544	1
339	550	1
339	568	1
339	616	1
340	465	1
340	507	1
340	579	1
340	591	1
340	622	1
341	470	1
341	472	1
341	524	1
341	548	1
341	569	1
342	323	1
342	406	1
342	426	1
342	452	1
342	470	1
343	367	1
343	444	1
343	546	1
343	560	1
343	611	1
344	478	1
344	525	1
344	542	1
344	582	1
344	598	1
345	381	1
345	443	1
345	446	1
345	472	1
345	583	1
346	453	1
346	484	1
346	502	1
346	520	1
346	591	1
347	295	1
347	457	1
347	495	1
347	516	1
347	569	1
348	267	1
348	433	1
348	449	1
348	480	1
348	622	1
349	346	1
349	531	1
349	542	1
349	586	1
349	605	1
350	372	1
350	440	1
350	523	1
350	568	1
350	597	1
351	390	1
351	546	1
351	583	1
351	585	1
351	621	1
352	486	1
352	540	1
352	558	1
352	610	1
352	616	1
353	363	1
353	398	1
353	505	1
353	569	1
353	620	1
354	313	1
354	439	1
354	506	1
354	533	1
354	537	1
355	393	1
355	420	1
355	431	1
355	459	1
355	479	1
356	450	1
356	522	1
356	583	1
356	604	1
356	613	1
357	313	1
357	537	1
357	561	1
357	583	1
357	621	1
358	402	1
358	501	1
358	534	1
358	599	1
358	618	1
359	323	1
359	435	1
359	504	1
359	578	1
359	599	1
360	493	1
360	507	1
360	541	1
360	585	1
360	595	1
361	386	1
361	392	1
361	399	1
361	540	1
361	595	1
362	465	1
362	494	1
362	510	1
362	542	1
362	572	1
363	350	1
363	390	1
363	494	1
363	530	1
363	583	1
364	486	1
364	512	1
364	517	1
364	532	1
364	559	1
365	436	1
365	442	1
365	447	1
365	524	1
365	605	1
366	395	1
366	503	1
366	583	1
366	592	1
366	623	1
367	527	1
367	565	1
367	616	1
367	618	1
367	620	1
368	374	1
368	476	1
368	488	1
368	562	1
368	608	1
369	521	1
369	550	1
369	556	1
369	569	1
369	579	1
370	443	1
370	472	1
370	483	1
370	552	1
370	586	1
371	481	1
371	524	1
371	563	1
371	584	1
371	611	1
372	480	1
372	482	1
372	507	1
372	593	1
372	621	1
373	327	1
373	378	1
373	391	1
373	461	1
373	535	1
374	271	1
374	421	1
374	490	1
374	502	1
374	514	1
374	606	1
375	158	1
375	423	1
375	512	1
375	516	1
375	541	1
375	574	1
375	620	1
376	18	1
376	256	1
376	358	1
376	459	1
376	488	1
376	542	1
376	575	1
377	186	1
377	401	1
377	426	1
377	450	1
377	540	1
377	556	1
377	564	1
377	603	1
378	326	1
378	424	1
378	474	1
378	493	1
378	569	1
378	581	1
378	591	1
378	598	1
378	611	1
379	374	1
379	461	1
379	543	1
379	572	1
379	584	1
379	587	1
379	592	1
379	605	1
379	615	1
380	77	1
380	389	1
380	402	1
380	424	1
380	560	1
380	576	1
380	581	1
380	598	1
380	616	1
381	382	1
381	418	1
381	441	1
381	466	1
381	553	1
381	573	1
381	578	1
381	607	1
381	618	1
382	320	1
382	361	1
382	375	1
382	488	1
382	490	1
382	568	1
382	580	1
382	587	1
382	594	1
383	336	1
383	399	1
383	437	1
383	470	1
383	505	1
383	545	1
383	598	1
383	607	1
383	615	1
384	375	1
384	382	1
384	414	1
384	487	1
384	488	1
384	553	1
384	589	1
384	607	1
384	618	1
385	326	1
385	419	1
385	465	1
385	475	1
385	499	1
385	561	1
385	590	1
385	592	1
385	614	1
386	309	1
386	466	1
386	550	1
386	572	1
386	574	1
386	597	1
386	599	1
386	610	1
386	622	1
387	378	1
387	427	1
387	457	1
387	530	1
387	563	1
387	592	1
387	603	1
387	606	1
387	607	1
388	284	1
388	290	1
388	374	1
388	389	1
388	452	1
388	470	1
388	535	1
388	541	1
388	560	1
389	427	1
389	484	1
389	508	1
389	524	1
389	538	1
389	560	1
389	571	1
389	580	1
389	617	1
390	501	1
390	515	1
390	532	1
390	557	1
390	572	1
390	579	1
390	584	1
390	609	1
390	614	1
391	198	1
391	426	1
391	447	1
391	461	1
391	507	1
391	539	1
391	600	1
391	601	1
391	604	1
392	424	1
392	433	1
392	449	1
392	451	1
392	503	1
392	526	1
392	574	1
392	588	1
392	613	1
393	398	1
393	531	1
393	553	1
393	555	1
393	556	1
393	564	1
393	591	1
393	617	1
393	621	1
394	454	1
394	458	1
394	478	1
394	479	1
394	496	1
394	552	1
394	568	1
394	594	1
394	614	1
394	617	1
395	266	1
395	454	1
395	470	1
395	518	1
395	534	1
395	586	1
395	592	1
395	598	1
395	615	1
395	621	1
396	463	1
396	471	1
396	480	1
396	513	1
396	553	1
396	573	1
396	577	1
396	614	1
396	617	1
396	621	1
397	402	1
397	456	1
397	459	1
397	485	1
397	503	1
397	531	1
397	542	1
397	584	1
397	595	1
397	622	1
398	539	1
398	544	1
398	548	1
398	554	1
398	582	1
398	591	1
398	597	1
398	599	1
398	611	1
398	620	1
399	287	1
399	331	1
399	377	1
399	391	1
399	393	1
399	424	1
399	456	1
399	485	1
399	514	1
399	610	1
400	313	1
400	331	1
400	414	1
400	463	1
400	532	1
400	547	1
400	562	1
400	573	1
400	607	1
400	614	1
401	246	1
401	432	1
401	471	1
401	485	1
401	487	1
401	511	1
401	569	1
401	579	1
401	594	1
401	621	1
402	343	1
402	403	1
402	448	1
402	490	1
402	501	1
402	547	1
402	576	1
402	596	1
402	597	1
402	606	1
403	289	1
403	319	1
403	411	1
403	418	1
403	486	1
403	556	1
403	562	1
403	606	1
403	608	1
403	617	1
404	370	1
404	455	1
404	477	1
404	480	1
404	503	1
404	510	1
404	529	1
404	547	1
404	583	1
404	616	1
405	446	1
405	460	1
405	470	1
405	479	1
405	520	1
405	544	1
405	553	1
405	575	1
405	608	1
405	610	1
406	351	1
406	404	1
406	522	1
406	557	1
406	559	1
406	581	1
406	600	1
406	608	1
406	621	1
406	622	1
407	289	1
407	511	1
407	529	1
407	534	1
407	545	1
407	550	1
407	572	1
407	593	1
407	600	1
407	622	1
408	292	1
408	350	1
408	368	1
408	475	1
408	480	1
408	506	1
408	549	1
408	566	1
408	576	1
408	591	1
409	415	1
409	416	1
409	468	1
409	519	1
409	537	1
409	551	1
409	574	1
409	601	1
409	606	1
409	618	1
410	208	1
410	399	1
410	481	1
410	532	1
410	542	1
410	545	1
410	561	1
410	570	1
410	612	1
410	616	1
411	165	1
411	380	1
411	388	1
411	428	1
411	459	1
411	475	1
411	495	1
411	504	1
411	564	1
411	568	1
412	197	1
412	318	1
412	339	1
412	479	1
412	536	1
412	542	1
412	576	1
412	583	1
412	585	1
412	611	1
412	621	1
413	311	1
413	341	1
413	442	1
413	453	1
413	486	1
413	487	1
413	493	1
413	524	1
413	560	1
413	564	1
413	599	1
413	622	1
414	393	1
414	467	1
414	477	1
414	497	1
414	502	1
414	516	1
414	543	1
414	560	1
414	563	1
414	580	1
414	601	1
414	614	1
415	316	1
415	412	1
415	413	1
415	435	1
415	465	1
415	484	1
415	514	1
415	527	1
415	540	1
415	552	1
415	596	1
415	598	1
415	616	1
416	432	1
416	488	1
416	490	1
416	498	1
416	509	1
416	515	1
416	533	1
416	556	1
416	579	1
416	587	1
416	593	1
416	595	1
416	615	1
417	288	1
417	326	1
417	399	1
417	425	1
417	445	1
417	514	1
417	554	1
417	562	1
417	581	1
417	586	1
417	605	1
417	609	1
417	611	1
418	290	1
418	355	1
418	384	1
418	454	1
418	479	1
418	488	1
418	499	1
418	514	1
418	545	1
418	546	1
418	551	1
418	620	1
418	622	1
419	298	1
419	399	1
419	416	1
419	441	1
419	499	1
419	523	1
419	546	1
419	561	1
419	572	1
419	574	1
419	589	1
419	618	1
419	621	1
420	216	1
420	357	1
420	455	1
420	499	1
420	506	1
420	515	1
420	523	1
420	524	1
420	530	1
420	532	1
420	578	1
420	598	1
420	614	1
421	320	1
421	392	1
421	477	1
421	489	1
421	501	1
421	526	1
421	558	1
421	561	1
421	567	1
421	580	1
421	608	1
421	610	1
421	616	1
422	67	1
422	456	1
422	462	1
422	521	1
422	524	1
422	552	1
422	565	1
422	566	1
422	573	1
422	576	1
422	583	1
422	594	1
422	621	1
423	363	1
423	377	1
423	398	1
423	404	1
423	462	1
423	489	1
423	495	1
423	501	1
423	504	1
423	549	1
423	560	1
423	588	1
423	612	1
424	65	1
424	155	1
424	450	1
424	489	1
424	500	1
424	518	1
424	519	1
424	535	1
424	545	1
424	548	1
424	562	1
424	598	1
424	619	1
425	124	1
425	148	1
425	211	1
425	301	1
425	368	1
425	399	1
425	465	1
425	482	1
425	495	1
425	497	1
425	507	1
425	511	1
425	589	1
426	137	1
426	403	1
426	416	1
426	466	1
426	472	1
426	497	1
426	503	1
426	515	1
426	526	1
426	538	1
426	551	1
426	587	1
426	591	1
427	86	1
427	206	1
427	424	1
427	437	1
427	443	1
427	481	1
427	487	1
427	522	1
427	561	1
427	591	1
427	594	1
427	597	1
427	598	1
428	169	1
428	363	1
428	415	1
428	445	1
428	469	1
428	518	1
428	526	1
428	551	1
428	563	1
428	564	1
428	582	1
428	586	1
428	602	1
429	387	1
429	436	1
429	486	1
429	488	1
429	498	1
429	553	1
429	569	1
429	570	1
429	572	1
429	581	1
429	583	1
429	586	1
429	601	1
430	367	1
430	407	1
430	458	1
430	512	1
430	525	1
430	527	1
430	553	1
430	560	1
430	583	1
430	602	1
430	607	1
430	612	1
430	621	1
431	354	1
431	360	1
431	398	1
431	424	1
431	467	1
431	490	1
431	572	1
431	583	1
431	590	1
431	592	1
431	601	1
431	605	1
431	611	1
432	262	1
432	324	1
432	339	1
432	401	1
432	428	1
432	462	1
432	467	1
432	492	1
432	500	1
432	522	1
432	526	1
432	553	1
432	608	1
433	207	1
433	401	1
433	449	1
433	450	1
433	501	1
433	505	1
433	537	1
433	558	1
433	568	1
433	585	1
433	591	1
433	611	1
433	618	1
434	369	1
434	451	1
434	457	1
434	512	1
434	524	1
434	549	1
434	550	1
434	551	1
434	555	1
434	580	1
434	594	1
434	601	1
434	607	1
435	362	1
435	404	1
435	423	1
435	431	1
435	455	1
435	468	1
435	507	1
435	532	1
435	565	1
435	579	1
435	592	1
435	593	1
435	594	1
435	618	1
436	120	1
436	320	1
436	398	1
436	440	1
436	492	1
436	496	1
436	518	1
436	558	1
436	561	1
436	571	1
436	579	1
436	597	1
436	600	1
436	608	1
437	253	1
437	409	1
437	429	1
437	432	1
437	511	1
437	532	1
437	563	1
437	574	1
437	580	1
437	582	1
437	585	1
437	600	1
437	613	1
437	620	1
438	232	1
438	321	1
438	441	1
438	442	1
438	498	1
438	507	1
438	513	1
438	541	1
438	543	1
438	563	1
438	578	1
438	584	1
438	585	1
438	588	1
438	617	1
439	271	1
439	336	1
439	372	1
439	394	1
439	420	1
439	497	1
439	511	1
439	517	1
439	530	1
439	556	1
439	599	1
439	601	1
439	602	1
439	608	1
439	622	1
440	352	1
440	391	1
440	483	1
440	499	1
440	500	1
440	507	1
440	512	1
440	539	1
440	563	1
440	572	1
440	580	1
440	583	1
440	601	1
440	610	1
440	613	1
441	378	1
441	415	1
441	447	1
441	491	1
441	514	1
441	518	1
441	529	1
441	548	1
441	575	1
441	581	1
441	588	1
441	594	1
441	598	1
441	616	1
441	622	1
442	334	1
442	423	1
442	488	1
442	492	1
442	538	1
442	540	1
442	546	1
442	551	1
442	565	1
442	572	1
442	583	1
442	587	1
442	591	1
442	594	1
442	618	1
443	304	1
443	342	1
443	438	1
443	441	1
443	457	1
443	469	1
443	477	1
443	533	1
443	541	1
443	544	1
443	553	1
443	566	1
443	570	1
443	593	1
443	599	1
444	161	1
444	252	1
444	430	1
444	435	1
444	464	1
444	508	1
444	520	1
444	534	1
444	546	1
444	547	1
444	548	1
444	563	1
444	588	1
444	606	1
444	611	1
445	66	1
445	190	1
445	245	1
445	310	1
445	350	1
445	432	1
445	470	1
445	490	1
445	536	1
445	542	1
445	594	1
445	603	1
445	617	1
445	621	1
445	622	1
446	393	1
446	436	1
446	450	1
446	462	1
446	485	1
446	507	1
446	524	1
446	545	1
446	574	1
446	594	1
446	597	1
446	603	1
446	604	1
446	606	1
446	616	1
447	351	1
447	418	1
447	493	1
447	496	1
447	522	1
447	525	1
447	527	1
447	541	1
447	552	1
447	574	1
447	577	1
447	585	1
447	590	1
447	595	1
447	606	1
448	265	1
448	348	1
448	471	1
448	474	1
448	506	1
448	519	1
448	521	1
448	523	1
448	536	1
448	550	1
448	574	1
448	600	1
448	618	1
448	619	1
448	621	1
449	345	1
449	425	1
449	444	1
449	471	1
449	481	1
449	499	1
449	503	1
449	505	1
449	516	1
449	521	1
449	558	1
449	569	1
449	571	1
449	576	1
449	606	1
449	610	1
450	366	1
450	380	1
450	425	1
450	440	1
450	463	1
450	485	1
450	496	1
450	503	1
450	514	1
450	529	1
450	534	1
450	553	1
450	565	1
450	605	1
450	608	1
450	623	1
451	276	1
451	366	1
451	420	1
451	439	1
451	447	1
451	459	1
451	472	1
451	487	1
451	553	1
451	571	1
451	575	1
451	580	1
451	590	1
451	591	1
451	592	1
451	617	1
451	618	1
452	143	1
452	308	1
452	411	1
452	505	1
452	512	1
452	520	1
452	537	1
452	540	1
452	553	1
452	559	1
452	561	1
452	563	1
452	581	1
452	598	1
452	614	1
452	618	1
452	623	1
453	329	1
453	412	1
453	454	1
453	493	1
453	495	1
453	500	1
453	503	1
453	505	1
453	509	1
453	528	1
453	530	1
453	538	1
453	540	1
453	568	1
453	572	1
453	585	1
453	596	1
453	622	1
454	170	1
454	210	1
454	321	1
454	355	1
454	432	1
454	447	1
454	501	1
454	510	1
454	520	1
454	534	1
454	541	1
454	543	1
454	545	1
454	560	1
454	574	1
454	583	1
454	604	1
454	612	1
455	295	1
455	300	1
455	380	1
455	388	1
455	391	1
455	447	1
455	456	1
455	479	1
455	489	1
455	523	1
455	536	1
455	562	1
455	574	1
455	578	1
455	581	1
455	598	1
455	600	1
455	603	1
456	349	1
456	371	1
456	391	1
456	410	1
456	417	1
456	505	1
456	509	1
456	515	1
456	518	1
456	525	1
456	540	1
456	544	1
456	552	1
456	577	1
456	585	1
456	589	1
456	610	1
456	617	1
457	320	1
457	387	1
457	450	1
457	456	1
457	457	1
457	468	1
457	473	1
457	492	1
457	503	1
457	515	1
457	527	1
457	545	1
457	584	1
457	595	1
457	597	1
457	600	1
457	615	1
457	623	1
458	342	1
458	374	1
458	398	1
458	413	1
458	426	1
458	442	1
458	465	1
458	469	1
458	472	1
458	479	1
458	506	1
458	535	1
458	536	1
458	537	1
458	544	1
458	557	1
458	601	1
458	612	1
459	370	1
459	396	1
459	409	1
459	427	1
459	436	1
459	438	1
459	439	1
459	443	1
459	457	1
459	458	1
459	488	1
459	503	1
459	515	1
459	517	1
459	556	1
459	568	1
459	599	1
459	602	1
460	197	1
460	349	1
460	367	1
460	393	1
460	397	1
460	405	1
460	408	1
460	456	1
460	460	1
460	466	1
460	503	1
460	511	1
460	539	1
460	552	1
460	563	1
460	568	1
460	576	1
460	623	1
461	312	1
461	364	1
461	438	1
461	452	1
461	456	1
461	506	1
461	509	1
461	525	1
461	541	1
461	552	1
461	555	1
461	560	1
461	567	1
461	571	1
461	586	1
461	591	1
461	615	1
461	617	1
462	106	1
462	149	1
462	199	1
462	230	1
462	311	1
462	335	1
462	405	1
462	426	1
462	437	1
462	452	1
462	476	1
462	480	1
462	548	1
462	561	1
462	576	1
462	599	1
462	604	1
462	616	1
463	355	1
463	402	1
463	432	1
463	463	1
463	472	1
463	492	1
463	505	1
463	515	1
463	537	1
463	545	1
463	550	1
463	553	1
463	559	1
463	561	1
463	588	1
463	598	1
463	602	1
463	622	1
464	329	1
464	381	1
464	409	1
464	444	1
464	445	1
464	496	1
464	498	1
464	522	1
464	538	1
464	550	1
464	561	1
464	574	1
464	583	1
464	584	1
464	589	1
464	597	1
464	608	1
464	621	1
465	320	1
465	330	1
465	334	1
465	361	1
465	379	1
465	441	1
465	457	1
465	482	1
465	515	1
465	516	1
465	525	1
465	534	1
465	556	1
465	562	1
465	587	1
465	597	1
465	608	1
465	619	1
465	622	1
466	352	1
466	368	1
466	399	1
466	478	1
466	493	1
466	496	1
466	499	1
466	517	1
466	534	1
466	544	1
466	559	1
466	565	1
466	576	1
466	591	1
466	599	1
466	608	1
466	611	1
466	616	1
466	617	1
467	177	1
467	295	1
467	304	1
467	381	1
467	404	1
467	411	1
467	495	1
467	518	1
467	534	1
467	555	1
467	565	1
467	570	1
467	576	1
467	581	1
467	588	1
467	601	1
467	604	1
467	608	1
467	610	1
468	88	1
468	263	1
468	327	1
468	414	1
468	473	1
468	501	1
468	516	1
468	521	1
468	539	1
468	555	1
468	562	1
468	565	1
468	568	1
468	578	1
468	595	1
468	597	1
468	614	1
468	618	1
468	619	1
469	340	1
469	398	1
469	414	1
469	421	1
469	426	1
469	434	1
469	453	1
469	470	1
469	534	1
469	546	1
469	567	1
469	570	1
469	574	1
469	583	1
469	587	1
469	593	1
469	614	1
469	620	1
469	622	1
470	147	1
470	243	1
470	389	1
470	400	1
470	413	1
470	437	1
470	459	1
470	517	1
470	526	1
470	530	1
470	550	1
470	551	1
470	560	1
470	572	1
470	578	1
470	580	1
470	586	1
470	594	1
470	616	1
471	396	1
471	402	1
471	407	1
471	431	1
471	445	1
471	472	1
471	506	1
471	519	1
471	522	1
471	523	1
471	545	1
471	553	1
471	564	1
471	573	1
471	574	1
471	589	1
471	595	1
471	600	1
471	602	1
472	305	1
472	307	1
472	358	1
472	433	1
472	487	1
472	501	1
472	524	1
472	537	1
472	543	1
472	548	1
472	551	1
472	556	1
472	569	1
472	588	1
472	597	1
472	600	1
472	604	1
472	618	1
472	622	1
473	312	1
473	373	1
473	462	1
473	516	1
473	537	1
473	539	1
473	548	1
473	549	1
473	553	1
473	556	1
473	560	1
473	569	1
473	584	1
473	589	1
473	592	1
473	594	1
473	613	1
473	620	1
473	623	1
474	249	1
474	311	1
474	389	1
474	470	1
474	471	1
474	505	1
474	508	1
474	510	1
474	520	1
474	538	1
474	584	1
474	591	1
474	596	1
474	597	1
474	598	1
474	605	1
474	606	1
474	611	1
474	618	1
474	621	1
475	11	1
475	331	1
475	420	1
475	424	1
475	454	1
475	485	1
475	495	1
475	502	1
475	509	1
475	524	1
475	534	1
475	542	1
475	560	1
475	566	1
475	577	1
475	593	1
475	604	1
475	610	1
475	615	1
475	619	1
476	311	1
476	342	1
476	356	1
476	393	1
476	444	1
476	453	1
476	486	1
476	499	1
476	517	1
476	536	1
476	549	1
476	559	1
476	561	1
476	574	1
476	584	1
476	585	1
476	592	1
476	595	1
476	600	1
476	601	1
477	180	1
477	186	1
477	189	1
477	334	1
477	370	1
477	386	1
477	402	1
477	422	1
477	492	1
477	513	1
477	541	1
477	558	1
477	569	1
477	573	1
477	577	1
477	586	1
477	590	1
477	595	1
477	606	1
477	615	1
478	309	1
478	344	1
478	446	1
478	459	1
478	465	1
478	476	1
478	485	1
478	495	1
478	509	1
478	521	1
478	524	1
478	552	1
478	559	1
478	566	1
478	567	1
478	570	1
478	586	1
478	608	1
478	610	1
478	614	1
479	237	1
479	372	1
479	384	1
479	389	1
479	437	1
479	443	1
479	450	1
479	459	1
479	461	1
479	468	1
479	509	1
479	535	1
479	536	1
479	541	1
479	545	1
479	565	1
479	572	1
479	603	1
479	615	1
479	622	1
480	238	1
480	389	1
480	396	1
480	411	1
480	422	1
480	436	1
480	441	1
480	463	1
480	476	1
480	481	1
480	496	1
480	499	1
480	507	1
480	508	1
480	510	1
480	515	1
480	522	1
480	544	1
480	555	1
480	565	1
481	373	1
481	404	1
481	430	1
481	475	1
481	493	1
481	504	1
481	507	1
481	536	1
481	542	1
481	545	1
481	547	1
481	551	1
481	571	1
481	590	1
481	594	1
481	595	1
481	600	1
481	603	1
481	611	1
481	618	1
482	74	1
482	258	1
482	309	1
482	376	1
482	389	1
482	450	1
482	479	1
482	487	1
482	493	1
482	530	1
482	539	1
482	547	1
482	553	1
482	560	1
482	566	1
482	584	1
482	597	1
482	599	1
482	608	1
482	615	1
483	23	1
483	313	1
483	352	1
483	426	1
483	472	1
483	495	1
483	499	1
483	509	1
483	533	1
483	536	1
483	541	1
483	548	1
483	553	1
483	554	1
483	572	1
483	580	1
483	581	1
483	603	1
483	619	1
483	620	1
484	250	1
484	280	1
484	458	1
484	502	1
484	519	1
484	523	1
484	538	1
484	548	1
484	550	1
484	558	1
484	575	1
484	577	1
484	583	1
484	590	1
484	593	1
484	594	1
484	603	1
484	605	1
484	609	1
484	618	1
485	317	1
485	352	1
485	422	1
485	436	1
485	446	1
485	452	1
485	455	1
485	479	1
485	495	1
485	505	1
485	512	1
485	518	1
485	527	1
485	550	1
485	559	1
485	592	1
485	594	1
485	597	1
485	608	1
485	622	1
486	105	1
486	314	1
486	356	1
486	388	1
486	393	1
486	469	1
486	474	1
486	521	1
486	526	1
486	528	1
486	535	1
486	558	1
486	562	1
486	567	1
486	576	1
486	581	1
486	583	1
486	594	1
486	600	1
486	612	1
487	292	1
487	306	1
487	446	1
487	462	1
487	473	1
487	512	1
487	514	1
487	521	1
487	525	1
487	534	1
487	537	1
487	539	1
487	547	1
487	554	1
487	565	1
487	570	1
487	577	1
487	598	1
487	599	1
487	606	1
488	169	1
488	240	1
488	251	1
488	311	1
488	372	1
488	399	1
488	405	1
488	443	1
488	461	1
488	496	1
488	522	1
488	536	1
488	540	1
488	547	1
488	554	1
488	562	1
488	564	1
488	586	1
488	605	1
488	611	1
489	390	1
489	457	1
489	469	1
489	470	1
489	471	1
489	502	1
489	511	1
489	516	1
489	534	1
489	543	1
489	556	1
489	558	1
489	563	1
489	565	1
489	570	1
489	587	1
489	590	1
489	592	1
489	600	1
489	602	1
490	301	1
490	318	1
490	324	1
490	366	1
490	455	1
490	459	1
490	461	1
490	499	1
490	500	1
490	519	1
490	536	1
490	551	1
490	561	1
490	567	1
490	568	1
490	574	1
490	577	1
490	596	1
490	598	1
490	605	1
491	413	1
491	433	1
491	442	1
491	477	1
491	478	1
491	486	1
491	498	1
491	535	1
491	548	1
491	551	1
491	555	1
491	558	1
491	578	1
491	579	1
491	588	1
491	602	1
491	609	1
491	612	1
491	616	1
491	618	1
492	326	1
492	385	1
492	440	1
492	449	1
492	473	1
492	475	1
492	484	1
492	501	1
492	507	1
492	509	1
492	552	1
492	560	1
492	565	1
492	579	1
492	582	1
492	587	1
492	589	1
492	601	1
492	606	1
492	610	1
492	613	1
493	302	1
493	347	1
493	479	1
493	496	1
493	514	1
493	543	1
493	560	1
493	566	1
493	578	1
493	589	1
493	590	1
493	595	1
493	596	1
493	602	1
493	606	1
493	608	1
493	609	1
493	612	1
493	615	1
493	616	1
493	617	1
494	175	1
494	359	1
494	371	1
494	436	1
494	473	1
494	485	1
494	493	1
494	504	1
494	540	1
494	547	1
494	551	1
494	557	1
494	568	1
494	569	1
494	571	1
494	573	1
494	578	1
494	593	1
494	601	1
494	607	1
494	622	1
495	188	1
495	360	1
495	394	1
495	402	1
495	416	1
495	467	1
495	470	1
495	484	1
495	500	1
495	502	1
495	505	1
495	518	1
495	539	1
495	546	1
495	550	1
495	565	1
495	571	1
495	595	1
495	598	1
495	605	1
495	620	1
496	30	1
496	323	1
496	442	1
496	446	1
496	458	1
496	463	1
496	469	1
496	482	1
496	488	1
496	520	1
496	525	1
496	547	1
496	548	1
496	549	1
496	560	1
496	568	1
496	581	1
496	587	1
496	590	1
496	605	1
496	621	1
497	383	1
497	404	1
497	422	1
497	447	1
497	473	1
497	498	1
497	510	1
497	518	1
497	522	1
497	533	1
497	541	1
497	544	1
497	550	1
497	560	1
497	570	1
497	588	1
497	600	1
497	614	1
497	616	1
497	617	1
497	623	1
498	292	1
498	342	1
498	446	1
498	470	1
498	472	1
498	478	1
498	509	1
498	515	1
498	517	1
498	519	1
498	522	1
498	544	1
498	546	1
498	558	1
498	567	1
498	571	1
498	572	1
498	581	1
498	584	1
498	610	1
498	619	1
499	2	1
499	136	1
499	382	1
499	385	1
499	422	1
499	432	1
499	475	1
499	507	1
499	512	1
499	518	1
499	524	1
499	553	1
499	559	1
499	579	1
499	581	1
499	584	1
499	587	1
499	592	1
499	598	1
499	620	1
499	621	1
500	316	1
500	405	1
500	459	1
500	480	1
500	490	1
500	496	1
500	507	1
500	517	1
500	538	1
500	539	1
500	541	1
500	547	1
500	548	1
500	552	1
500	556	1
500	572	1
500	575	1
500	585	1
500	590	1
500	601	1
500	610	1
501	335	1
501	347	1
501	471	1
501	472	1
501	523	1
501	524	1
501	535	1
501	537	1
501	544	1
501	547	1
501	549	1
501	550	1
501	555	1
501	558	1
501	575	1
501	590	1
501	591	1
501	593	1
501	595	1
501	597	1
501	599	1
502	366	1
502	375	1
502	408	1
502	463	1
502	471	1
502	488	1
502	504	1
502	515	1
502	519	1
502	523	1
502	524	1
502	532	1
502	537	1
502	543	1
502	544	1
502	545	1
502	562	1
502	574	1
502	599	1
502	617	1
502	618	1
503	21	1
503	277	1
503	351	1
503	354	1
503	387	1
503	430	1
503	444	1
503	487	1
503	505	1
503	517	1
503	519	1
503	528	1
503	552	1
503	556	1
503	557	1
503	558	1
503	567	1
503	601	1
503	602	1
503	610	1
503	611	1
504	379	1
504	402	1
504	447	1
504	450	1
504	458	1
504	476	1
504	492	1
504	522	1
504	534	1
504	539	1
504	542	1
504	557	1
504	562	1
504	572	1
504	580	1
504	581	1
504	589	1
504	591	1
504	598	1
504	609	1
504	614	1
505	385	1
505	409	1
505	413	1
505	455	1
505	481	1
505	487	1
505	490	1
505	495	1
505	498	1
505	501	1
505	506	1
505	556	1
505	563	1
505	564	1
505	573	1
505	578	1
505	594	1
505	602	1
505	609	1
505	615	1
505	618	1
506	153	1
506	377	1
506	408	1
506	462	1
506	473	1
506	515	1
506	518	1
506	545	1
506	546	1
506	556	1
506	566	1
506	572	1
506	576	1
506	583	1
506	584	1
506	593	1
506	600	1
506	603	1
506	605	1
506	610	1
506	614	1
506	622	1
507	47	1
507	156	1
507	175	1
507	340	1
507	485	1
507	504	1
507	529	1
507	532	1
507	546	1
507	550	1
507	563	1
507	565	1
507	570	1
507	572	1
507	586	1
507	600	1
507	606	1
507	611	1
507	618	1
507	620	1
507	621	1
507	622	1
508	191	1
508	202	1
508	333	1
508	346	1
508	405	1
508	409	1
508	414	1
508	442	1
508	457	1
508	470	1
508	497	1
508	527	1
508	554	1
508	576	1
508	581	1
508	582	1
508	603	1
508	604	1
508	607	1
508	609	1
508	611	1
508	614	1
509	159	1
509	234	1
509	301	1
509	414	1
509	431	1
509	461	1
509	481	1
509	485	1
509	499	1
509	503	1
509	507	1
509	535	1
509	543	1
509	567	1
509	568	1
509	569	1
509	584	1
509	588	1
509	596	1
509	606	1
509	608	1
509	623	1
510	303	1
510	408	1
510	420	1
510	424	1
510	460	1
510	466	1
510	486	1
510	495	1
510	528	1
510	529	1
510	543	1
510	557	1
510	564	1
510	565	1
510	568	1
510	586	1
510	589	1
510	594	1
510	597	1
510	606	1
510	614	1
510	620	1
511	251	1
511	281	1
511	320	1
511	428	1
511	497	1
511	499	1
511	516	1
511	527	1
511	533	1
511	535	1
511	546	1
511	550	1
511	553	1
511	555	1
511	569	1
511	573	1
511	588	1
511	596	1
511	600	1
511	607	1
511	610	1
511	611	1
512	339	1
512	382	1
512	429	1
512	469	1
512	483	1
512	497	1
512	498	1
512	499	1
512	505	1
512	507	1
512	514	1
512	518	1
512	531	1
512	536	1
512	540	1
512	548	1
512	549	1
512	567	1
512	573	1
512	577	1
512	590	1
512	595	1
513	300	1
513	444	1
513	451	1
513	483	1
513	491	1
513	492	1
513	509	1
513	512	1
513	518	1
513	522	1
513	524	1
513	537	1
513	538	1
513	545	1
513	569	1
513	580	1
513	588	1
513	590	1
513	591	1
513	597	1
513	608	1
513	621	1
513	622	1
514	154	1
514	161	1
514	288	1
514	355	1
514	359	1
514	369	1
514	385	1
514	399	1
514	414	1
514	455	1
514	462	1
514	467	1
514	499	1
514	505	1
514	515	1
514	526	1
514	529	1
514	531	1
514	551	1
514	557	1
514	565	1
514	585	1
514	590	1
515	77	1
515	319	1
515	374	1
515	397	1
515	404	1
515	412	1
515	437	1
515	457	1
515	479	1
515	515	1
515	521	1
515	557	1
515	559	1
515	568	1
515	578	1
515	585	1
515	587	1
515	589	1
515	591	1
515	598	1
515	605	1
515	618	1
515	619	1
516	206	1
516	338	1
516	343	1
516	369	1
516	433	1
516	440	1
516	452	1
516	509	1
516	518	1
516	520	1
516	530	1
516	554	1
516	557	1
516	567	1
516	568	1
516	571	1
516	587	1
516	588	1
516	593	1
516	595	1
516	603	1
516	617	1
516	620	1
517	187	1
517	314	1
517	321	1
517	375	1
517	463	1
517	478	1
517	488	1
517	500	1
517	515	1
517	520	1
517	521	1
517	535	1
517	541	1
517	545	1
517	559	1
517	566	1
517	567	1
517	570	1
517	586	1
517	594	1
517	595	1
517	598	1
517	622	1
518	371	1
518	390	1
518	397	1
518	411	1
518	437	1
518	456	1
518	474	1
518	494	1
518	511	1
518	523	1
518	534	1
518	551	1
518	558	1
518	564	1
518	572	1
518	587	1
518	592	1
518	595	1
518	606	1
518	608	1
518	609	1
518	613	1
518	617	1
519	9	1
519	330	1
519	378	1
519	385	1
519	431	1
519	448	1
519	455	1
519	462	1
519	517	1
519	532	1
519	536	1
519	537	1
519	541	1
519	546	1
519	550	1
519	555	1
519	561	1
519	562	1
519	567	1
519	575	1
519	597	1
519	613	1
519	619	1
520	73	1
520	183	1
520	294	1
520	326	1
520	332	1
520	416	1
520	443	1
520	456	1
520	461	1
520	464	1
520	473	1
520	486	1
520	517	1
520	519	1
520	539	1
520	548	1
520	552	1
520	556	1
520	572	1
520	590	1
520	604	1
520	609	1
520	616	1
521	281	1
521	380	1
521	447	1
521	449	1
521	467	1
521	501	1
521	507	1
521	509	1
521	513	1
521	516	1
521	525	1
521	530	1
521	539	1
521	542	1
521	548	1
521	556	1
521	569	1
521	570	1
521	571	1
521	600	1
521	602	1
521	613	1
521	619	1
522	214	1
522	312	1
522	400	1
522	407	1
522	414	1
522	444	1
522	461	1
522	483	1
522	493	1
522	506	1
522	526	1
522	542	1
522	560	1
522	565	1
522	575	1
522	577	1
522	582	1
522	591	1
522	598	1
522	600	1
522	616	1
522	618	1
522	620	1
523	352	1
523	396	1
523	420	1
523	421	1
523	440	1
523	449	1
523	450	1
523	464	1
523	470	1
523	474	1
523	518	1
523	523	1
523	528	1
523	536	1
523	538	1
523	557	1
523	560	1
523	566	1
523	576	1
523	596	1
523	620	1
523	622	1
523	623	1
524	74	1
524	216	1
524	253	1
524	380	1
524	417	1
524	428	1
524	457	1
524	464	1
524	471	1
524	486	1
524	504	1
524	522	1
524	544	1
524	571	1
524	582	1
524	583	1
524	587	1
524	601	1
524	603	1
524	605	1
524	613	1
524	615	1
524	618	1
525	308	1
525	310	1
525	344	1
525	367	1
525	410	1
525	452	1
525	455	1
525	467	1
525	480	1
525	505	1
525	513	1
525	516	1
525	530	1
525	543	1
525	551	1
525	559	1
525	566	1
525	572	1
525	573	1
525	589	1
525	591	1
525	597	1
525	601	1
526	25	1
526	369	1
526	391	1
526	411	1
526	480	1
526	481	1
526	503	1
526	552	1
526	567	1
526	574	1
526	575	1
526	578	1
526	582	1
526	590	1
526	594	1
526	596	1
526	605	1
526	607	1
526	608	1
526	609	1
526	611	1
526	617	1
526	622	1
527	184	1
527	333	1
527	360	1
527	363	1
527	407	1
527	413	1
527	427	1
527	445	1
527	457	1
527	471	1
527	480	1
527	499	1
527	514	1
527	517	1
527	535	1
527	558	1
527	568	1
527	575	1
527	576	1
527	577	1
527	595	1
527	603	1
527	608	1
528	267	1
528	346	1
528	392	1
528	400	1
528	412	1
528	441	1
528	462	1
528	463	1
528	468	1
528	475	1
528	485	1
528	500	1
528	503	1
528	510	1
528	522	1
528	530	1
528	540	1
528	542	1
528	549	1
528	552	1
528	567	1
528	573	1
528	579	1
528	611	1
529	291	1
529	343	1
529	359	1
529	372	1
529	446	1
529	461	1
529	465	1
529	472	1
529	478	1
529	485	1
529	493	1
529	495	1
529	506	1
529	516	1
529	517	1
529	538	1
529	549	1
529	557	1
529	565	1
529	568	1
529	573	1
529	594	1
529	606	1
529	614	1
530	220	1
530	316	1
530	345	1
530	400	1
530	410	1
530	419	1
530	443	1
530	460	1
530	499	1
530	515	1
530	516	1
530	517	1
530	527	1
530	541	1
530	549	1
530	571	1
530	573	1
530	580	1
530	608	1
530	609	1
530	611	1
530	615	1
530	617	1
530	619	1
531	364	1
531	374	1
531	385	1
531	395	1
531	404	1
531	441	1
531	455	1
531	502	1
531	519	1
531	523	1
531	540	1
531	549	1
531	552	1
531	553	1
531	557	1
531	559	1
531	563	1
531	581	1
531	583	1
531	612	1
531	613	1
531	615	1
531	618	1
531	619	1
532	174	1
532	230	1
532	304	1
532	315	1
532	361	1
532	393	1
532	424	1
532	456	1
532	475	1
532	487	1
532	498	1
532	533	1
532	536	1
532	537	1
532	543	1
532	554	1
532	563	1
532	594	1
532	595	1
532	604	1
532	606	1
532	609	1
532	614	1
532	618	1
532	619	1
533	7	1
533	36	1
533	104	1
533	208	1
533	281	1
533	363	1
533	414	1
533	436	1
533	458	1
533	466	1
533	504	1
533	510	1
533	527	1
533	528	1
533	543	1
533	584	1
533	590	1
533	594	1
533	595	1
533	601	1
533	605	1
533	607	1
533	609	1
533	610	1
533	612	1
534	110	1
534	325	1
534	344	1
534	357	1
534	403	1
534	430	1
534	448	1
534	457	1
534	459	1
534	476	1
534	486	1
534	487	1
534	493	1
534	504	1
534	516	1
534	523	1
534	525	1
534	540	1
534	545	1
534	564	1
534	582	1
534	585	1
534	598	1
534	619	1
534	621	1
535	285	1
535	349	1
535	351	1
535	360	1
535	365	1
535	433	1
535	445	1
535	452	1
535	468	1
535	481	1
535	482	1
535	500	1
535	507	1
535	534	1
535	537	1
535	544	1
535	578	1
535	587	1
535	591	1
535	597	1
535	599	1
535	604	1
535	607	1
535	609	1
535	611	1
536	367	1
536	412	1
536	424	1
536	425	1
536	444	1
536	456	1
536	468	1
536	507	1
536	519	1
536	523	1
536	524	1
536	526	1
536	539	1
536	542	1
536	543	1
536	546	1
536	554	1
536	557	1
536	564	1
536	571	1
536	582	1
536	597	1
536	604	1
536	608	1
536	614	1
537	87	1
537	148	1
537	357	1
537	391	1
537	446	1
537	458	1
537	469	1
537	471	1
537	481	1
537	490	1
537	497	1
537	509	1
537	520	1
537	526	1
537	543	1
537	547	1
537	564	1
537	569	1
537	573	1
537	574	1
537	580	1
537	587	1
537	588	1
537	595	1
537	609	1
538	140	1
538	238	1
538	293	1
538	352	1
538	353	1
538	406	1
538	452	1
538	466	1
538	480	1
538	489	1
538	504	1
538	509	1
538	529	1
538	539	1
538	556	1
538	559	1
538	571	1
538	578	1
538	599	1
538	602	1
538	603	1
538	606	1
538	609	1
538	612	1
538	621	1
539	335	1
539	338	1
539	345	1
539	387	1
539	408	1
539	439	1
539	463	1
539	469	1
539	495	1
539	502	1
539	525	1
539	526	1
539	544	1
539	548	1
539	566	1
539	572	1
539	574	1
539	579	1
539	591	1
539	603	1
539	605	1
539	609	1
539	611	1
539	618	1
539	621	1
540	287	1
540	356	1
540	359	1
540	376	1
540	396	1
540	399	1
540	435	1
540	448	1
540	461	1
540	483	1
540	490	1
540	497	1
540	507	1
540	509	1
540	531	1
540	535	1
540	583	1
540	590	1
540	596	1
540	597	1
540	606	1
540	615	1
540	617	1
540	620	1
540	623	1
541	264	1
541	283	1
541	287	1
541	385	1
541	461	1
541	473	1
541	488	1
541	500	1
541	506	1
541	523	1
541	549	1
541	550	1
541	553	1
541	557	1
541	569	1
541	581	1
541	586	1
541	591	1
541	594	1
541	600	1
541	607	1
541	612	1
541	617	1
541	618	1
541	622	1
542	305	1
542	324	1
542	412	1
542	415	1
542	417	1
542	429	1
542	445	1
542	476	1
542	492	1
542	507	1
542	512	1
542	522	1
542	537	1
542	541	1
542	548	1
542	551	1
542	560	1
542	564	1
542	574	1
542	593	1
542	594	1
542	601	1
542	605	1
542	609	1
542	613	1
542	623	1
543	277	1
543	307	1
543	356	1
543	362	1
543	389	1
543	411	1
543	458	1
543	473	1
543	482	1
543	499	1
543	500	1
543	504	1
543	506	1
543	545	1
543	549	1
543	553	1
543	562	1
543	572	1
543	582	1
543	585	1
543	589	1
543	607	1
543	610	1
543	613	1
543	615	1
543	620	1
544	274	1
544	279	1
544	327	1
544	331	1
544	389	1
544	451	1
544	463	1
544	465	1
544	497	1
544	505	1
544	511	1
544	515	1
544	538	1
544	548	1
544	560	1
544	566	1
544	578	1
544	594	1
544	598	1
544	600	1
544	603	1
544	608	1
544	612	1
544	614	1
544	616	1
544	621	1
545	309	1
545	333	1
545	380	1
545	384	1
545	442	1
545	463	1
545	481	1
545	483	1
545	487	1
545	498	1
545	521	1
545	534	1
545	535	1
545	543	1
545	547	1
545	548	1
545	549	1
545	554	1
545	560	1
545	578	1
545	582	1
545	584	1
545	591	1
545	593	1
545	612	1
545	623	1
546	313	1
546	415	1
546	435	1
546	443	1
546	454	1
546	491	1
546	516	1
546	522	1
546	525	1
546	526	1
546	529	1
546	536	1
546	539	1
546	549	1
546	552	1
546	561	1
546	564	1
546	565	1
546	566	1
546	577	1
546	580	1
546	583	1
546	603	1
546	610	1
546	616	1
546	618	1
547	20	1
547	108	1
547	215	1
547	307	1
547	329	1
547	342	1
547	403	1
547	416	1
547	459	1
547	500	1
547	510	1
547	521	1
547	533	1
547	534	1
547	541	1
547	547	1
547	561	1
547	564	1
547	565	1
547	566	1
547	572	1
547	576	1
547	594	1
547	598	1
547	603	1
547	621	1
548	153	1
548	372	1
548	404	1
548	425	1
548	426	1
548	433	1
548	497	1
548	504	1
548	505	1
548	510	1
548	511	1
548	513	1
548	522	1
548	528	1
548	532	1
548	545	1
548	548	1
548	551	1
548	552	1
548	563	1
548	571	1
548	582	1
548	584	1
548	602	1
548	605	1
548	623	1
549	115	1
549	332	1
549	374	1
549	412	1
549	413	1
549	454	1
549	455	1
549	458	1
549	502	1
549	523	1
549	536	1
549	537	1
549	540	1
549	543	1
549	565	1
549	571	1
549	574	1
549	581	1
549	583	1
549	586	1
549	595	1
549	603	1
549	607	1
549	618	1
549	619	1
549	620	1
550	156	1
550	160	1
550	266	1
550	328	1
550	417	1
550	428	1
550	449	1
550	457	1
550	473	1
550	489	1
550	494	1
550	542	1
550	554	1
550	556	1
550	561	1
550	568	1
550	572	1
550	574	1
550	575	1
550	578	1
550	598	1
550	599	1
550	602	1
550	605	1
550	607	1
550	611	1
551	239	1
551	399	1
551	418	1
551	466	1
551	468	1
551	470	1
551	489	1
551	498	1
551	501	1
551	502	1
551	505	1
551	506	1
551	510	1
551	527	1
551	532	1
551	541	1
551	551	1
551	570	1
551	575	1
551	578	1
551	587	1
551	597	1
551	598	1
551	600	1
551	611	1
551	622	1
552	182	1
552	260	1
552	268	1
552	382	1
552	384	1
552	389	1
552	395	1
552	396	1
552	404	1
552	413	1
552	422	1
552	461	1
552	471	1
552	479	1
552	482	1
552	502	1
552	533	1
552	556	1
552	560	1
552	562	1
552	563	1
552	580	1
552	582	1
552	596	1
552	601	1
552	608	1
552	613	1
553	383	1
553	419	1
553	426	1
553	439	1
553	474	1
553	482	1
553	483	1
553	495	1
553	506	1
553	509	1
553	535	1
553	549	1
553	550	1
553	563	1
553	573	1
553	575	1
553	585	1
553	592	1
553	593	1
553	594	1
553	598	1
553	600	1
553	602	1
553	609	1
553	613	1
553	614	1
553	617	1
554	169	1
554	299	1
554	304	1
554	386	1
554	413	1
554	433	1
554	437	1
554	467	1
554	470	1
554	487	1
554	495	1
554	522	1
554	532	1
554	544	1
554	547	1
554	557	1
554	562	1
554	573	1
554	575	1
554	588	1
554	591	1
554	599	1
554	600	1
554	608	1
554	609	1
554	610	1
554	620	1
555	199	1
555	317	1
555	339	1
555	352	1
555	374	1
555	401	1
555	431	1
555	444	1
555	448	1
555	468	1
555	472	1
555	493	1
555	495	1
555	497	1
555	506	1
555	518	1
555	532	1
555	539	1
555	540	1
555	547	1
555	582	1
555	593	1
555	600	1
555	603	1
555	607	1
555	612	1
555	615	1
556	228	1
556	292	1
556	293	1
556	299	1
556	332	1
556	393	1
556	408	1
556	441	1
556	449	1
556	472	1
556	485	1
556	499	1
556	507	1
556	519	1
556	523	1
556	525	1
556	530	1
556	537	1
556	542	1
556	554	1
556	560	1
556	588	1
556	592	1
556	595	1
556	598	1
556	615	1
556	622	1
557	269	1
557	311	1
557	371	1
557	376	1
557	445	1
557	464	1
557	466	1
557	475	1
557	476	1
557	485	1
557	514	1
557	523	1
557	525	1
557	526	1
557	530	1
557	536	1
557	542	1
557	544	1
557	551	1
557	552	1
557	558	1
557	559	1
557	571	1
557	578	1
557	599	1
557	605	1
557	606	1
558	237	1
558	362	1
558	394	1
558	403	1
558	430	1
558	444	1
558	448	1
558	459	1
558	474	1
558	489	1
558	505	1
558	509	1
558	534	1
558	535	1
558	539	1
558	547	1
558	560	1
558	577	1
558	593	1
558	600	1
558	603	1
558	607	1
558	616	1
558	618	1
558	619	1
558	620	1
558	623	1
559	334	1
559	342	1
559	379	1
559	385	1
559	393	1
559	400	1
559	435	1
559	442	1
559	457	1
559	473	1
559	508	1
559	520	1
559	522	1
559	524	1
559	533	1
559	543	1
559	547	1
559	550	1
559	570	1
559	576	1
559	585	1
559	588	1
559	601	1
559	603	1
559	604	1
559	605	1
559	610	1
560	81	1
560	353	1
560	387	1
560	422	1
560	424	1
560	429	1
560	435	1
560	468	1
560	473	1
560	494	1
560	502	1
560	520	1
560	529	1
560	534	1
560	549	1
560	558	1
560	561	1
560	574	1
560	587	1
560	590	1
560	592	1
560	609	1
560	611	1
560	616	1
560	621	1
560	622	1
560	623	1
561	8	1
561	256	1
561	349	1
561	380	1
561	424	1
561	468	1
561	479	1
561	491	1
561	492	1
561	494	1
561	495	1
561	501	1
561	502	1
561	512	1
561	513	1
561	526	1
561	538	1
561	540	1
561	541	1
561	546	1
561	556	1
561	557	1
561	577	1
561	587	1
561	601	1
561	611	1
561	619	1
561	622	1
562	33	1
562	174	1
562	189	1
562	273	1
562	293	1
562	312	1
562	330	1
562	394	1
562	400	1
562	436	1
562	456	1
562	458	1
562	465	1
562	483	1
562	496	1
562	526	1
562	527	1
562	541	1
562	551	1
562	556	1
562	566	1
562	577	1
562	578	1
562	579	1
562	585	1
562	586	1
562	591	1
562	602	1
563	129	1
563	277	1
563	310	1
563	334	1
563	427	1
563	428	1
563	429	1
563	460	1
563	465	1
563	466	1
563	478	1
563	482	1
563	484	1
563	489	1
563	504	1
563	506	1
563	511	1
563	512	1
563	524	1
563	530	1
563	531	1
563	539	1
563	565	1
563	574	1
563	585	1
563	589	1
563	607	1
563	611	1
563	615	1
564	224	1
564	240	1
564	313	1
564	318	1
564	353	1
564	382	1
564	411	1
564	434	1
564	459	1
564	462	1
564	472	1
564	479	1
564	514	1
564	530	1
564	531	1
564	534	1
564	548	1
564	553	1
564	557	1
564	570	1
564	579	1
564	587	1
564	589	1
564	592	1
564	601	1
564	608	1
564	609	1
564	615	1
564	621	1
565	343	1
565	351	1
565	382	1
565	401	1
565	413	1
565	416	1
565	417	1
565	429	1
565	430	1
565	451	1
565	460	1
565	485	1
565	487	1
565	493	1
565	513	1
565	534	1
565	537	1
565	547	1
565	548	1
565	551	1
565	554	1
565	556	1
565	558	1
565	561	1
565	605	1
565	606	1
565	608	1
565	617	1
565	619	1
566	93	1
566	276	1
566	352	1
566	413	1
566	429	1
566	434	1
566	443	1
566	447	1
566	456	1
566	463	1
566	472	1
566	486	1
566	504	1
566	523	1
566	525	1
566	536	1
566	543	1
566	547	1
566	560	1
566	562	1
566	564	1
566	565	1
566	576	1
566	577	1
566	587	1
566	598	1
566	601	1
566	605	1
566	613	1
567	218	1
567	219	1
567	359	1
567	379	1
567	404	1
567	431	1
567	434	1
567	477	1
567	480	1
567	510	1
567	514	1
567	517	1
567	528	1
567	539	1
567	541	1
567	543	1
567	544	1
567	547	1
567	560	1
567	564	1
567	565	1
567	566	1
567	569	1
567	573	1
567	574	1
567	578	1
567	602	1
567	613	1
567	619	1
568	358	1
568	371	1
568	372	1
568	379	1
568	437	1
568	441	1
568	468	1
568	471	1
568	472	1
568	482	1
568	495	1
568	497	1
568	502	1
568	503	1
568	511	1
568	514	1
568	538	1
568	542	1
568	543	1
568	557	1
568	559	1
568	563	1
568	568	1
568	584	1
568	602	1
568	603	1
568	604	1
568	615	1
568	619	1
569	318	1
569	340	1
569	405	1
569	416	1
569	422	1
569	426	1
569	460	1
569	484	1
569	528	1
569	553	1
569	557	1
569	562	1
569	569	1
569	572	1
569	574	1
569	580	1
569	582	1
569	590	1
569	591	1
569	594	1
569	596	1
569	602	1
569	604	1
569	605	1
569	610	1
569	611	1
569	613	1
569	614	1
569	623	1
570	312	1
570	410	1
570	412	1
570	455	1
570	460	1
570	465	1
570	470	1
570	474	1
570	483	1
570	500	1
570	501	1
570	513	1
570	522	1
570	523	1
570	524	1
570	526	1
570	531	1
570	532	1
570	559	1
570	561	1
570	562	1
570	570	1
570	581	1
570	588	1
570	589	1
570	599	1
570	617	1
570	618	1
570	621	1
571	113	1
571	178	1
571	347	1
571	433	1
571	438	1
571	448	1
571	450	1
571	463	1
571	486	1
571	494	1
571	498	1
571	502	1
571	507	1
571	515	1
571	530	1
571	532	1
571	538	1
571	539	1
571	558	1
571	560	1
571	563	1
571	565	1
571	575	1
571	578	1
571	582	1
571	589	1
571	592	1
571	594	1
571	610	1
572	249	1
572	330	1
572	380	1
572	429	1
572	446	1
572	451	1
572	452	1
572	464	1
572	508	1
572	509	1
572	513	1
572	521	1
572	528	1
572	535	1
572	537	1
572	539	1
572	544	1
572	547	1
572	552	1
572	568	1
572	575	1
572	582	1
572	590	1
572	591	1
572	593	1
572	595	1
572	603	1
572	614	1
572	621	1
573	69	1
573	293	1
573	316	1
573	369	1
573	408	1
573	456	1
573	463	1
573	471	1
573	483	1
573	493	1
573	497	1
573	515	1
573	518	1
573	520	1
573	528	1
573	536	1
573	545	1
573	549	1
573	554	1
573	558	1
573	568	1
573	570	1
573	580	1
573	584	1
573	585	1
573	587	1
573	589	1
573	596	1
573	609	1
573	617	1
574	255	1
574	279	1
574	341	1
574	355	1
574	372	1
574	380	1
574	399	1
574	419	1
574	421	1
574	453	1
574	469	1
574	476	1
574	489	1
574	497	1
574	510	1
574	517	1
574	524	1
574	540	1
574	546	1
574	567	1
574	568	1
574	571	1
574	586	1
574	592	1
574	593	1
574	606	1
574	607	1
574	614	1
574	619	1
574	620	1
575	317	1
575	322	1
575	330	1
575	357	1
575	390	1
575	391	1
575	405	1
575	429	1
575	432	1
575	452	1
575	468	1
575	474	1
575	496	1
575	498	1
575	508	1
575	522	1
575	548	1
575	564	1
575	570	1
575	571	1
575	576	1
575	577	1
575	588	1
575	589	1
575	594	1
575	597	1
575	598	1
575	610	1
575	613	1
575	622	1
576	26	1
576	48	1
576	200	1
576	212	1
576	273	1
576	285	1
576	306	1
576	358	1
576	374	1
576	375	1
576	458	1
576	463	1
576	476	1
576	499	1
576	525	1
576	546	1
576	548	1
576	559	1
576	561	1
576	567	1
576	576	1
576	579	1
576	582	1
576	583	1
576	585	1
576	594	1
576	595	1
576	605	1
576	609	1
576	623	1
577	264	1
577	308	1
577	348	1
577	349	1
577	405	1
577	419	1
577	425	1
577	428	1
577	441	1
577	449	1
577	465	1
577	479	1
577	489	1
577	506	1
577	515	1
577	516	1
577	524	1
577	525	1
577	533	1
577	541	1
577	543	1
577	547	1
577	554	1
577	569	1
577	570	1
577	582	1
577	589	1
577	604	1
577	605	1
577	616	1
578	192	1
578	288	1
578	315	1
578	432	1
578	434	1
578	460	1
578	473	1
578	489	1
578	504	1
578	509	1
578	510	1
578	517	1
578	536	1
578	553	1
578	560	1
578	562	1
578	570	1
578	574	1
578	580	1
578	581	1
578	587	1
578	592	1
578	595	1
578	596	1
578	599	1
578	600	1
578	602	1
578	606	1
578	609	1
578	619	1
579	145	1
579	288	1
579	310	1
579	369	1
579	380	1
579	443	1
579	453	1
579	455	1
579	462	1
579	471	1
579	477	1
579	478	1
579	480	1
579	501	1
579	514	1
579	536	1
579	546	1
579	557	1
579	570	1
579	579	1
579	584	1
579	586	1
579	587	1
579	594	1
579	611	1
579	614	1
579	616	1
579	618	1
579	620	1
579	621	1
580	139	1
580	268	1
580	338	1
580	349	1
580	356	1
580	390	1
580	405	1
580	419	1
580	440	1
580	451	1
580	476	1
580	478	1
580	480	1
580	499	1
580	520	1
580	521	1
580	527	1
580	547	1
580	549	1
580	550	1
580	555	1
580	558	1
580	567	1
580	569	1
580	575	1
580	584	1
580	602	1
580	614	1
580	616	1
580	619	1
581	5	1
581	73	1
581	393	1
581	406	1
581	429	1
581	443	1
581	446	1
581	450	1
581	466	1
581	470	1
581	479	1
581	497	1
581	513	1
581	514	1
581	525	1
581	535	1
581	544	1
581	548	1
581	551	1
581	555	1
581	557	1
581	590	1
581	594	1
581	595	1
581	605	1
581	606	1
581	611	1
581	612	1
581	615	1
581	617	1
582	367	1
582	368	1
582	382	1
582	404	1
582	424	1
582	436	1
582	438	1
582	465	1
582	479	1
582	489	1
582	492	1
582	493	1
582	500	1
582	502	1
582	509	1
582	512	1
582	521	1
582	532	1
582	533	1
582	537	1
582	561	1
582	562	1
582	571	1
582	576	1
582	577	1
582	578	1
582	590	1
582	593	1
582	600	1
582	608	1
582	619	1
583	257	1
583	279	1
583	334	1
583	363	1
583	373	1
583	429	1
583	445	1
583	451	1
583	457	1
583	464	1
583	470	1
583	488	1
583	489	1
583	495	1
583	514	1
583	519	1
583	530	1
583	545	1
583	557	1
583	562	1
583	566	1
583	568	1
583	579	1
583	585	1
583	587	1
583	591	1
583	593	1
583	594	1
583	606	1
583	612	1
583	616	1
584	128	1
584	376	1
584	408	1
584	412	1
584	415	1
584	448	1
584	477	1
584	479	1
584	492	1
584	513	1
584	516	1
584	519	1
584	520	1
584	522	1
584	529	1
584	530	1
584	531	1
584	545	1
584	550	1
584	551	1
584	553	1
584	563	1
584	567	1
584	576	1
584	578	1
584	582	1
584	588	1
584	592	1
584	600	1
584	611	1
584	616	1
585	288	1
585	327	1
585	337	1
585	400	1
585	415	1
585	439	1
585	453	1
585	458	1
585	462	1
585	473	1
585	477	1
585	490	1
585	491	1
585	499	1
585	500	1
585	509	1
585	520	1
585	524	1
585	526	1
585	544	1
585	557	1
585	571	1
585	581	1
585	582	1
585	583	1
585	586	1
585	602	1
585	608	1
585	616	1
585	620	1
585	623	1
586	47	1
586	79	1
586	255	1
586	317	1
586	318	1
586	352	1
586	378	1
586	384	1
586	402	1
586	413	1
586	415	1
586	425	1
586	472	1
586	481	1
586	492	1
586	517	1
586	520	1
586	527	1
586	531	1
586	549	1
586	555	1
586	561	1
586	571	1
586	585	1
586	591	1
586	595	1
586	597	1
586	604	1
586	607	1
586	622	1
586	623	1
587	312	1
587	344	1
587	375	1
587	377	1
587	401	1
587	408	1
587	430	1
587	449	1
587	479	1
587	494	1
587	496	1
587	502	1
587	510	1
587	515	1
587	526	1
587	532	1
587	534	1
587	537	1
587	547	1
587	558	1
587	561	1
587	562	1
587	563	1
587	565	1
587	589	1
587	592	1
587	593	1
587	602	1
587	608	1
587	611	1
587	616	1
588	15	1
588	222	1
588	257	1
588	324	1
588	349	1
588	386	1
588	396	1
588	427	1
588	434	1
588	435	1
588	465	1
588	471	1
588	496	1
588	503	1
588	521	1
588	532	1
588	535	1
588	540	1
588	544	1
588	546	1
588	556	1
588	560	1
588	561	1
588	572	1
588	577	1
588	582	1
588	589	1
588	590	1
588	605	1
588	618	1
588	619	1
589	274	1
589	302	1
589	330	1
589	333	1
589	377	1
589	386	1
589	431	1
589	439	1
589	460	1
589	466	1
589	482	1
589	487	1
589	488	1
589	501	1
589	502	1
589	513	1
589	518	1
589	526	1
589	528	1
589	537	1
589	566	1
589	576	1
589	577	1
589	580	1
589	586	1
589	587	1
589	598	1
589	618	1
589	619	1
589	622	1
589	623	1
590	315	1
590	338	1
590	389	1
590	426	1
590	439	1
590	446	1
590	449	1
590	465	1
590	467	1
590	470	1
590	471	1
590	472	1
590	481	1
590	499	1
590	507	1
590	513	1
590	514	1
590	517	1
590	518	1
590	541	1
590	542	1
590	548	1
590	560	1
590	561	1
590	585	1
590	591	1
590	596	1
590	604	1
590	607	1
590	611	1
590	619	1
591	270	1
591	305	1
591	359	1
591	366	1
591	381	1
591	403	1
591	429	1
591	437	1
591	438	1
591	453	1
591	463	1
591	480	1
591	481	1
591	489	1
591	501	1
591	517	1
591	527	1
591	537	1
591	539	1
591	555	1
591	557	1
591	561	1
591	565	1
591	574	1
591	575	1
591	581	1
591	583	1
591	588	1
591	609	1
591	615	1
591	618	1
591	621	1
592	229	1
592	365	1
592	420	1
592	421	1
592	448	1
592	454	1
592	468	1
592	470	1
592	482	1
592	504	1
592	506	1
592	508	1
592	509	1
592	523	1
592	525	1
592	530	1
592	540	1
592	542	1
592	553	1
592	555	1
592	560	1
592	561	1
592	566	1
592	568	1
592	577	1
592	586	1
592	587	1
592	614	1
592	615	1
592	617	1
592	618	1
592	620	1
593	75	1
593	223	1
593	258	1
593	376	1
593	401	1
593	407	1
593	414	1
593	415	1
593	418	1
593	449	1
593	472	1
593	482	1
593	498	1
593	499	1
593	505	1
593	512	1
593	518	1
593	530	1
593	534	1
593	548	1
593	550	1
593	554	1
593	562	1
593	565	1
593	579	1
593	583	1
593	588	1
593	590	1
593	604	1
593	613	1
593	614	1
593	623	1
594	127	1
594	177	1
594	236	1
594	335	1
594	336	1
594	411	1
594	434	1
594	448	1
594	454	1
594	469	1
594	482	1
594	497	1
594	498	1
594	508	1
594	509	1
594	558	1
594	570	1
594	576	1
594	578	1
594	586	1
594	588	1
594	589	1
594	591	1
594	595	1
594	596	1
594	601	1
594	602	1
594	603	1
594	610	1
594	616	1
594	618	1
594	623	1
595	53	1
595	185	1
595	220	1
595	273	1
595	293	1
595	355	1
595	369	1
595	385	1
595	425	1
595	439	1
595	446	1
595	455	1
595	464	1
595	476	1
595	482	1
595	488	1
595	494	1
595	498	1
595	501	1
595	509	1
595	517	1
595	525	1
595	526	1
595	528	1
595	529	1
595	536	1
595	549	1
595	565	1
595	580	1
595	587	1
595	597	1
595	610	1
596	143	1
596	258	1
596	298	1
596	352	1
596	366	1
596	404	1
596	415	1
596	418	1
596	431	1
596	442	1
596	459	1
596	468	1
596	471	1
596	490	1
596	493	1
596	495	1
596	496	1
596	497	1
596	502	1
596	506	1
596	529	1
596	549	1
596	550	1
596	575	1
596	591	1
596	599	1
596	609	1
596	610	1
596	611	1
596	615	1
596	620	1
596	622	1
597	37	1
597	349	1
597	352	1
597	412	1
597	415	1
597	420	1
597	448	1
597	483	1
597	485	1
597	492	1
597	500	1
597	502	1
597	503	1
597	510	1
597	521	1
597	535	1
597	537	1
597	540	1
597	547	1
597	549	1
597	552	1
597	554	1
597	556	1
597	562	1
597	572	1
597	576	1
597	584	1
597	592	1
597	603	1
597	608	1
597	611	1
597	618	1
598	245	1
598	284	1
598	360	1
598	367	1
598	413	1
598	418	1
598	424	1
598	444	1
598	461	1
598	470	1
598	486	1
598	499	1
598	503	1
598	512	1
598	519	1
598	522	1
598	525	1
598	528	1
598	542	1
598	549	1
598	559	1
598	564	1
598	565	1
598	575	1
598	584	1
598	591	1
598	594	1
598	603	1
598	612	1
598	613	1
598	615	1
598	617	1
599	222	1
599	331	1
599	394	1
599	419	1
599	429	1
599	447	1
599	450	1
599	458	1
599	462	1
599	464	1
599	467	1
599	471	1
599	488	1
599	495	1
599	500	1
599	501	1
599	502	1
599	510	1
599	522	1
599	533	1
599	543	1
599	550	1
599	551	1
599	564	1
599	596	1
599	601	1
599	602	1
599	604	1
599	605	1
599	610	1
599	615	1
599	623	1
600	61	1
600	263	1
600	374	1
600	387	1
600	405	1
600	410	1
600	438	1
600	452	1
600	457	1
600	468	1
600	473	1
600	481	1
600	490	1
600	496	1
600	502	1
600	512	1
600	521	1
600	524	1
600	532	1
600	533	1
600	537	1
600	544	1
600	573	1
600	575	1
600	576	1
600	582	1
600	584	1
600	594	1
600	597	1
600	599	1
600	614	1
600	621	1
601	105	1
601	205	1
601	291	1
601	353	1
601	400	1
601	415	1
601	426	1
601	433	1
601	454	1
601	469	1
601	478	1
601	481	1
601	487	1
601	502	1
601	504	1
601	517	1
601	525	1
601	540	1
601	553	1
601	564	1
601	567	1
601	581	1
601	595	1
601	597	1
601	598	1
601	599	1
601	602	1
601	604	1
601	605	1
601	609	1
601	616	1
601	623	1
602	38	1
602	234	1
602	316	1
602	333	1
602	339	1
602	395	1
602	400	1
602	401	1
602	408	1
602	445	1
602	448	1
602	457	1
602	460	1
602	470	1
602	492	1
602	509	1
602	512	1
602	516	1
602	525	1
602	537	1
602	544	1
602	547	1
602	559	1
602	561	1
602	564	1
602	599	1
602	607	1
602	608	1
602	614	1
602	616	1
602	617	1
602	619	1
603	364	1
603	402	1
603	409	1
603	433	1
603	436	1
603	447	1
603	450	1
603	472	1
603	474	1
603	476	1
603	483	1
603	496	1
603	507	1
603	512	1
603	518	1
603	519	1
603	534	1
603	535	1
603	537	1
603	540	1
603	545	1
603	553	1
603	560	1
603	564	1
603	565	1
603	577	1
603	589	1
603	590	1
603	604	1
603	614	1
603	618	1
603	621	1
603	623	1
604	296	1
604	332	1
604	388	1
604	398	1
604	400	1
604	408	1
604	414	1
604	456	1
604	489	1
604	501	1
604	508	1
604	512	1
604	521	1
604	522	1
604	531	1
604	533	1
604	548	1
604	549	1
604	553	1
604	554	1
604	556	1
604	558	1
604	563	1
604	575	1
604	580	1
604	585	1
604	588	1
604	602	1
604	607	1
604	608	1
604	618	1
604	619	1
604	621	1
605	334	1
605	336	1
605	343	1
605	360	1
605	383	1
605	424	1
605	432	1
605	435	1
605	445	1
605	449	1
605	465	1
605	484	1
605	489	1
605	507	1
605	514	1
605	522	1
605	526	1
605	537	1
605	569	1
605	582	1
605	583	1
605	586	1
605	592	1
605	595	1
605	600	1
605	612	1
605	613	1
605	614	1
605	616	1
605	617	1
605	619	1
605	621	1
605	623	1
606	262	1
606	319	1
606	338	1
606	358	1
606	417	1
606	429	1
606	449	1
606	464	1
606	471	1
606	473	1
606	475	1
606	476	1
606	485	1
606	487	1
606	508	1
606	512	1
606	514	1
606	515	1
606	518	1
606	525	1
606	530	1
606	537	1
606	538	1
606	541	1
606	571	1
606	579	1
606	583	1
606	590	1
606	596	1
606	608	1
606	609	1
606	619	1
606	620	1
607	10	1
607	66	1
607	134	1
607	264	1
607	317	1
607	320	1
607	330	1
607	366	1
607	404	1
607	417	1
607	435	1
607	437	1
607	453	1
607	475	1
607	479	1
607	485	1
607	493	1
607	494	1
607	498	1
607	514	1
607	522	1
607	524	1
607	538	1
607	551	1
607	562	1
607	567	1
607	570	1
607	574	1
607	586	1
607	592	1
607	601	1
607	614	1
607	617	1
608	149	1
608	152	1
608	245	1
608	264	1
608	304	1
608	355	1
608	371	1
608	397	1
608	421	1
608	449	1
608	457	1
608	470	1
608	476	1
608	481	1
608	499	1
608	507	1
608	510	1
608	516	1
608	520	1
608	529	1
608	544	1
608	545	1
608	548	1
608	579	1
608	589	1
608	590	1
608	591	1
608	595	1
608	603	1
608	609	1
608	614	1
608	616	1
608	617	1
608	619	1
609	79	1
609	203	1
609	287	1
609	303	1
609	412	1
609	425	1
609	444	1
609	453	1
609	455	1
609	460	1
609	484	1
609	492	1
609	499	1
609	500	1
609	518	1
609	520	1
609	522	1
609	526	1
609	544	1
609	547	1
609	556	1
609	559	1
609	564	1
609	569	1
609	580	1
609	581	1
609	583	1
609	591	1
609	593	1
609	594	1
609	595	1
609	598	1
609	599	1
609	615	1
610	221	1
610	260	1
610	278	1
610	327	1
610	330	1
610	347	1
610	376	1
610	397	1
610	419	1
610	420	1
610	423	1
610	426	1
610	433	1
610	447	1
610	449	1
610	471	1
610	475	1
610	478	1
610	486	1
610	515	1
610	518	1
610	519	1
610	523	1
610	527	1
610	541	1
610	560	1
610	571	1
610	573	1
610	588	1
610	592	1
610	595	1
610	599	1
610	600	1
610	606	1
610	616	1
611	112	1
611	249	1
611	267	1
611	274	1
611	308	1
611	425	1
611	439	1
611	444	1
611	448	1
611	451	1
611	452	1
611	478	1
611	481	1
611	482	1
611	495	1
611	499	1
611	505	1
611	506	1
611	507	1
611	509	1
611	567	1
611	573	1
611	575	1
611	577	1
611	581	1
611	582	1
611	586	1
611	591	1
611	598	1
611	600	1
611	613	1
611	614	1
611	615	1
611	621	1
611	622	1
612	214	1
612	223	1
612	303	1
612	333	1
612	362	1
612	369	1
612	388	1
612	410	1
612	419	1
612	433	1
612	435	1
612	444	1
612	458	1
612	463	1
612	464	1
612	473	1
612	476	1
612	482	1
612	495	1
612	502	1
612	515	1
612	520	1
612	521	1
612	522	1
612	524	1
612	533	1
612	542	1
612	546	1
612	576	1
612	588	1
612	589	1
612	594	1
612	600	1
612	605	1
612	607	1
612	611	1
613	178	1
613	306	1
613	353	1
613	363	1
613	371	1
613	386	1
613	432	1
613	461	1
613	462	1
613	463	1
613	473	1
613	482	1
613	484	1
613	491	1
613	492	1
613	498	1
613	506	1
613	513	1
613	522	1
613	530	1
613	531	1
613	534	1
613	539	1
613	540	1
613	541	1
613	558	1
613	578	1
613	580	1
613	588	1
613	593	1
613	594	1
613	595	1
613	617	1
613	620	1
613	622	1
613	623	1
614	60	1
614	73	1
614	76	1
614	131	1
614	206	1
614	249	1
614	324	1
614	335	1
614	338	1
614	423	1
614	442	1
614	453	1
614	463	1
614	472	1
614	478	1
614	484	1
614	511	1
614	513	1
614	518	1
614	524	1
614	534	1
614	536	1
614	543	1
614	544	1
614	553	1
614	554	1
614	563	1
614	566	1
614	572	1
614	576	1
614	590	1
614	592	1
614	596	1
614	598	1
614	601	1
614	621	1
615	95	1
615	259	1
615	284	1
615	380	1
615	383	1
615	404	1
615	405	1
615	408	1
615	429	1
615	441	1
615	453	1
615	461	1
615	467	1
615	478	1
615	494	1
615	496	1
615	498	1
615	503	1
615	508	1
615	535	1
615	540	1
615	542	1
615	544	1
615	547	1
615	549	1
615	561	1
615	571	1
615	575	1
615	581	1
615	594	1
615	600	1
615	601	1
615	608	1
615	613	1
615	617	1
615	618	1
616	164	1
616	314	1
616	344	1
616	353	1
616	368	1
616	392	1
616	430	1
616	435	1
616	437	1
616	445	1
616	449	1
616	451	1
616	467	1
616	470	1
616	474	1
616	483	1
616	523	1
616	528	1
616	529	1
616	530	1
616	531	1
616	549	1
616	555	1
616	561	1
616	565	1
616	568	1
616	569	1
616	570	1
616	574	1
616	578	1
616	579	1
616	586	1
616	589	1
616	602	1
616	614	1
616	620	1
617	245	1
617	369	1
617	371	1
617	415	1
617	427	1
617	436	1
617	446	1
617	449	1
617	458	1
617	459	1
617	462	1
617	464	1
617	476	1
617	494	1
617	495	1
617	513	1
617	517	1
617	522	1
617	523	1
617	524	1
617	525	1
617	529	1
617	536	1
617	546	1
617	550	1
617	565	1
617	577	1
617	584	1
617	586	1
617	588	1
617	590	1
617	592	1
617	603	1
617	604	1
617	605	1
617	608	1
618	203	1
618	227	1
618	324	1
618	328	1
618	391	1
618	406	1
618	424	1
618	445	1
618	450	1
618	455	1
618	458	1
618	459	1
618	484	1
618	489	1
618	494	1
618	497	1
618	501	1
618	506	1
618	508	1
618	524	1
618	530	1
618	539	1
618	546	1
618	566	1
618	576	1
618	579	1
618	580	1
618	583	1
618	591	1
618	593	1
618	605	1
618	606	1
618	609	1
618	611	1
618	616	1
618	619	1
618	621	1
619	210	1
619	305	1
619	333	1
619	426	1
619	451	1
619	463	1
619	470	1
619	480	1
619	492	1
619	504	1
619	508	1
619	511	1
619	517	1
619	518	1
619	520	1
619	524	1
619	540	1
619	545	1
619	552	1
619	554	1
619	556	1
619	566	1
619	567	1
619	580	1
619	587	1
619	593	1
619	596	1
619	599	1
619	601	1
619	602	1
619	603	1
619	604	1
619	605	1
619	607	1
619	608	1
619	616	1
619	618	1
620	177	1
620	181	1
620	195	1
620	249	1
620	383	1
620	404	1
620	418	1
620	433	1
620	435	1
620	436	1
620	468	1
620	471	1
620	478	1
620	487	1
620	488	1
620	492	1
620	501	1
620	507	1
620	508	1
620	520	1
620	524	1
620	536	1
620	547	1
620	550	1
620	551	1
620	564	1
620	573	1
620	577	1
620	594	1
620	597	1
620	601	1
620	603	1
620	609	1
620	614	1
620	616	1
620	617	1
620	621	1
621	304	1
621	309	1
621	310	1
621	318	1
621	345	1
621	364	1
621	381	1
621	418	1
621	425	1
621	447	1
621	475	1
621	500	1
621	504	1
621	511	1
621	517	1
621	520	1
621	521	1
621	527	1
621	528	1
621	536	1
621	548	1
621	549	1
621	553	1
621	561	1
621	566	1
621	570	1
621	573	1
621	574	1
621	576	1
621	589	1
621	591	1
621	593	1
621	596	1
621	600	1
621	602	1
621	604	1
621	609	1
622	29	1
622	263	1
622	324	1
622	328	1
622	332	1
622	347	1
622	375	1
622	442	1
622	456	1
622	489	1
622	491	1
622	495	1
622	496	1
622	499	1
622	516	1
622	522	1
622	525	1
622	532	1
622	539	1
622	540	1
622	548	1
622	555	1
622	565	1
622	586	1
622	588	1
622	592	1
622	593	1
622	599	1
622	600	1
622	605	1
622	608	1
622	610	1
622	612	1
622	613	1
622	617	1
622	620	1
622	622	1
623	201	1
623	307	1
623	330	1
623	354	1
623	372	1
623	387	1
623	420	1
623	426	1
623	436	1
623	441	1
623	451	1
623	460	1
623	479	1
623	481	1
623	483	1
623	500	1
623	503	1
623	513	1
623	520	1
623	524	1
623	527	1
623	544	1
623	545	1
623	550	1
623	555	1
623	557	1
623	563	1
623	564	1
623	573	1
623	577	1
623	579	1
623	591	1
623	594	1
623	596	1
623	603	1
623	604	1
623	610	1
624	217	1
624	272	1
624	346	1
624	366	1
624	388	1
624	396	1
624	400	1
624	408	1
624	439	1
624	443	1
624	450	1
624	460	1
624	466	1
624	505	1
624	508	1
624	526	1
624	535	1
624	536	1
624	537	1
624	545	1
624	550	1
624	562	1
624	563	1
624	565	1
624	567	1
624	568	1
624	571	1
624	576	1
624	581	1
624	586	1
624	591	1
624	592	1
624	596	1
624	607	1
624	613	1
624	617	1
624	618	1
625	151	1
625	318	1
625	324	1
625	356	1
625	373	1
625	408	1
625	412	1
625	455	1
625	460	1
625	466	1
625	470	1
625	484	1
625	490	1
625	500	1
625	504	1
625	515	1
625	521	1
625	529	1
625	546	1
625	552	1
625	555	1
625	558	1
625	562	1
625	567	1
625	584	1
625	585	1
625	597	1
625	603	1
625	604	1
625	605	1
625	607	1
625	616	1
625	618	1
625	619	1
625	620	1
625	621	1
625	623	1
626	22	1
626	310	1
626	313	1
626	345	1
626	369	1
626	390	1
626	392	1
626	398	1
626	418	1
626	431	1
626	436	1
626	447	1
626	448	1
626	450	1
626	469	1
626	477	1
626	497	1
626	505	1
626	506	1
626	508	1
626	512	1
626	519	1
626	527	1
626	530	1
626	539	1
626	560	1
626	562	1
626	564	1
626	565	1
626	567	1
626	569	1
626	578	1
626	585	1
626	595	1
626	611	1
626	612	1
626	620	1
627	254	1
627	263	1
627	299	1
627	332	1
627	334	1
627	352	1
627	359	1
627	405	1
627	434	1
627	452	1
627	454	1
627	459	1
627	489	1
627	491	1
627	500	1
627	528	1
627	535	1
627	540	1
627	542	1
627	546	1
627	552	1
627	553	1
627	555	1
627	560	1
627	567	1
627	569	1
627	571	1
627	575	1
627	581	1
627	582	1
627	587	1
627	593	1
627	603	1
627	606	1
627	608	1
627	618	1
627	620	1
627	623	1
628	160	1
628	331	1
628	369	1
628	407	1
628	430	1
628	453	1
628	454	1
628	461	1
628	464	1
628	485	1
628	500	1
628	501	1
628	515	1
628	517	1
628	519	1
628	526	1
628	530	1
628	539	1
628	543	1
628	547	1
628	550	1
628	557	1
628	561	1
628	570	1
628	572	1
628	579	1
628	581	1
628	586	1
628	591	1
628	595	1
628	596	1
628	597	1
628	599	1
628	601	1
628	607	1
628	615	1
628	619	1
628	620	1
629	51	1
629	309	1
629	314	1
629	340	1
629	375	1
629	380	1
629	386	1
629	389	1
629	408	1
629	417	1
629	444	1
629	449	1
629	460	1
629	471	1
629	474	1
629	476	1
629	484	1
629	486	1
629	487	1
629	488	1
629	517	1
629	520	1
629	525	1
629	531	1
629	547	1
629	554	1
629	556	1
629	559	1
629	579	1
629	592	1
629	594	1
629	604	1
629	609	1
629	613	1
629	614	1
629	615	1
629	616	1
629	618	1
629	621	1
630	235	1
630	372	1
630	386	1
630	389	1
630	398	1
630	402	1
630	409	1
630	442	1
630	495	1
630	496	1
630	498	1
630	510	1
630	511	1
630	517	1
630	518	1
630	523	1
630	530	1
630	532	1
630	533	1
630	537	1
630	538	1
630	540	1
630	544	1
630	550	1
630	554	1
630	555	1
630	561	1
630	562	1
630	565	1
630	570	1
630	571	1
630	572	1
630	577	1
630	579	1
630	580	1
630	585	1
630	600	1
630	613	1
630	618	1
630	620	1
631	120	1
631	249	1
631	306	1
631	372	1
631	379	1
631	382	1
631	384	1
631	394	1
631	414	1
631	420	1
631	434	1
631	452	1
631	461	1
631	469	1
631	476	1
631	482	1
631	484	1
631	511	1
631	521	1
631	523	1
631	527	1
631	529	1
631	530	1
631	532	1
631	541	1
631	544	1
631	557	1
631	560	1
631	563	1
631	566	1
631	569	1
631	570	1
631	575	1
631	591	1
631	593	1
631	597	1
631	608	1
631	611	1
631	616	1
631	623	1
632	229	1
632	265	1
632	412	1
632	431	1
632	433	1
632	441	1
632	446	1
632	447	1
632	458	1
632	460	1
632	461	1
632	472	1
632	473	1
632	475	1
632	485	1
632	505	1
632	506	1
632	513	1
632	530	1
632	533	1
632	551	1
632	554	1
632	555	1
632	558	1
632	561	1
632	562	1
632	566	1
632	579	1
632	580	1
632	586	1
632	587	1
632	588	1
632	591	1
632	595	1
632	596	1
632	605	1
632	611	1
632	614	1
632	617	1
632	623	1
633	57	1
633	226	1
633	256	1
633	311	1
633	317	1
633	347	1
633	356	1
633	360	1
633	439	1
633	441	1
633	482	1
633	488	1
633	493	1
633	496	1
633	500	1
633	509	1
633	515	1
633	527	1
633	536	1
633	537	1
633	543	1
633	546	1
633	550	1
633	554	1
633	559	1
633	567	1
633	571	1
633	573	1
633	579	1
633	583	1
633	587	1
633	590	1
633	594	1
633	600	1
633	604	1
633	609	1
633	610	1
633	614	1
633	618	1
633	619	1
633	620	1
634	72	1
634	247	1
634	290	1
634	311	1
634	322	1
634	338	1
634	387	1
634	426	1
634	428	1
634	432	1
634	437	1
634	439	1
634	449	1
634	452	1
634	456	1
634	461	1
634	476	1
634	497	1
634	499	1
634	506	1
634	513	1
634	519	1
634	529	1
634	532	1
634	535	1
634	539	1
634	542	1
634	548	1
634	567	1
634	569	1
634	571	1
634	578	1
634	580	1
634	593	1
634	596	1
634	597	1
634	606	1
634	610	1
634	614	1
634	616	1
634	618	1
635	121	1
635	203	1
635	292	1
635	295	1
635	300	1
635	305	1
635	308	1
635	356	1
635	420	1
635	450	1
635	460	1
635	482	1
635	483	1
635	489	1
635	491	1
635	492	1
635	501	1
635	517	1
635	531	1
635	537	1
635	538	1
635	542	1
635	548	1
635	553	1
635	557	1
635	573	1
635	574	1
635	583	1
635	586	1
635	587	1
635	589	1
635	594	1
635	598	1
635	602	1
635	603	1
635	604	1
635	606	1
635	608	1
635	611	1
635	616	1
635	617	1
636	346	1
636	370	1
636	385	1
636	392	1
636	404	1
636	407	1
636	416	1
636	436	1
636	445	1
636	456	1
636	462	1
636	464	1
636	498	1
636	503	1
636	508	1
636	511	1
636	528	1
636	530	1
636	531	1
636	533	1
636	536	1
636	549	1
636	552	1
636	557	1
636	558	1
636	561	1
636	565	1
636	566	1
636	569	1
636	579	1
636	583	1
636	585	1
636	590	1
636	591	1
636	594	1
636	595	1
636	600	1
636	602	1
636	606	1
636	608	1
636	617	1
637	367	1
637	369	1
637	376	1
637	406	1
637	415	1
637	426	1
637	428	1
637	441	1
637	448	1
637	460	1
637	463	1
637	466	1
637	471	1
637	477	1
637	480	1
637	487	1
637	502	1
637	515	1
637	521	1
637	523	1
637	529	1
637	531	1
637	537	1
637	546	1
637	552	1
637	560	1
637	568	1
637	571	1
637	573	1
637	575	1
637	579	1
637	582	1
637	584	1
637	585	1
637	586	1
637	598	1
637	611	1
637	615	1
637	618	1
637	620	1
637	623	1
638	22	1
638	175	1
638	286	1
638	312	1
638	313	1
638	319	1
638	336	1
638	363	1
638	364	1
638	370	1
638	407	1
638	414	1
638	427	1
638	469	1
638	475	1
638	476	1
638	477	1
638	492	1
638	497	1
638	506	1
638	507	1
638	512	1
638	516	1
638	519	1
638	521	1
638	537	1
638	545	1
638	549	1
638	550	1
638	553	1
638	561	1
638	597	1
638	599	1
638	600	1
638	602	1
638	603	1
638	610	1
638	619	1
638	621	1
638	622	1
638	623	1
639	40	1
639	204	1
639	331	1
639	379	1
639	405	1
639	428	1
639	446	1
639	453	1
639	461	1
639	467	1
639	473	1
639	475	1
639	498	1
639	515	1
639	523	1
639	524	1
639	526	1
639	535	1
639	539	1
639	552	1
639	553	1
639	563	1
639	566	1
639	567	1
639	570	1
639	571	1
639	572	1
639	573	1
639	577	1
639	580	1
639	597	1
639	599	1
639	602	1
639	603	1
639	608	1
639	610	1
639	612	1
639	613	1
639	616	1
639	620	1
639	621	1
640	158	1
640	166	1
640	310	1
640	327	1
640	350	1
640	367	1
640	373	1
640	403	1
640	409	1
640	414	1
640	419	1
640	432	1
640	437	1
640	451	1
640	452	1
640	458	1
640	467	1
640	471	1
640	474	1
640	481	1
640	490	1
640	499	1
640	520	1
640	525	1
640	528	1
640	532	1
640	549	1
640	554	1
640	556	1
640	558	1
640	560	1
640	568	1
640	573	1
640	574	1
640	576	1
640	580	1
640	582	1
640	588	1
640	590	1
640	615	1
640	616	1
641	223	1
641	329	1
641	344	1
641	350	1
641	357	1
641	372	1
641	388	1
641	392	1
641	420	1
641	424	1
641	437	1
641	441	1
641	443	1
641	455	1
641	459	1
641	479	1
641	484	1
641	492	1
641	495	1
641	500	1
641	512	1
641	523	1
641	530	1
641	536	1
641	538	1
641	564	1
641	568	1
641	571	1
641	572	1
641	577	1
641	583	1
641	586	1
641	596	1
641	598	1
641	599	1
641	605	1
641	607	1
641	608	1
641	610	1
641	614	1
641	623	1
642	163	1
642	263	1
642	314	1
642	372	1
642	412	1
642	413	1
642	416	1
642	420	1
642	431	1
642	447	1
642	448	1
642	476	1
642	477	1
642	478	1
642	483	1
642	485	1
642	487	1
642	493	1
642	495	1
642	502	1
642	527	1
642	532	1
642	533	1
642	544	1
642	550	1
642	551	1
642	560	1
642	562	1
642	564	1
642	567	1
642	570	1
642	571	1
642	572	1
642	574	1
642	575	1
642	576	1
642	577	1
642	578	1
642	592	1
642	605	1
642	622	1
643	135	1
643	260	1
643	342	1
643	370	1
643	379	1
643	391	1
643	409	1
643	412	1
643	417	1
643	422	1
643	424	1
643	438	1
643	467	1
643	499	1
643	507	1
643	512	1
643	514	1
643	517	1
643	525	1
643	531	1
643	534	1
643	542	1
643	544	1
643	545	1
643	549	1
643	551	1
643	555	1
643	558	1
643	563	1
643	565	1
643	575	1
643	577	1
643	587	1
643	593	1
643	603	1
643	606	1
643	611	1
643	612	1
643	617	1
643	618	1
643	622	1
644	230	1
644	251	1
644	270	1
644	300	1
644	315	1
644	381	1
644	397	1
644	441	1
644	451	1
644	453	1
644	455	1
644	488	1
644	497	1
644	500	1
644	503	1
644	504	1
644	509	1
644	515	1
644	518	1
644	524	1
644	526	1
644	533	1
644	534	1
644	537	1
644	540	1
644	541	1
644	547	1
644	551	1
644	555	1
644	568	1
644	572	1
644	579	1
644	586	1
644	596	1
644	597	1
644	599	1
644	604	1
644	608	1
644	609	1
644	615	1
644	617	1
645	273	1
645	338	1
645	349	1
645	373	1
645	378	1
645	410	1
645	416	1
645	431	1
645	440	1
645	442	1
645	443	1
645	444	1
645	467	1
645	478	1
645	483	1
645	488	1
645	500	1
645	508	1
645	515	1
645	517	1
645	518	1
645	537	1
645	538	1
645	548	1
645	555	1
645	556	1
645	559	1
645	565	1
645	566	1
645	571	1
645	581	1
645	582	1
645	585	1
645	599	1
645	602	1
645	604	1
645	605	1
645	608	1
645	610	1
645	617	1
645	620	1
645	622	1
646	71	1
646	115	1
646	289	1
646	296	1
646	314	1
646	319	1
646	361	1
646	378	1
646	384	1
646	386	1
646	390	1
646	426	1
646	430	1
646	432	1
646	443	1
646	446	1
646	459	1
646	464	1
646	466	1
646	482	1
646	485	1
646	487	1
646	499	1
646	507	1
646	514	1
646	518	1
646	522	1
646	533	1
646	541	1
646	550	1
646	558	1
646	568	1
646	572	1
646	576	1
646	578	1
646	579	1
646	585	1
646	587	1
646	593	1
646	603	1
646	607	1
646	609	1
646	615	1
647	14	1
647	102	1
647	135	1
647	193	1
647	343	1
647	346	1
647	376	1
647	381	1
647	384	1
647	404	1
647	446	1
647	452	1
647	457	1
647	470	1
647	471	1
647	475	1
647	477	1
647	489	1
647	494	1
647	503	1
647	535	1
647	536	1
647	564	1
647	571	1
647	574	1
647	575	1
647	576	1
647	580	1
647	583	1
647	585	1
647	587	1
647	592	1
647	593	1
647	595	1
647	596	1
647	598	1
647	610	1
647	612	1
647	613	1
647	614	1
647	617	1
647	621	1
647	622	1
648	228	1
648	284	1
648	321	1
648	353	1
648	390	1
648	399	1
648	407	1
648	411	1
648	412	1
648	424	1
648	439	1
648	443	1
648	445	1
648	448	1
648	450	1
648	463	1
648	483	1
648	494	1
648	495	1
648	502	1
648	509	1
648	525	1
648	528	1
648	539	1
648	551	1
648	553	1
648	555	1
648	557	1
648	559	1
648	566	1
648	578	1
648	580	1
648	587	1
648	588	1
648	590	1
648	591	1
648	592	1
648	594	1
648	602	1
648	603	1
648	617	1
648	620	1
648	621	1
649	173	1
649	239	1
649	275	1
649	335	1
649	337	1
649	362	1
649	372	1
649	375	1
649	395	1
649	414	1
649	419	1
649	421	1
649	427	1
649	428	1
649	436	1
649	450	1
649	457	1
649	480	1
649	481	1
649	489	1
649	499	1
649	506	1
649	517	1
649	527	1
649	544	1
649	551	1
649	552	1
649	560	1
649	569	1
649	570	1
649	573	1
649	574	1
649	577	1
649	578	1
649	587	1
649	589	1
649	590	1
649	592	1
649	594	1
649	602	1
649	604	1
649	612	1
649	619	1
650	104	1
650	343	1
650	359	1
650	360	1
650	397	1
650	411	1
650	414	1
650	419	1
650	429	1
650	442	1
650	450	1
650	454	1
650	480	1
650	488	1
650	494	1
650	498	1
650	504	1
650	507	1
650	521	1
650	527	1
650	540	1
650	542	1
650	543	1
650	547	1
650	557	1
650	559	1
650	564	1
650	572	1
650	574	1
650	575	1
650	585	1
650	588	1
650	589	1
650	590	1
650	592	1
650	600	1
650	601	1
650	607	1
650	611	1
650	613	1
650	614	1
650	619	1
650	622	1
651	294	1
651	313	1
651	361	1
651	400	1
651	419	1
651	421	1
651	425	1
651	433	1
651	443	1
651	444	1
651	448	1
651	467	1
651	472	1
651	495	1
651	500	1
651	503	1
651	505	1
651	516	1
651	518	1
651	521	1
651	525	1
651	530	1
651	548	1
651	550	1
651	554	1
651	555	1
651	556	1
651	557	1
651	565	1
651	568	1
651	570	1
651	574	1
651	575	1
651	586	1
651	596	1
651	597	1
651	601	1
651	603	1
651	607	1
651	612	1
651	614	1
651	615	1
651	616	1
652	83	1
652	112	1
652	182	1
652	289	1
652	292	1
652	304	1
652	351	1
652	375	1
652	377	1
652	392	1
652	411	1
652	415	1
652	438	1
652	439	1
652	440	1
652	446	1
652	450	1
652	460	1
652	463	1
652	464	1
652	465	1
652	466	1
652	481	1
652	502	1
652	509	1
652	530	1
652	539	1
652	542	1
652	546	1
652	552	1
652	566	1
652	569	1
652	575	1
652	580	1
652	587	1
652	591	1
652	593	1
652	600	1
652	601	1
652	616	1
652	618	1
652	622	1
652	623	1
653	41	1
653	242	1
653	269	1
653	329	1
653	365	1
653	368	1
653	372	1
653	382	1
653	435	1
653	461	1
653	477	1
653	480	1
653	481	1
653	510	1
653	520	1
653	523	1
653	534	1
653	539	1
653	550	1
653	552	1
653	557	1
653	561	1
653	563	1
653	566	1
653	567	1
653	571	1
653	573	1
653	575	1
653	582	1
653	583	1
653	584	1
653	585	1
653	589	1
653	596	1
653	600	1
653	606	1
653	608	1
653	609	1
653	610	1
653	613	1
653	614	1
653	622	1
653	623	1
654	125	1
654	219	1
654	324	1
654	358	1
654	377	1
654	391	1
654	397	1
654	405	1
654	407	1
654	412	1
654	417	1
654	438	1
654	451	1
654	467	1
654	471	1
654	478	1
654	479	1
654	511	1
654	512	1
654	518	1
654	532	1
654	540	1
654	542	1
654	543	1
654	545	1
654	550	1
654	555	1
654	557	1
654	567	1
654	568	1
654	569	1
654	572	1
654	573	1
654	580	1
654	588	1
654	589	1
654	591	1
654	596	1
654	599	1
654	607	1
654	609	1
654	613	1
654	614	1
654	621	1
655	170	1
655	218	1
655	361	1
655	386	1
655	403	1
655	414	1
655	434	1
655	458	1
655	462	1
655	471	1
655	483	1
655	491	1
655	504	1
655	508	1
655	514	1
655	515	1
655	519	1
655	529	1
655	530	1
655	538	1
655	540	1
655	544	1
655	546	1
655	548	1
655	550	1
655	556	1
655	562	1
655	563	1
655	567	1
655	568	1
655	571	1
655	573	1
655	575	1
655	580	1
655	583	1
655	584	1
655	585	1
655	586	1
655	594	1
655	600	1
655	602	1
655	615	1
655	616	1
655	618	1
655	621	1
656	309	1
656	345	1
656	366	1
656	373	1
656	378	1
656	392	1
656	393	1
656	409	1
656	425	1
656	438	1
656	441	1
656	455	1
656	463	1
656	468	1
656	469	1
656	470	1
656	473	1
656	474	1
656	488	1
656	510	1
656	516	1
656	522	1
656	541	1
656	544	1
656	545	1
656	547	1
656	548	1
656	568	1
656	573	1
656	575	1
656	577	1
656	578	1
656	580	1
656	581	1
656	590	1
656	595	1
656	605	1
656	606	1
656	609	1
656	610	1
656	611	1
656	614	1
656	618	1
656	619	1
656	620	1
656	621	1
657	313	1
657	320	1
657	332	1
657	338	1
657	348	1
657	357	1
657	367	1
657	423	1
657	438	1
657	466	1
657	467	1
657	474	1
657	476	1
657	486	1
657	487	1
657	491	1
657	495	1
657	508	1
657	513	1
657	525	1
657	527	1
657	533	1
657	539	1
657	545	1
657	546	1
657	555	1
657	560	1
657	561	1
657	565	1
657	566	1
657	570	1
657	571	1
657	577	1
657	578	1
657	584	1
657	587	1
657	592	1
657	593	1
657	597	1
657	598	1
657	603	1
657	604	1
657	605	1
657	606	1
657	610	1
657	613	1
657	621	1
658	111	1
658	280	1
658	287	1
658	324	1
658	344	1
658	348	1
658	361	1
658	388	1
658	409	1
658	434	1
658	437	1
658	444	1
658	465	1
658	466	1
658	481	1
658	482	1
658	484	1
658	485	1
658	489	1
658	493	1
658	496	1
658	513	1
658	526	1
658	527	1
658	528	1
658	529	1
658	530	1
658	532	1
658	542	1
658	543	1
658	545	1
658	554	1
658	571	1
658	572	1
658	573	1
658	576	1
658	584	1
658	585	1
658	588	1
658	590	1
658	593	1
658	598	1
658	601	1
658	604	1
658	605	1
658	611	1
658	621	1
658	623	1
659	99	1
659	153	1
659	165	1
659	238	1
659	289	1
659	302	1
659	379	1
659	400	1
659	408	1
659	415	1
659	430	1
659	432	1
659	449	1
659	456	1
659	461	1
659	466	1
659	472	1
659	483	1
659	485	1
659	494	1
659	495	1
659	496	1
659	497	1
659	502	1
659	503	1
659	515	1
659	521	1
659	523	1
659	539	1
659	546	1
659	547	1
659	555	1
659	563	1
659	564	1
659	566	1
659	569	1
659	571	1
659	578	1
659	586	1
659	589	1
659	593	1
659	598	1
659	599	1
659	600	1
659	603	1
659	607	1
659	608	1
659	614	1
659	618	1
660	234	1
660	248	1
660	250	1
660	253	1
660	280	1
660	330	1
660	351	1
660	392	1
660	397	1
660	427	1
660	431	1
660	442	1
660	451	1
660	453	1
660	475	1
660	486	1
660	495	1
660	500	1
660	502	1
660	504	1
660	506	1
660	508	1
660	510	1
660	512	1
660	513	1
660	516	1
660	517	1
660	529	1
660	534	1
660	536	1
660	542	1
660	543	1
660	548	1
660	551	1
660	552	1
660	555	1
660	558	1
660	559	1
660	575	1
660	577	1
660	578	1
660	579	1
660	589	1
660	595	1
660	599	1
660	615	1
660	620	1
660	622	1
660	623	1
661	174	1
661	196	1
661	220	1
661	238	1
661	329	1
661	364	1
661	380	1
661	393	1
661	396	1
661	397	1
661	405	1
661	425	1
661	445	1
661	451	1
661	452	1
661	460	1
661	463	1
661	464	1
661	473	1
661	479	1
661	484	1
661	489	1
661	494	1
661	518	1
661	520	1
661	529	1
661	534	1
661	536	1
661	540	1
661	543	1
661	549	1
661	550	1
661	551	1
661	554	1
661	561	1
661	562	1
661	564	1
661	567	1
661	569	1
661	570	1
661	571	1
661	573	1
661	596	1
661	610	1
661	613	1
661	616	1
661	618	1
661	621	1
661	622	1
662	263	1
662	329	1
662	342	1
662	351	1
662	369	1
662	389	1
662	403	1
662	416	1
662	437	1
662	439	1
662	441	1
662	455	1
662	468	1
662	473	1
662	483	1
662	484	1
662	493	1
662	502	1
662	512	1
662	516	1
662	522	1
662	525	1
662	526	1
662	529	1
662	531	1
662	532	1
662	534	1
662	542	1
662	544	1
662	547	1
662	551	1
662	557	1
662	559	1
662	561	1
662	562	1
662	565	1
662	578	1
662	581	1
662	583	1
662	591	1
662	593	1
662	596	1
662	603	1
662	609	1
662	611	1
662	613	1
662	614	1
662	615	1
662	623	1
663	275	1
663	332	1
663	385	1
663	398	1
663	405	1
663	425	1
663	438	1
663	448	1
663	458	1
663	460	1
663	463	1
663	469	1
663	474	1
663	478	1
663	485	1
663	488	1
663	499	1
663	500	1
663	503	1
663	507	1
663	511	1
663	515	1
663	522	1
663	523	1
663	529	1
663	541	1
663	548	1
663	549	1
663	552	1
663	553	1
663	562	1
663	563	1
663	568	1
663	574	1
663	575	1
663	579	1
663	584	1
663	589	1
663	590	1
663	593	1
663	594	1
663	595	1
663	596	1
663	597	1
663	598	1
663	599	1
663	609	1
663	613	1
663	622	1
664	137	1
664	156	1
664	251	1
664	274	1
664	305	1
664	389	1
664	410	1
664	418	1
664	431	1
664	443	1
664	450	1
664	453	1
664	454	1
664	460	1
664	479	1
664	492	1
664	494	1
664	498	1
664	506	1
664	517	1
664	520	1
664	525	1
664	526	1
664	530	1
664	536	1
664	538	1
664	539	1
664	550	1
664	553	1
664	562	1
664	568	1
664	570	1
664	574	1
664	575	1
664	576	1
664	578	1
664	584	1
664	586	1
664	589	1
664	594	1
664	595	1
664	599	1
664	600	1
664	601	1
664	612	1
664	616	1
664	617	1
664	618	1
664	623	1
665	125	1
665	199	1
665	259	1
665	286	1
665	295	1
665	333	1
665	353	1
665	380	1
665	421	1
665	432	1
665	455	1
665	470	1
665	479	1
665	491	1
665	494	1
665	496	1
665	503	1
665	508	1
665	513	1
665	514	1
665	524	1
665	533	1
665	537	1
665	543	1
665	545	1
665	546	1
665	548	1
665	549	1
665	553	1
665	555	1
665	559	1
665	560	1
665	563	1
665	567	1
665	568	1
665	569	1
665	576	1
665	584	1
665	585	1
665	591	1
665	595	1
665	597	1
665	599	1
665	605	1
665	607	1
665	616	1
665	620	1
665	621	1
665	622	1
666	95	1
666	199	1
666	263	1
666	297	1
666	318	1
666	370	1
666	372	1
666	381	1
666	382	1
666	423	1
666	424	1
666	426	1
666	427	1
666	437	1
666	440	1
666	453	1
666	456	1
666	461	1
666	469	1
666	476	1
666	482	1
666	483	1
666	498	1
666	506	1
666	509	1
666	527	1
666	528	1
666	542	1
666	543	1
666	550	1
666	554	1
666	555	1
666	562	1
666	568	1
666	576	1
666	578	1
666	579	1
666	582	1
666	590	1
666	598	1
666	599	1
666	604	1
666	607	1
666	609	1
666	612	1
666	613	1
666	617	1
666	618	1
666	622	1
667	125	1
667	178	1
667	215	1
667	310	1
667	326	1
667	345	1
667	350	1
667	364	1
667	378	1
667	379	1
667	383	1
667	410	1
667	436	1
667	444	1
667	447	1
667	455	1
667	470	1
667	473	1
667	479	1
667	485	1
667	491	1
667	516	1
667	521	1
667	525	1
667	528	1
667	529	1
667	531	1
667	535	1
667	541	1
667	543	1
667	555	1
667	563	1
667	564	1
667	565	1
667	567	1
667	568	1
667	572	1
667	577	1
667	578	1
667	588	1
667	592	1
667	595	1
667	598	1
667	599	1
667	604	1
667	611	1
667	614	1
667	615	1
667	621	1
668	262	1
668	289	1
668	304	1
668	305	1
668	318	1
668	361	1
668	376	1
668	379	1
668	387	1
668	392	1
668	403	1
668	406	1
668	417	1
668	421	1
668	423	1
668	426	1
668	427	1
668	437	1
668	440	1
668	449	1
668	458	1
668	463	1
668	467	1
668	474	1
668	477	1
668	488	1
668	489	1
668	518	1
668	523	1
668	528	1
668	529	1
668	535	1
668	536	1
668	538	1
668	541	1
668	542	1
668	545	1
668	546	1
668	553	1
668	558	1
668	562	1
668	574	1
668	576	1
668	578	1
668	580	1
668	590	1
668	596	1
668	602	1
668	611	1
669	117	1
669	208	1
669	282	1
669	297	1
669	300	1
669	308	1
669	356	1
669	366	1
669	371	1
669	372	1
669	378	1
669	430	1
669	437	1
669	456	1
669	467	1
669	471	1
669	473	1
669	474	1
669	478	1
669	481	1
669	491	1
669	508	1
669	512	1
669	527	1
669	532	1
669	538	1
669	539	1
669	540	1
669	544	1
669	552	1
669	557	1
669	559	1
669	561	1
669	562	1
669	563	1
669	575	1
669	581	1
669	584	1
669	587	1
669	588	1
669	591	1
669	592	1
669	597	1
669	600	1
669	604	1
669	605	1
669	608	1
669	610	1
669	621	1
669	623	1
670	6	1
670	310	1
670	360	1
670	365	1
670	380	1
670	389	1
670	395	1
670	407	1
670	419	1
670	423	1
670	437	1
670	439	1
670	462	1
670	466	1
670	482	1
670	485	1
670	490	1
670	495	1
670	516	1
670	517	1
670	518	1
670	525	1
670	527	1
670	538	1
670	543	1
670	549	1
670	553	1
670	555	1
670	558	1
670	563	1
670	568	1
670	577	1
670	578	1
670	580	1
670	581	1
670	586	1
670	588	1
670	590	1
670	592	1
670	594	1
670	595	1
670	598	1
670	603	1
670	608	1
670	609	1
670	612	1
670	613	1
670	616	1
670	619	1
670	620	1
670	622	1
671	220	1
671	294	1
671	357	1
671	360	1
671	361	1
671	370	1
671	373	1
671	384	1
671	405	1
671	427	1
671	430	1
671	444	1
671	446	1
671	463	1
671	465	1
671	470	1
671	473	1
671	474	1
671	476	1
671	501	1
671	502	1
671	512	1
671	516	1
671	529	1
671	530	1
671	532	1
671	534	1
671	547	1
671	550	1
671	558	1
671	559	1
671	560	1
671	561	1
671	569	1
671	571	1
671	579	1
671	581	1
671	583	1
671	584	1
671	588	1
671	595	1
671	596	1
671	597	1
671	598	1
671	600	1
671	603	1
671	605	1
671	607	1
671	613	1
671	615	1
671	619	1
672	297	1
672	362	1
672	368	1
672	369	1
672	379	1
672	391	1
672	393	1
672	396	1
672	410	1
672	413	1
672	428	1
672	429	1
672	443	1
672	469	1
672	475	1
672	484	1
672	492	1
672	498	1
672	502	1
672	507	1
672	510	1
672	511	1
672	517	1
672	519	1
672	521	1
672	525	1
672	528	1
672	530	1
672	531	1
672	537	1
672	542	1
672	543	1
672	548	1
672	551	1
672	557	1
672	567	1
672	570	1
672	572	1
672	574	1
672	575	1
672	576	1
672	578	1
672	580	1
672	583	1
672	585	1
672	596	1
672	602	1
672	603	1
672	604	1
672	606	1
672	611	1
672	614	1
673	94	1
673	279	1
673	345	1
673	350	1
673	377	1
673	379	1
673	399	1
673	407	1
673	410	1
673	412	1
673	439	1
673	455	1
673	460	1
673	465	1
673	476	1
673	480	1
673	482	1
673	489	1
673	490	1
673	493	1
673	508	1
673	513	1
673	514	1
673	520	1
673	529	1
673	531	1
673	532	1
673	539	1
673	540	1
673	544	1
673	552	1
673	553	1
673	559	1
673	563	1
673	566	1
673	572	1
673	575	1
673	578	1
673	579	1
673	582	1
673	592	1
673	593	1
673	594	1
673	597	1
673	604	1
673	606	1
673	608	1
673	609	1
673	610	1
673	613	1
673	617	1
673	621	1
673	623	1
674	36	1
674	194	1
674	272	1
674	282	1
674	307	1
674	316	1
674	324	1
674	337	1
674	340	1
674	352	1
674	384	1
674	390	1
674	407	1
674	419	1
674	434	1
674	445	1
674	449	1
674	454	1
674	462	1
674	465	1
674	466	1
674	471	1
674	481	1
674	489	1
674	490	1
674	493	1
674	502	1
674	505	1
674	506	1
674	510	1
674	511	1
674	521	1
674	524	1
674	537	1
674	546	1
674	549	1
674	553	1
674	567	1
674	570	1
674	573	1
674	577	1
674	584	1
674	588	1
674	590	1
674	594	1
674	597	1
674	605	1
674	608	1
674	612	1
674	617	1
674	618	1
674	619	1
674	622	1
675	102	1
675	282	1
675	381	1
675	391	1
675	403	1
675	404	1
675	415	1
675	416	1
675	434	1
675	442	1
675	447	1
675	453	1
675	454	1
675	455	1
675	457	1
675	458	1
675	459	1
675	461	1
675	468	1
675	474	1
675	483	1
675	493	1
675	494	1
675	509	1
675	516	1
675	519	1
675	520	1
675	524	1
675	528	1
675	534	1
675	543	1
675	547	1
675	552	1
675	556	1
675	557	1
675	560	1
675	563	1
675	566	1
675	578	1
675	580	1
675	585	1
675	587	1
675	588	1
675	589	1
675	590	1
675	591	1
675	593	1
675	600	1
675	602	1
675	606	1
675	616	1
675	617	1
675	620	1
676	143	1
676	146	1
676	185	1
676	307	1
676	344	1
676	365	1
676	408	1
676	419	1
676	440	1
676	451	1
676	453	1
676	465	1
676	475	1
676	477	1
676	485	1
676	489	1
676	505	1
676	506	1
676	508	1
676	513	1
676	514	1
676	515	1
676	520	1
676	523	1
676	533	1
676	541	1
676	545	1
676	547	1
676	554	1
676	557	1
676	559	1
676	565	1
676	566	1
676	568	1
676	570	1
676	577	1
676	582	1
676	586	1
676	590	1
676	592	1
676	594	1
676	602	1
676	604	1
676	605	1
676	606	1
676	607	1
676	608	1
676	611	1
676	615	1
676	618	1
676	619	1
676	620	1
676	623	1
677	61	1
677	265	1
677	303	1
677	312	1
677	359	1
677	366	1
677	367	1
677	375	1
677	408	1
677	441	1
677	450	1
677	456	1
677	464	1
677	471	1
677	475	1
677	476	1
677	484	1
677	489	1
677	492	1
677	495	1
677	496	1
677	498	1
677	504	1
677	506	1
677	507	1
677	514	1
677	515	1
677	519	1
677	521	1
677	525	1
677	529	1
677	531	1
677	532	1
677	536	1
677	537	1
677	540	1
677	552	1
677	559	1
677	560	1
677	564	1
677	575	1
677	578	1
677	581	1
677	585	1
677	589	1
677	591	1
677	592	1
677	598	1
677	609	1
677	614	1
677	615	1
677	617	1
677	618	1
677	623	1
678	252	1
678	333	1
678	342	1
678	347	1
678	348	1
678	354	1
678	371	1
678	380	1
678	406	1
678	418	1
678	421	1
678	426	1
678	429	1
678	433	1
678	450	1
678	452	1
678	454	1
678	459	1
678	486	1
678	487	1
678	497	1
678	500	1
678	502	1
678	514	1
678	520	1
678	531	1
678	538	1
678	539	1
678	540	1
678	541	1
678	542	1
678	545	1
678	547	1
678	552	1
678	553	1
678	563	1
678	567	1
678	570	1
678	577	1
678	579	1
678	582	1
678	584	1
678	589	1
678	590	1
678	591	1
678	592	1
678	593	1
678	595	1
678	596	1
678	600	1
678	603	1
678	604	1
678	612	1
678	615	1
678	620	1
679	59	1
679	127	1
679	329	1
679	348	1
679	376	1
679	378	1
679	381	1
679	395	1
679	402	1
679	414	1
679	420	1
679	429	1
679	430	1
679	435	1
679	451	1
679	452	1
679	454	1
679	457	1
679	461	1
679	465	1
679	467	1
679	470	1
679	472	1
679	473	1
679	486	1
679	500	1
679	503	1
679	506	1
679	507	1
679	520	1
679	521	1
679	527	1
679	528	1
679	529	1
679	536	1
679	545	1
679	546	1
679	555	1
679	566	1
679	567	1
679	571	1
679	576	1
679	577	1
679	582	1
679	583	1
679	586	1
679	593	1
679	594	1
679	596	1
679	600	1
679	603	1
679	610	1
679	614	1
679	615	1
679	616	1
679	622	1
680	13	1
680	133	1
680	238	1
680	280	1
680	283	1
680	302	1
680	313	1
680	319	1
680	327	1
680	357	1
680	376	1
680	383	1
680	391	1
680	410	1
680	418	1
680	426	1
680	432	1
680	449	1
680	450	1
680	456	1
680	462	1
680	495	1
680	498	1
680	510	1
680	511	1
680	515	1
680	520	1
680	525	1
680	528	1
680	532	1
680	534	1
680	538	1
680	539	1
680	546	1
680	549	1
680	553	1
680	554	1
680	557	1
680	564	1
680	569	1
680	570	1
680	571	1
680	572	1
680	573	1
680	585	1
680	586	1
680	588	1
680	589	1
680	590	1
680	593	1
680	596	1
680	598	1
680	606	1
680	611	1
680	612	1
680	614	1
680	620	1
681	59	1
681	118	1
681	234	1
681	244	1
681	267	1
681	295	1
681	360	1
681	393	1
681	395	1
681	399	1
681	400	1
681	416	1
681	420	1
681	440	1
681	444	1
681	457	1
681	459	1
681	462	1
681	463	1
681	466	1
681	475	1
681	485	1
681	490	1
681	492	1
681	508	1
681	514	1
681	521	1
681	523	1
681	524	1
681	525	1
681	526	1
681	532	1
681	534	1
681	539	1
681	544	1
681	545	1
681	547	1
681	551	1
681	555	1
681	559	1
681	562	1
681	563	1
681	573	1
681	576	1
681	577	1
681	584	1
681	585	1
681	586	1
681	588	1
681	597	1
681	600	1
681	601	1
681	603	1
681	610	1
681	613	1
681	614	1
681	616	1
681	618	1
682	56	1
682	240	1
682	246	1
682	247	1
682	259	1
682	359	1
682	370	1
682	375	1
682	409	1
682	428	1
682	429	1
682	432	1
682	449	1
682	456	1
682	458	1
682	460	1
682	461	1
682	470	1
682	478	1
682	482	1
682	483	1
682	497	1
682	503	1
682	509	1
682	511	1
682	513	1
682	514	1
682	519	1
682	521	1
682	522	1
682	529	1
682	534	1
682	543	1
682	544	1
682	547	1
682	550	1
682	552	1
682	553	1
682	556	1
682	558	1
682	560	1
682	561	1
682	569	1
682	571	1
682	585	1
682	586	1
682	591	1
682	593	1
682	594	1
682	597	1
682	598	1
682	601	1
682	602	1
682	603	1
682	607	1
682	613	1
682	614	1
682	615	1
682	620	1
683	110	1
683	145	1
683	193	1
683	339	1
683	350	1
683	357	1
683	362	1
683	367	1
683	373	1
683	390	1
683	396	1
683	407	1
683	421	1
683	427	1
683	431	1
683	445	1
683	453	1
683	470	1
683	483	1
683	484	1
683	486	1
683	491	1
683	495	1
683	499	1
683	505	1
683	506	1
683	510	1
683	513	1
683	514	1
683	523	1
683	525	1
683	528	1
683	531	1
683	533	1
683	538	1
683	539	1
683	542	1
683	546	1
683	547	1
683	548	1
683	550	1
683	555	1
683	558	1
683	563	1
683	571	1
683	572	1
683	573	1
683	575	1
683	577	1
683	581	1
683	587	1
683	598	1
683	601	1
683	610	1
683	617	1
683	619	1
683	620	1
683	621	1
683	622	1
684	37	1
684	198	1
684	343	1
684	378	1
684	390	1
684	397	1
684	410	1
684	414	1
684	423	1
684	430	1
684	440	1
684	441	1
684	443	1
684	445	1
684	448	1
684	450	1
684	455	1
684	457	1
684	465	1
684	483	1
684	488	1
684	489	1
684	490	1
684	506	1
684	507	1
684	513	1
684	516	1
684	518	1
684	521	1
684	529	1
684	533	1
684	536	1
684	537	1
684	540	1
684	541	1
684	546	1
684	558	1
684	562	1
684	564	1
684	565	1
684	568	1
684	570	1
684	571	1
684	576	1
684	579	1
684	581	1
684	586	1
684	587	1
684	591	1
684	592	1
684	601	1
684	603	1
684	605	1
684	606	1
684	609	1
684	615	1
684	620	1
684	621	1
684	623	1
685	195	1
685	226	1
685	330	1
685	339	1
685	383	1
685	386	1
685	390	1
685	394	1
685	403	1
685	415	1
685	418	1
685	422	1
685	425	1
685	427	1
685	436	1
685	439	1
685	441	1
685	455	1
685	457	1
685	458	1
685	459	1
685	469	1
685	471	1
685	473	1
685	480	1
685	484	1
685	491	1
685	492	1
685	502	1
685	512	1
685	528	1
685	529	1
685	541	1
685	544	1
685	547	1
685	548	1
685	559	1
685	560	1
685	561	1
685	562	1
685	564	1
685	566	1
685	569	1
685	573	1
685	574	1
685	575	1
685	578	1
685	580	1
685	586	1
685	592	1
685	599	1
685	602	1
685	603	1
685	605	1
685	607	1
685	612	1
685	615	1
685	617	1
685	619	1
685	623	1
686	50	1
686	287	1
686	291	1
686	321	1
686	336	1
686	368	1
686	372	1
686	374	1
686	375	1
686	377	1
686	395	1
686	416	1
686	420	1
686	421	1
686	423	1
686	431	1
686	432	1
686	440	1
686	445	1
686	463	1
686	464	1
686	483	1
686	488	1
686	490	1
686	502	1
686	514	1
686	517	1
686	520	1
686	527	1
686	529	1
686	532	1
686	543	1
686	546	1
686	550	1
686	551	1
686	560	1
686	561	1
686	564	1
686	566	1
686	567	1
686	568	1
686	570	1
686	579	1
686	580	1
686	581	1
686	583	1
686	584	1
686	585	1
686	586	1
686	587	1
686	594	1
686	595	1
686	602	1
686	605	1
686	606	1
686	609	1
686	611	1
686	615	1
686	616	1
686	620	1
687	171	1
687	183	1
687	245	1
687	274	1
687	291	1
687	300	1
687	308	1
687	320	1
687	321	1
687	329	1
687	345	1
687	364	1
687	405	1
687	414	1
687	418	1
687	420	1
687	426	1
687	428	1
687	432	1
687	436	1
687	442	1
687	447	1
687	450	1
687	454	1
687	455	1
687	456	1
687	463	1
687	472	1
687	487	1
687	490	1
687	499	1
687	504	1
687	507	1
687	520	1
687	526	1
687	529	1
687	531	1
687	534	1
687	538	1
687	539	1
687	547	1
687	548	1
687	555	1
687	562	1
687	568	1
687	570	1
687	572	1
687	583	1
687	586	1
687	590	1
687	594	1
687	599	1
687	606	1
687	612	1
687	613	1
687	618	1
687	619	1
687	620	1
687	621	1
687	623	1
688	347	1
688	356	1
688	393	1
688	395	1
688	425	1
688	429	1
688	437	1
688	440	1
688	446	1
688	448	1
688	451	1
688	454	1
688	458	1
688	466	1
688	471	1
688	472	1
688	473	1
688	480	1
688	481	1
688	487	1
688	488	1
688	492	1
688	493	1
688	496	1
688	497	1
688	502	1
688	503	1
688	504	1
688	507	1
688	508	1
688	514	1
688	515	1
688	524	1
688	532	1
688	542	1
688	555	1
688	557	1
688	558	1
688	563	1
688	564	1
688	568	1
688	574	1
688	576	1
688	577	1
688	578	1
688	584	1
688	586	1
688	589	1
688	591	1
688	592	1
688	593	1
688	600	1
688	601	1
688	602	1
688	606	1
688	608	1
688	613	1
688	616	1
688	619	1
688	623	1
689	57	1
689	62	1
689	68	1
689	324	1
689	334	1
689	341	1
689	347	1
689	348	1
689	411	1
689	413	1
689	415	1
689	416	1
689	426	1
689	431	1
689	443	1
689	446	1
689	449	1
689	451	1
689	454	1
689	462	1
689	465	1
689	477	1
689	483	1
689	487	1
689	494	1
689	498	1
689	499	1
689	501	1
689	503	1
689	509	1
689	512	1
689	523	1
689	524	1
689	527	1
689	529	1
689	533	1
689	537	1
689	541	1
689	543	1
689	544	1
689	547	1
689	549	1
689	552	1
689	553	1
689	564	1
689	573	1
689	583	1
689	584	1
689	585	1
689	586	1
689	587	1
689	592	1
689	595	1
689	601	1
689	608	1
689	611	1
689	613	1
689	616	1
689	617	1
689	619	1
689	622	1
690	97	1
690	145	1
690	167	1
690	228	1
690	233	1
690	246	1
690	269	1
690	293	1
690	301	1
690	334	1
690	350	1
690	353	1
690	357	1
690	413	1
690	420	1
690	434	1
690	452	1
690	475	1
690	479	1
690	480	1
690	481	1
690	487	1
690	488	1
690	490	1
690	493	1
690	494	1
690	502	1
690	517	1
690	522	1
690	523	1
690	527	1
690	528	1
690	529	1
690	534	1
690	541	1
690	543	1
690	552	1
690	553	1
690	554	1
690	556	1
690	557	1
690	569	1
690	572	1
690	573	1
690	574	1
690	578	1
690	579	1
690	580	1
690	581	1
690	584	1
690	588	1
690	591	1
690	594	1
690	600	1
690	603	1
690	604	1
690	608	1
690	609	1
690	613	1
690	619	1
690	622	1
691	122	1
691	154	1
691	207	1
691	235	1
691	306	1
691	312	1
691	328	1
691	335	1
691	343	1
691	353	1
691	364	1
691	365	1
691	367	1
691	383	1
691	387	1
691	392	1
691	415	1
691	427	1
691	433	1
691	465	1
691	469	1
691	474	1
691	481	1
691	482	1
691	483	1
691	485	1
691	488	1
691	493	1
691	497	1
691	510	1
691	511	1
691	512	1
691	513	1
691	515	1
691	522	1
691	527	1
691	528	1
691	531	1
691	532	1
691	539	1
691	554	1
691	556	1
691	561	1
691	562	1
691	566	1
691	570	1
691	578	1
691	583	1
691	584	1
691	585	1
691	587	1
691	593	1
691	599	1
691	601	1
691	604	1
691	606	1
691	607	1
691	612	1
691	613	1
691	615	1
691	620	1
691	621	1
692	37	1
692	284	1
692	289	1
692	303	1
692	316	1
692	326	1
692	333	1
692	341	1
692	350	1
692	361	1
692	368	1
692	369	1
692	383	1
692	386	1
692	388	1
692	395	1
692	396	1
692	398	1
692	412	1
692	418	1
692	421	1
692	430	1
692	433	1
692	439	1
692	449	1
692	455	1
692	464	1
692	466	1
692	469	1
692	478	1
692	482	1
692	489	1
692	490	1
692	499	1
692	513	1
692	524	1
692	528	1
692	530	1
692	534	1
692	539	1
692	540	1
692	541	1
692	550	1
692	551	1
692	562	1
692	563	1
692	565	1
692	567	1
692	570	1
692	572	1
692	574	1
692	580	1
692	581	1
692	585	1
692	587	1
692	593	1
692	602	1
692	611	1
692	612	1
692	615	1
692	618	1
692	619	1
693	52	1
693	98	1
693	332	1
693	337	1
693	365	1
693	369	1
693	395	1
693	413	1
693	417	1
693	419	1
693	456	1
693	458	1
693	459	1
693	464	1
693	471	1
693	472	1
693	478	1
693	480	1
693	481	1
693	484	1
693	485	1
693	486	1
693	490	1
693	493	1
693	505	1
693	507	1
693	510	1
693	511	1
693	518	1
693	521	1
693	526	1
693	528	1
693	531	1
693	532	1
693	536	1
693	537	1
693	539	1
693	540	1
693	543	1
693	548	1
693	551	1
693	554	1
693	564	1
693	568	1
693	571	1
693	578	1
693	579	1
693	582	1
693	584	1
693	587	1
693	592	1
693	596	1
693	597	1
693	602	1
693	605	1
693	606	1
693	607	1
693	611	1
693	613	1
693	614	1
693	618	1
693	619	1
694	49	1
694	86	1
694	113	1
694	130	1
694	190	1
694	265	1
694	296	1
694	333	1
694	387	1
694	388	1
694	392	1
694	402	1
694	403	1
694	405	1
694	412	1
694	421	1
694	426	1
694	429	1
694	434	1
694	439	1
694	445	1
694	453	1
694	458	1
694	459	1
694	462	1
694	463	1
694	467	1
694	470	1
694	473	1
694	478	1
694	484	1
694	486	1
694	494	1
694	500	1
694	503	1
694	508	1
694	510	1
694	516	1
694	519	1
694	523	1
694	528	1
694	538	1
694	539	1
694	550	1
694	557	1
694	562	1
694	576	1
694	581	1
694	582	1
694	586	1
694	587	1
694	589	1
694	592	1
694	593	1
694	598	1
694	603	1
694	610	1
694	612	1
694	613	1
694	615	1
694	619	1
694	621	1
694	623	1
695	140	1
695	145	1
695	204	1
695	217	1
695	297	1
695	315	1
695	342	1
695	382	1
695	393	1
695	401	1
695	408	1
695	419	1
695	440	1
695	455	1
695	457	1
695	467	1
695	476	1
695	480	1
695	481	1
695	482	1
695	487	1
695	490	1
695	491	1
695	493	1
695	498	1
695	508	1
695	509	1
695	513	1
695	516	1
695	517	1
695	520	1
695	521	1
695	525	1
695	528	1
695	535	1
695	536	1
695	537	1
695	538	1
695	539	1
695	541	1
695	543	1
695	546	1
695	550	1
695	552	1
695	553	1
695	554	1
695	559	1
695	561	1
695	565	1
695	568	1
695	574	1
695	578	1
695	581	1
695	582	1
695	583	1
695	586	1
695	587	1
695	591	1
695	592	1
695	607	1
695	611	1
695	613	1
695	618	1
695	621	1
696	1	1
696	167	1
696	295	1
696	302	1
696	348	1
696	353	1
696	364	1
696	371	1
696	383	1
696	386	1
696	390	1
696	393	1
696	428	1
696	434	1
696	439	1
696	442	1
696	447	1
696	453	1
696	459	1
696	480	1
696	483	1
696	484	1
696	488	1
696	491	1
696	497	1
696	505	1
696	506	1
696	508	1
696	511	1
696	523	1
696	528	1
696	532	1
696	534	1
696	536	1
696	537	1
696	539	1
696	541	1
696	546	1
696	547	1
696	548	1
696	550	1
696	552	1
696	553	1
696	557	1
696	558	1
696	561	1
696	562	1
696	563	1
696	565	1
696	567	1
696	571	1
696	586	1
696	590	1
696	598	1
696	599	1
696	600	1
696	604	1
696	606	1
696	609	1
696	615	1
696	618	1
696	619	1
696	621	1
696	623	1
697	79	1
697	284	1
697	295	1
697	316	1
697	364	1
697	375	1
697	376	1
697	381	1
697	390	1
697	399	1
697	403	1
697	423	1
697	425	1
697	429	1
697	440	1
697	451	1
697	468	1
697	471	1
697	475	1
697	482	1
697	483	1
697	485	1
697	486	1
697	492	1
697	496	1
697	505	1
697	513	1
697	516	1
697	517	1
697	520	1
697	531	1
697	532	1
697	536	1
697	541	1
697	542	1
697	543	1
697	550	1
697	551	1
697	552	1
697	553	1
697	554	1
697	557	1
697	558	1
697	561	1
697	565	1
697	566	1
697	567	1
697	573	1
697	574	1
697	578	1
697	579	1
697	585	1
697	589	1
697	592	1
697	596	1
697	597	1
697	598	1
697	601	1
697	607	1
697	608	1
697	609	1
697	611	1
697	618	1
697	620	1
697	623	1
698	9	1
698	262	1
698	299	1
698	354	1
698	355	1
698	364	1
698	372	1
698	380	1
698	394	1
698	397	1
698	408	1
698	432	1
698	436	1
698	437	1
698	440	1
698	444	1
698	458	1
698	467	1
698	479	1
698	480	1
698	481	1
698	483	1
698	500	1
698	502	1
698	508	1
698	509	1
698	522	1
698	523	1
698	524	1
698	535	1
698	544	1
698	546	1
698	547	1
698	551	1
698	559	1
698	562	1
698	563	1
698	565	1
698	573	1
698	575	1
698	577	1
698	579	1
698	580	1
698	582	1
698	584	1
698	585	1
698	586	1
698	587	1
698	588	1
698	589	1
698	591	1
698	594	1
698	595	1
698	597	1
698	599	1
698	603	1
698	604	1
698	605	1
698	606	1
698	608	1
698	614	1
698	616	1
698	618	1
698	619	1
698	620	1
698	623	1
699	20	1
699	290	1
699	318	1
699	327	1
699	328	1
699	337	1
699	349	1
699	357	1
699	370	1
699	377	1
699	397	1
699	398	1
699	406	1
699	412	1
699	413	1
699	416	1
699	418	1
699	425	1
699	427	1
699	431	1
699	434	1
699	435	1
699	448	1
699	452	1
699	458	1
699	459	1
699	462	1
699	467	1
699	468	1
699	473	1
699	476	1
699	482	1
699	483	1
699	489	1
699	496	1
699	499	1
699	511	1
699	515	1
699	517	1
699	520	1
699	522	1
699	523	1
699	527	1
699	528	1
699	542	1
699	549	1
699	553	1
699	555	1
699	556	1
699	561	1
699	565	1
699	577	1
699	579	1
699	581	1
699	584	1
699	588	1
699	592	1
699	593	1
699	597	1
699	598	1
699	601	1
699	605	1
699	611	1
699	613	1
699	614	1
699	623	1
700	134	1
700	312	1
700	325	1
700	341	1
700	378	1
700	383	1
700	386	1
700	388	1
700	417	1
700	421	1
700	431	1
700	434	1
700	436	1
700	438	1
700	441	1
700	444	1
700	445	1
700	449	1
700	451	1
700	452	1
700	455	1
700	462	1
700	466	1
700	472	1
700	477	1
700	484	1
700	485	1
700	490	1
700	491	1
700	492	1
700	495	1
700	497	1
700	511	1
700	514	1
700	518	1
700	524	1
700	531	1
700	538	1
700	540	1
700	543	1
700	553	1
700	558	1
700	562	1
700	564	1
700	567	1
700	569	1
700	570	1
700	575	1
700	576	1
700	577	1
700	578	1
700	580	1
700	582	1
700	584	1
700	595	1
700	596	1
700	597	1
700	598	1
700	601	1
700	605	1
700	606	1
700	607	1
700	612	1
700	613	1
700	616	1
700	618	1
700	620	1
701	112	1
701	159	1
701	312	1
701	326	1
701	396	1
701	397	1
701	401	1
701	415	1
701	439	1
701	448	1
701	449	1
701	458	1
701	465	1
701	476	1
701	482	1
701	484	1
701	487	1
701	489	1
701	491	1
701	495	1
701	501	1
701	503	1
701	504	1
701	510	1
701	517	1
701	520	1
701	521	1
701	522	1
701	523	1
701	525	1
701	529	1
701	530	1
701	535	1
701	538	1
701	539	1
701	545	1
701	547	1
701	549	1
701	553	1
701	556	1
701	559	1
701	560	1
701	572	1
701	573	1
701	574	1
701	577	1
701	578	1
701	579	1
701	580	1
701	582	1
701	584	1
701	586	1
701	590	1
701	592	1
701	593	1
701	594	1
701	595	1
701	596	1
701	603	1
701	604	1
701	606	1
701	607	1
701	609	1
701	610	1
701	611	1
701	612	1
701	614	1
701	615	1
702	90	1
702	219	1
702	224	1
702	325	1
702	345	1
702	349	1
702	358	1
702	361	1
702	373	1
702	379	1
702	381	1
702	384	1
702	400	1
702	407	1
702	410	1
702	420	1
702	423	1
702	426	1
702	435	1
702	437	1
702	440	1
702	443	1
702	459	1
702	461	1
702	462	1
702	464	1
702	466	1
702	467	1
702	468	1
702	477	1
702	479	1
702	482	1
702	486	1
702	495	1
702	507	1
702	509	1
702	510	1
702	512	1
702	535	1
702	540	1
702	541	1
702	549	1
702	551	1
702	555	1
702	557	1
702	561	1
702	564	1
702	565	1
702	569	1
702	570	1
702	573	1
702	579	1
702	580	1
702	581	1
702	589	1
702	590	1
702	593	1
702	595	1
702	596	1
702	605	1
702	608	1
702	609	1
702	612	1
702	613	1
702	615	1
702	616	1
702	619	1
702	622	1
703	192	1
703	281	1
703	301	1
703	333	1
703	342	1
703	345	1
703	353	1
703	364	1
703	366	1
703	374	1
703	395	1
703	397	1
703	399	1
703	410	1
703	419	1
703	420	1
703	434	1
703	435	1
703	440	1
703	441	1
703	442	1
703	445	1
703	454	1
703	455	1
703	468	1
703	469	1
703	478	1
703	486	1
703	488	1
703	489	1
703	491	1
703	494	1
703	499	1
703	506	1
703	507	1
703	510	1
703	515	1
703	517	1
703	538	1
703	540	1
703	542	1
703	544	1
703	545	1
703	551	1
703	561	1
703	563	1
703	565	1
703	569	1
703	571	1
703	572	1
703	573	1
703	574	1
703	579	1
703	582	1
703	584	1
703	587	1
703	589	1
703	590	1
703	592	1
703	597	1
703	599	1
703	601	1
703	607	1
703	608	1
703	612	1
703	620	1
703	621	1
703	623	1
704	12	1
704	55	1
704	61	1
704	116	1
704	317	1
704	349	1
704	359	1
704	403	1
704	418	1
704	419	1
704	433	1
704	444	1
704	445	1
704	446	1
704	447	1
704	448	1
704	454	1
704	462	1
704	464	1
704	465	1
704	467	1
704	468	1
704	469	1
704	473	1
704	476	1
704	482	1
704	484	1
704	485	1
704	490	1
704	505	1
704	507	1
704	508	1
704	513	1
704	514	1
704	518	1
704	521	1
704	531	1
704	532	1
704	538	1
704	546	1
704	548	1
704	552	1
704	554	1
704	555	1
704	562	1
704	564	1
704	565	1
704	566	1
704	567	1
704	568	1
704	578	1
704	579	1
704	581	1
704	582	1
704	583	1
704	585	1
704	588	1
704	589	1
704	593	1
704	606	1
704	607	1
704	609	1
704	611	1
704	613	1
704	614	1
704	618	1
704	621	1
704	622	1
705	77	1
705	208	1
705	210	1
705	222	1
705	268	1
705	311	1
705	315	1
705	318	1
705	324	1
705	329	1
705	348	1
705	397	1
705	403	1
705	419	1
705	423	1
705	428	1
705	431	1
705	451	1
705	463	1
705	465	1
705	466	1
705	468	1
705	473	1
705	477	1
705	493	1
705	498	1
705	501	1
705	503	1
705	506	1
705	508	1
705	509	1
705	510	1
705	513	1
705	514	1
705	515	1
705	530	1
705	536	1
705	539	1
705	540	1
705	546	1
705	553	1
705	555	1
705	558	1
705	559	1
705	560	1
705	561	1
705	563	1
705	564	1
705	566	1
705	569	1
705	572	1
705	574	1
705	582	1
705	586	1
705	591	1
705	592	1
705	594	1
705	595	1
705	596	1
705	598	1
705	603	1
705	604	1
705	608	1
705	609	1
705	615	1
705	619	1
705	620	1
705	622	1
706	204	1
706	265	1
706	341	1
706	373	1
706	377	1
706	380	1
706	387	1
706	391	1
706	402	1
706	404	1
706	414	1
706	440	1
706	441	1
706	442	1
706	444	1
706	445	1
706	448	1
706	451	1
706	452	1
706	453	1
706	454	1
706	470	1
706	474	1
706	479	1
706	496	1
706	502	1
706	503	1
706	504	1
706	505	1
706	513	1
706	516	1
706	517	1
706	518	1
706	519	1
706	522	1
706	526	1
706	531	1
706	532	1
706	534	1
706	535	1
706	538	1
706	539	1
706	540	1
706	544	1
706	550	1
706	554	1
706	558	1
706	562	1
706	564	1
706	565	1
706	567	1
706	568	1
706	569	1
706	575	1
706	581	1
706	585	1
706	590	1
706	592	1
706	594	1
706	599	1
706	603	1
706	604	1
706	606	1
706	612	1
706	614	1
706	615	1
706	617	1
706	621	1
707	115	1
707	162	1
707	192	1
707	300	1
707	363	1
707	369	1
707	373	1
707	377	1
707	390	1
707	395	1
707	401	1
707	417	1
707	421	1
707	436	1
707	437	1
707	447	1
707	448	1
707	470	1
707	478	1
707	490	1
707	491	1
707	496	1
707	506	1
707	511	1
707	513	1
707	515	1
707	517	1
707	518	1
707	523	1
707	529	1
707	530	1
707	532	1
707	538	1
707	539	1
707	544	1
707	547	1
707	549	1
707	550	1
707	552	1
707	553	1
707	557	1
707	559	1
707	562	1
707	567	1
707	568	1
707	570	1
707	573	1
707	575	1
707	576	1
707	577	1
707	582	1
707	589	1
707	590	1
707	591	1
707	594	1
707	595	1
707	600	1
707	601	1
707	604	1
707	607	1
707	608	1
707	611	1
707	612	1
707	614	1
707	617	1
707	618	1
707	619	1
707	621	1
707	622	1
708	60	1
708	215	1
708	225	1
708	242	1
708	266	1
708	308	1
708	326	1
708	348	1
708	377	1
708	382	1
708	384	1
708	403	1
708	406	1
708	409	1
708	418	1
708	421	1
708	431	1
708	433	1
708	437	1
708	446	1
708	448	1
708	452	1
708	455	1
708	462	1
708	467	1
708	470	1
708	477	1
708	480	1
708	482	1
708	486	1
708	487	1
708	495	1
708	499	1
708	501	1
708	503	1
708	509	1
708	512	1
708	522	1
708	525	1
708	527	1
708	529	1
708	532	1
708	535	1
708	538	1
708	539	1
708	546	1
708	556	1
708	559	1
708	561	1
708	562	1
708	563	1
708	571	1
708	573	1
708	574	1
708	580	1
708	581	1
708	587	1
708	588	1
708	589	1
708	592	1
708	597	1
708	598	1
708	599	1
708	600	1
708	611	1
708	612	1
708	614	1
708	616	1
708	619	1
708	620	1
709	204	1
709	226	1
709	232	1
709	248	1
709	256	1
709	314	1
709	328	1
709	329	1
709	339	1
709	341	1
709	356	1
709	408	1
709	429	1
709	441	1
709	445	1
709	450	1
709	452	1
709	453	1
709	457	1
709	462	1
709	469	1
709	470	1
709	479	1
709	480	1
709	487	1
709	490	1
709	497	1
709	510	1
709	511	1
709	514	1
709	515	1
709	518	1
709	519	1
709	530	1
709	534	1
709	540	1
709	541	1
709	542	1
709	544	1
709	546	1
709	547	1
709	552	1
709	557	1
709	559	1
709	560	1
709	565	1
709	567	1
709	568	1
709	570	1
709	577	1
709	579	1
709	580	1
709	586	1
709	589	1
709	592	1
709	595	1
709	597	1
709	602	1
709	607	1
709	609	1
709	612	1
709	614	1
709	615	1
709	616	1
709	617	1
709	618	1
709	619	1
709	621	1
709	622	1
709	623	1
710	41	1
710	70	1
710	207	1
710	234	1
710	239	1
710	262	1
710	359	1
710	361	1
710	367	1
710	374	1
710	380	1
710	383	1
710	402	1
710	406	1
710	412	1
710	414	1
710	425	1
710	430	1
710	447	1
710	449	1
710	455	1
710	459	1
710	463	1
710	466	1
710	468	1
710	476	1
710	477	1
710	479	1
710	487	1
710	491	1
710	496	1
710	497	1
710	500	1
710	502	1
710	509	1
710	515	1
710	516	1
710	529	1
710	538	1
710	540	1
710	543	1
710	549	1
710	550	1
710	552	1
710	557	1
710	558	1
710	561	1
710	564	1
710	565	1
710	566	1
710	569	1
710	572	1
710	577	1
710	582	1
710	587	1
710	589	1
710	590	1
710	591	1
710	593	1
710	594	1
710	596	1
710	598	1
710	600	1
710	604	1
710	605	1
710	606	1
710	617	1
710	618	1
710	620	1
710	623	1
711	98	1
711	274	1
711	304	1
711	309	1
711	320	1
711	353	1
711	356	1
711	358	1
711	359	1
711	366	1
711	371	1
711	379	1
711	401	1
711	424	1
711	435	1
711	438	1
711	441	1
711	446	1
711	467	1
711	472	1
711	475	1
711	480	1
711	481	1
711	484	1
711	488	1
711	492	1
711	495	1
711	496	1
711	500	1
711	506	1
711	508	1
711	515	1
711	516	1
711	519	1
711	522	1
711	527	1
711	534	1
711	537	1
711	538	1
711	542	1
711	545	1
711	546	1
711	548	1
711	549	1
711	550	1
711	555	1
711	558	1
711	565	1
711	577	1
711	579	1
711	580	1
711	582	1
711	585	1
711	586	1
711	588	1
711	590	1
711	593	1
711	596	1
711	597	1
711	600	1
711	601	1
711	603	1
711	604	1
711	612	1
711	613	1
711	617	1
711	618	1
711	619	1
711	621	1
711	622	1
712	138	1
712	261	1
712	281	1
712	293	1
712	303	1
712	307	1
712	325	1
712	348	1
712	372	1
712	374	1
712	382	1
712	398	1
712	408	1
712	414	1
712	431	1
712	443	1
712	456	1
712	457	1
712	463	1
712	470	1
712	473	1
712	476	1
712	483	1
712	488	1
712	490	1
712	499	1
712	505	1
712	506	1
712	507	1
712	514	1
712	517	1
712	519	1
712	522	1
712	525	1
712	526	1
712	527	1
712	528	1
712	529	1
712	535	1
712	539	1
712	546	1
712	547	1
712	550	1
712	553	1
712	554	1
712	555	1
712	559	1
712	561	1
712	564	1
712	565	1
712	566	1
712	567	1
712	573	1
712	575	1
712	576	1
712	584	1
712	588	1
712	591	1
712	593	1
712	595	1
712	597	1
712	599	1
712	602	1
712	603	1
712	606	1
712	609	1
712	611	1
712	612	1
712	613	1
712	623	1
713	273	1
713	292	1
713	332	1
713	335	1
713	350	1
713	353	1
713	366	1
713	373	1
713	374	1
713	384	1
713	388	1
713	390	1
713	418	1
713	422	1
713	429	1
713	431	1
713	438	1
713	439	1
713	447	1
713	452	1
713	453	1
713	456	1
713	461	1
713	464	1
713	468	1
713	471	1
713	472	1
713	474	1
713	482	1
713	487	1
713	491	1
713	493	1
713	494	1
713	495	1
713	497	1
713	502	1
713	503	1
713	506	1
713	507	1
713	508	1
713	509	1
713	510	1
713	518	1
713	522	1
713	524	1
713	525	1
713	538	1
713	556	1
713	557	1
713	560	1
713	561	1
713	562	1
713	567	1
713	571	1
713	572	1
713	574	1
713	576	1
713	581	1
713	591	1
713	593	1
713	594	1
713	600	1
713	602	1
713	604	1
713	608	1
713	612	1
713	616	1
713	619	1
713	621	1
713	623	1
714	151	1
714	208	1
714	237	1
714	250	1
714	298	1
714	346	1
714	363	1
714	371	1
714	383	1
714	385	1
714	389	1
714	401	1
714	407	1
714	408	1
714	410	1
714	418	1
714	428	1
714	436	1
714	440	1
714	442	1
714	459	1
714	465	1
714	475	1
714	476	1
714	478	1
714	484	1
714	490	1
714	492	1
714	496	1
714	502	1
714	505	1
714	507	1
714	508	1
714	516	1
714	518	1
714	519	1
714	521	1
714	523	1
714	528	1
714	530	1
714	531	1
714	534	1
714	535	1
714	539	1
714	540	1
714	542	1
714	547	1
714	548	1
714	550	1
714	552	1
714	555	1
714	556	1
714	558	1
714	559	1
714	571	1
714	575	1
714	585	1
714	586	1
714	592	1
714	595	1
714	597	1
714	603	1
714	604	1
714	606	1
714	607	1
714	608	1
714	617	1
714	619	1
714	620	1
714	622	1
715	247	1
715	287	1
715	328	1
715	356	1
715	374	1
715	375	1
715	385	1
715	389	1
715	397	1
715	403	1
715	432	1
715	437	1
715	439	1
715	440	1
715	441	1
715	449	1
715	452	1
715	464	1
715	474	1
715	479	1
715	482	1
715	488	1
715	490	1
715	492	1
715	496	1
715	500	1
715	502	1
715	505	1
715	519	1
715	524	1
715	527	1
715	529	1
715	530	1
715	531	1
715	532	1
715	534	1
715	536	1
715	543	1
715	553	1
715	558	1
715	559	1
715	564	1
715	566	1
715	569	1
715	570	1
715	574	1
715	575	1
715	578	1
715	579	1
715	582	1
715	583	1
715	585	1
715	588	1
715	590	1
715	591	1
715	592	1
715	596	1
715	597	1
715	598	1
715	599	1
715	601	1
715	604	1
715	605	1
715	608	1
715	610	1
715	611	1
715	612	1
715	614	1
715	615	1
715	617	1
715	619	1
716	220	1
716	310	1
716	315	1
716	323	1
716	338	1
716	378	1
716	379	1
716	414	1
716	420	1
716	421	1
716	431	1
716	434	1
716	447	1
716	450	1
716	462	1
716	475	1
716	479	1
716	481	1
716	483	1
716	486	1
716	489	1
716	490	1
716	491	1
716	492	1
716	496	1
716	501	1
716	502	1
716	503	1
716	509	1
716	513	1
716	515	1
716	519	1
716	523	1
716	525	1
716	530	1
716	531	1
716	532	1
716	537	1
716	538	1
716	540	1
716	541	1
716	542	1
716	545	1
716	548	1
716	549	1
716	553	1
716	556	1
716	558	1
716	562	1
716	564	1
716	569	1
716	570	1
716	571	1
716	576	1
716	584	1
716	585	1
716	590	1
716	597	1
716	598	1
716	600	1
716	602	1
716	605	1
716	606	1
716	607	1
716	611	1
716	612	1
716	615	1
716	617	1
716	620	1
716	621	1
716	623	1
717	66	1
717	245	1
717	313	1
717	326	1
717	361	1
717	366	1
717	368	1
717	377	1
717	387	1
717	389	1
717	399	1
717	414	1
717	417	1
717	422	1
717	428	1
717	439	1
717	443	1
717	462	1
717	466	1
717	469	1
717	473	1
717	476	1
717	478	1
717	479	1
717	480	1
717	481	1
717	491	1
717	492	1
717	500	1
717	503	1
717	507	1
717	519	1
717	521	1
717	523	1
717	534	1
717	540	1
717	542	1
717	548	1
717	549	1
717	556	1
717	558	1
717	559	1
717	560	1
717	561	1
717	562	1
717	564	1
717	568	1
717	570	1
717	573	1
717	574	1
717	575	1
717	577	1
717	582	1
717	583	1
717	584	1
717	586	1
717	588	1
717	589	1
717	602	1
717	603	1
717	606	1
717	607	1
717	608	1
717	609	1
717	612	1
717	615	1
717	616	1
717	618	1
717	620	1
717	621	1
717	622	1
717	623	1
718	76	1
718	129	1
718	165	1
718	176	1
718	287	1
718	335	1
718	342	1
718	357	1
718	364	1
718	375	1
718	379	1
718	385	1
718	387	1
718	396	1
718	405	1
718	415	1
718	417	1
718	427	1
718	435	1
718	448	1
718	455	1
718	458	1
718	459	1
718	463	1
718	465	1
718	487	1
718	499	1
718	502	1
718	503	1
718	506	1
718	513	1
718	514	1
718	519	1
718	520	1
718	521	1
718	523	1
718	527	1
718	528	1
718	532	1
718	536	1
718	539	1
718	541	1
718	545	1
718	548	1
718	551	1
718	556	1
718	557	1
718	561	1
718	563	1
718	566	1
718	569	1
718	570	1
718	575	1
718	577	1
718	581	1
718	582	1
718	586	1
718	587	1
718	589	1
718	591	1
718	593	1
718	595	1
718	598	1
718	603	1
718	606	1
718	609	1
718	610	1
718	611	1
718	613	1
718	615	1
718	617	1
718	618	1
718	619	1
719	114	1
719	129	1
719	172	1
719	173	1
719	224	1
719	319	1
719	321	1
719	335	1
719	360	1
719	379	1
719	380	1
719	400	1
719	401	1
719	407	1
719	417	1
719	418	1
719	425	1
719	432	1
719	450	1
719	461	1
719	464	1
719	465	1
719	466	1
719	473	1
719	474	1
719	483	1
719	491	1
719	494	1
719	496	1
719	508	1
719	510	1
719	511	1
719	513	1
719	517	1
719	520	1
719	521	1
719	524	1
719	525	1
719	527	1
719	531	1
719	533	1
719	535	1
719	538	1
719	539	1
719	541	1
719	550	1
719	551	1
719	552	1
719	554	1
719	556	1
719	557	1
719	559	1
719	561	1
719	563	1
719	565	1
719	570	1
719	572	1
719	573	1
719	576	1
719	585	1
719	586	1
719	592	1
719	600	1
719	601	1
719	605	1
719	606	1
719	607	1
719	614	1
719	616	1
719	617	1
719	619	1
719	620	1
719	623	1
720	103	1
720	227	1
720	239	1
720	277	1
720	279	1
720	291	1
720	357	1
720	376	1
720	418	1
720	421	1
720	431	1
720	451	1
720	452	1
720	471	1
720	476	1
720	483	1
720	484	1
720	489	1
720	493	1
720	500	1
720	502	1
720	503	1
720	505	1
720	507	1
720	509	1
720	511	1
720	513	1
720	521	1
720	522	1
720	524	1
720	525	1
720	530	1
720	531	1
720	532	1
720	536	1
720	542	1
720	545	1
720	547	1
720	548	1
720	549	1
720	552	1
720	553	1
720	555	1
720	556	1
720	557	1
720	559	1
720	563	1
720	564	1
720	565	1
720	567	1
720	568	1
720	569	1
720	576	1
720	577	1
720	580	1
720	581	1
720	583	1
720	586	1
720	587	1
720	588	1
720	594	1
720	595	1
720	603	1
720	604	1
720	605	1
720	606	1
720	610	1
720	612	1
720	613	1
720	615	1
720	616	1
720	619	1
720	623	1
721	49	1
721	245	1
721	253	1
721	272	1
721	351	1
721	356	1
721	362	1
721	363	1
721	367	1
721	377	1
721	384	1
721	385	1
721	392	1
721	422	1
721	426	1
721	428	1
721	451	1
721	452	1
721	456	1
721	458	1
721	467	1
721	481	1
721	484	1
721	492	1
721	497	1
721	499	1
721	502	1
721	508	1
721	510	1
721	511	1
721	512	1
721	514	1
721	515	1
721	517	1
721	520	1
721	526	1
721	529	1
721	533	1
721	536	1
721	537	1
721	538	1
721	542	1
721	548	1
721	549	1
721	550	1
721	552	1
721	553	1
721	554	1
721	557	1
721	562	1
721	565	1
721	566	1
721	569	1
721	571	1
721	572	1
721	574	1
721	581	1
721	585	1
721	586	1
721	587	1
721	591	1
721	593	1
721	595	1
721	602	1
721	603	1
721	605	1
721	607	1
721	608	1
721	612	1
721	614	1
721	617	1
721	618	1
721	619	1
721	623	1
722	33	1
722	53	1
722	96	1
722	244	1
722	258	1
722	277	1
722	280	1
722	325	1
722	353	1
722	365	1
722	375	1
722	387	1
722	401	1
722	410	1
722	419	1
722	439	1
722	443	1
722	445	1
722	448	1
722	451	1
722	460	1
722	461	1
722	473	1
722	484	1
722	487	1
722	494	1
722	496	1
722	497	1
722	503	1
722	505	1
722	506	1
722	510	1
722	512	1
722	513	1
722	516	1
722	520	1
722	522	1
722	531	1
722	532	1
722	533	1
722	534	1
722	535	1
722	543	1
722	544	1
722	550	1
722	551	1
722	553	1
722	555	1
722	557	1
722	561	1
722	562	1
722	563	1
722	564	1
722	567	1
722	577	1
722	580	1
722	581	1
722	583	1
722	587	1
722	590	1
722	591	1
722	592	1
722	593	1
722	595	1
722	598	1
722	599	1
722	602	1
722	604	1
722	605	1
722	608	1
722	611	1
722	614	1
722	615	1
722	617	1
723	3	1
723	88	1
723	146	1
723	285	1
723	296	1
723	344	1
723	371	1
723	375	1
723	390	1
723	415	1
723	418	1
723	428	1
723	433	1
723	440	1
723	444	1
723	447	1
723	452	1
723	458	1
723	466	1
723	470	1
723	471	1
723	472	1
723	475	1
723	477	1
723	478	1
723	479	1
723	485	1
723	491	1
723	495	1
723	497	1
723	498	1
723	499	1
723	501	1
723	502	1
723	503	1
723	511	1
723	513	1
723	518	1
723	524	1
723	525	1
723	532	1
723	534	1
723	540	1
723	542	1
723	546	1
723	553	1
723	559	1
723	560	1
723	561	1
723	566	1
723	573	1
723	574	1
723	575	1
723	580	1
723	583	1
723	584	1
723	586	1
723	587	1
723	590	1
723	592	1
723	594	1
723	596	1
723	598	1
723	599	1
723	602	1
723	604	1
723	605	1
723	608	1
723	609	1
723	616	1
723	617	1
723	619	1
723	620	1
723	622	1
724	58	1
724	78	1
724	296	1
724	309	1
724	333	1
724	337	1
724	338	1
724	363	1
724	380	1
724	383	1
724	391	1
724	394	1
724	398	1
724	403	1
724	413	1
724	418	1
724	433	1
724	439	1
724	443	1
724	455	1
724	465	1
724	467	1
724	481	1
724	482	1
724	486	1
724	487	1
724	488	1
724	491	1
724	500	1
724	501	1
724	505	1
724	506	1
724	508	1
724	511	1
724	513	1
724	516	1
724	517	1
724	522	1
724	527	1
724	529	1
724	531	1
724	536	1
724	540	1
724	541	1
724	542	1
724	546	1
724	548	1
724	549	1
724	554	1
724	557	1
724	560	1
724	561	1
724	563	1
724	564	1
724	565	1
724	566	1
724	570	1
724	577	1
724	580	1
724	592	1
724	596	1
724	598	1
724	599	1
724	603	1
724	604	1
724	606	1
724	607	1
724	609	1
724	610	1
724	611	1
724	613	1
724	614	1
724	617	1
724	620	1
725	27	1
725	90	1
725	103	1
725	106	1
725	225	1
725	276	1
725	314	1
725	329	1
725	334	1
725	347	1
725	364	1
725	365	1
725	374	1
725	395	1
725	398	1
725	408	1
725	411	1
725	413	1
725	421	1
725	423	1
725	425	1
725	447	1
725	451	1
725	462	1
725	464	1
725	472	1
725	478	1
725	487	1
725	495	1
725	496	1
725	498	1
725	502	1
725	509	1
725	511	1
725	514	1
725	515	1
725	519	1
725	520	1
725	521	1
725	527	1
725	532	1
725	537	1
725	538	1
725	540	1
725	542	1
725	549	1
725	556	1
725	557	1
725	558	1
725	559	1
725	562	1
725	563	1
725	566	1
725	567	1
725	571	1
725	586	1
725	588	1
725	589	1
725	590	1
725	591	1
725	592	1
725	593	1
725	597	1
725	600	1
725	602	1
725	607	1
725	609	1
725	614	1
725	616	1
725	617	1
725	618	1
725	619	1
725	622	1
725	623	1
726	52	1
726	129	1
726	257	1
726	276	1
726	278	1
726	282	1
726	291	1
726	306	1
726	337	1
726	346	1
726	349	1
726	370	1
726	374	1
726	379	1
726	390	1
726	392	1
726	401	1
726	413	1
726	430	1
726	432	1
726	435	1
726	438	1
726	445	1
726	449	1
726	465	1
726	468	1
726	472	1
726	473	1
726	477	1
726	478	1
726	482	1
726	486	1
726	489	1
726	491	1
726	494	1
726	499	1
726	505	1
726	506	1
726	514	1
726	527	1
726	528	1
726	537	1
726	542	1
726	544	1
726	545	1
726	547	1
726	548	1
726	550	1
726	561	1
726	563	1
726	572	1
726	574	1
726	577	1
726	582	1
726	584	1
726	585	1
726	589	1
726	594	1
726	595	1
726	596	1
726	597	1
726	598	1
726	599	1
726	600	1
726	604	1
726	605	1
726	606	1
726	608	1
726	612	1
726	614	1
726	615	1
726	618	1
726	619	1
726	620	1
727	185	1
727	191	1
727	233	1
727	315	1
727	325	1
727	335	1
727	351	1
727	353	1
727	354	1
727	359	1
727	381	1
727	386	1
727	404	1
727	410	1
727	417	1
727	424	1
727	428	1
727	434	1
727	438	1
727	439	1
727	444	1
727	448	1
727	449	1
727	450	1
727	455	1
727	460	1
727	465	1
727	474	1
727	476	1
727	477	1
727	481	1
727	482	1
727	483	1
727	494	1
727	500	1
727	503	1
727	507	1
727	508	1
727	509	1
727	510	1
727	511	1
727	512	1
727	514	1
727	516	1
727	525	1
727	529	1
727	531	1
727	535	1
727	537	1
727	539	1
727	549	1
727	552	1
727	554	1
727	556	1
727	557	1
727	558	1
727	563	1
727	565	1
727	568	1
727	574	1
727	575	1
727	576	1
727	579	1
727	581	1
727	582	1
727	588	1
727	595	1
727	598	1
727	599	1
727	600	1
727	606	1
727	607	1
727	610	1
727	619	1
727	623	1
728	51	1
728	80	1
728	171	1
728	242	1
728	253	1
728	288	1
728	337	1
728	372	1
728	382	1
728	392	1
728	394	1
728	398	1
728	402	1
728	403	1
728	406	1
728	415	1
728	417	1
728	423	1
728	440	1
728	442	1
728	454	1
728	460	1
728	466	1
728	471	1
728	472	1
728	477	1
728	488	1
728	494	1
728	498	1
728	508	1
728	511	1
728	512	1
728	513	1
728	514	1
728	515	1
728	517	1
728	518	1
728	528	1
728	529	1
728	530	1
728	533	1
728	536	1
728	537	1
728	541	1
728	543	1
728	544	1
728	545	1
728	546	1
728	549	1
728	551	1
728	552	1
728	553	1
728	554	1
728	558	1
728	560	1
728	563	1
728	566	1
728	575	1
728	578	1
728	580	1
728	581	1
728	582	1
728	584	1
728	585	1
728	588	1
728	592	1
728	595	1
728	598	1
728	600	1
728	604	1
728	605	1
728	606	1
728	611	1
728	618	1
728	623	1
729	232	1
729	244	1
729	248	1
729	289	1
729	290	1
729	325	1
729	334	1
729	340	1
729	361	1
729	379	1
729	396	1
729	413	1
729	417	1
729	440	1
729	442	1
729	443	1
729	450	1
729	464	1
729	465	1
729	466	1
729	473	1
729	475	1
729	478	1
729	490	1
729	497	1
729	498	1
729	500	1
729	501	1
729	512	1
729	521	1
729	523	1
729	524	1
729	529	1
729	533	1
729	535	1
729	537	1
729	539	1
729	540	1
729	542	1
729	544	1
729	546	1
729	548	1
729	553	1
729	556	1
729	557	1
729	561	1
729	562	1
729	564	1
729	567	1
729	568	1
729	571	1
729	572	1
729	574	1
729	575	1
729	576	1
729	580	1
729	584	1
729	585	1
729	587	1
729	592	1
729	596	1
729	597	1
729	600	1
729	601	1
729	603	1
729	605	1
729	608	1
729	609	1
729	615	1
729	616	1
729	617	1
729	618	1
729	619	1
729	620	1
729	621	1
730	4	1
730	280	1
730	325	1
730	326	1
730	330	1
730	355	1
730	370	1
730	371	1
730	377	1
730	401	1
730	405	1
730	410	1
730	411	1
730	415	1
730	421	1
730	430	1
730	451	1
730	452	1
730	454	1
730	455	1
730	460	1
730	474	1
730	477	1
730	478	1
730	479	1
730	484	1
730	486	1
730	497	1
730	499	1
730	500	1
730	501	1
730	503	1
730	505	1
730	506	1
730	507	1
730	510	1
730	511	1
730	512	1
730	514	1
730	523	1
730	525	1
730	529	1
730	532	1
730	537	1
730	539	1
730	543	1
730	550	1
730	554	1
730	555	1
730	557	1
730	560	1
730	561	1
730	562	1
730	563	1
730	567	1
730	568	1
730	569	1
730	570	1
730	573	1
730	574	1
730	576	1
730	577	1
730	585	1
730	586	1
730	587	1
730	593	1
730	594	1
730	598	1
730	599	1
730	600	1
730	602	1
730	606	1
730	607	1
730	611	1
730	618	1
730	619	1
731	114	1
731	172	1
731	173	1
731	302	1
731	327	1
731	335	1
731	351	1
731	357	1
731	363	1
731	381	1
731	382	1
731	390	1
731	393	1
731	403	1
731	406	1
731	408	1
731	413	1
731	421	1
731	422	1
731	425	1
731	435	1
731	454	1
731	456	1
731	457	1
731	461	1
731	463	1
731	473	1
731	474	1
731	477	1
731	483	1
731	486	1
731	491	1
731	494	1
731	496	1
731	500	1
731	510	1
731	512	1
731	513	1
731	516	1
731	525	1
731	527	1
731	529	1
731	530	1
731	532	1
731	537	1
731	538	1
731	545	1
731	549	1
731	556	1
731	558	1
731	559	1
731	564	1
731	566	1
731	569	1
731	574	1
731	576	1
731	577	1
731	578	1
731	581	1
731	588	1
731	590	1
731	593	1
731	596	1
731	599	1
731	601	1
731	602	1
731	603	1
731	604	1
731	609	1
731	610	1
731	612	1
731	613	1
731	615	1
731	618	1
731	619	1
731	620	1
732	219	1
732	265	1
732	277	1
732	289	1
732	309	1
732	331	1
732	354	1
732	357	1
732	360	1
732	382	1
732	383	1
732	393	1
732	395	1
732	396	1
732	399	1
732	405	1
732	407	1
732	419	1
732	420	1
732	424	1
732	425	1
732	430	1
732	432	1
732	437	1
732	445	1
732	450	1
732	451	1
732	454	1
732	460	1
732	468	1
732	477	1
732	479	1
732	482	1
732	483	1
732	489	1
732	494	1
732	496	1
732	500	1
732	505	1
732	509	1
732	516	1
732	530	1
732	531	1
732	533	1
732	537	1
732	539	1
732	540	1
732	542	1
732	544	1
732	546	1
732	551	1
732	552	1
732	553	1
732	555	1
732	556	1
732	561	1
732	565	1
732	566	1
732	567	1
732	568	1
732	570	1
732	572	1
732	581	1
732	584	1
732	590	1
732	591	1
732	597	1
732	598	1
732	601	1
732	606	1
732	609	1
732	610	1
732	611	1
732	613	1
732	619	1
732	620	1
732	623	1
733	67	1
733	300	1
733	303	1
733	317	1
733	359	1
733	361	1
733	362	1
733	378	1
733	383	1
733	384	1
733	386	1
733	407	1
733	419	1
733	435	1
733	440	1
733	441	1
733	457	1
733	464	1
733	465	1
733	467	1
733	472	1
733	478	1
733	481	1
733	490	1
733	491	1
733	492	1
733	494	1
733	499	1
733	501	1
733	502	1
733	505	1
733	509	1
733	510	1
733	511	1
733	512	1
733	514	1
733	519	1
733	529	1
733	530	1
733	536	1
733	537	1
733	544	1
733	547	1
733	548	1
733	549	1
733	550	1
733	558	1
733	561	1
733	562	1
733	569	1
733	571	1
733	572	1
733	577	1
733	580	1
733	583	1
733	586	1
733	587	1
733	588	1
733	589	1
733	591	1
733	592	1
733	593	1
733	596	1
733	600	1
733	601	1
733	602	1
733	603	1
733	605	1
733	607	1
733	610	1
733	612	1
733	613	1
733	614	1
733	616	1
733	618	1
733	620	1
733	621	1
733	622	1
734	59	1
734	75	1
734	254	1
734	372	1
734	373	1
734	376	1
734	388	1
734	392	1
734	401	1
734	406	1
734	407	1
734	408	1
734	413	1
734	417	1
734	433	1
734	442	1
734	447	1
734	449	1
734	456	1
734	459	1
734	460	1
734	464	1
734	465	1
734	470	1
734	481	1
734	485	1
734	491	1
734	495	1
734	496	1
734	514	1
734	515	1
734	519	1
734	521	1
734	523	1
734	528	1
734	531	1
734	532	1
734	536	1
734	537	1
734	539	1
734	540	1
734	547	1
734	548	1
734	549	1
734	550	1
734	555	1
734	556	1
734	559	1
734	560	1
734	564	1
734	565	1
734	571	1
734	574	1
734	578	1
734	580	1
734	581	1
734	586	1
734	588	1
734	593	1
734	594	1
734	595	1
734	597	1
734	601	1
734	602	1
734	603	1
734	604	1
734	607	1
734	609	1
734	610	1
734	611	1
734	612	1
734	613	1
734	614	1
734	618	1
734	619	1
734	620	1
734	621	1
734	623	1
735	111	1
735	197	1
735	202	1
735	227	1
735	236	1
735	278	1
735	283	1
735	289	1
735	298	1
735	306	1
735	320	1
735	321	1
735	342	1
735	349	1
735	361	1
735	363	1
735	388	1
735	392	1
735	393	1
735	405	1
735	419	1
735	427	1
735	429	1
735	430	1
735	435	1
735	436	1
735	438	1
735	449	1
735	451	1
735	454	1
735	486	1
735	489	1
735	495	1
735	499	1
735	500	1
735	504	1
735	511	1
735	512	1
735	514	1
735	517	1
735	520	1
735	529	1
735	534	1
735	539	1
735	540	1
735	545	1
735	546	1
735	548	1
735	554	1
735	557	1
735	561	1
735	562	1
735	563	1
735	571	1
735	574	1
735	575	1
735	578	1
735	579	1
735	580	1
735	581	1
735	585	1
735	586	1
735	590	1
735	591	1
735	594	1
735	598	1
735	600	1
735	603	1
735	606	1
735	608	1
735	612	1
735	613	1
735	614	1
735	615	1
735	618	1
735	620	1
735	621	1
735	622	1
736	27	1
736	165	1
736	218	1
736	243	1
736	255	1
736	279	1
736	280	1
736	316	1
736	336	1
736	365	1
736	386	1
736	390	1
736	391	1
736	407	1
736	420	1
736	434	1
736	439	1
736	440	1
736	443	1
736	453	1
736	455	1
736	458	1
736	461	1
736	462	1
736	466	1
736	468	1
736	472	1
736	475	1
736	485	1
736	489	1
736	498	1
736	506	1
736	508	1
736	510	1
736	520	1
736	525	1
736	526	1
736	530	1
736	531	1
736	537	1
736	539	1
736	541	1
736	542	1
736	545	1
736	546	1
736	547	1
736	548	1
736	556	1
736	561	1
736	563	1
736	565	1
736	567	1
736	568	1
736	570	1
736	571	1
736	572	1
736	574	1
736	576	1
736	578	1
736	581	1
736	584	1
736	587	1
736	591	1
736	592	1
736	594	1
736	595	1
736	596	1
736	601	1
736	602	1
736	604	1
736	605	1
736	608	1
736	610	1
736	611	1
736	613	1
736	618	1
736	619	1
736	620	1
737	182	1
737	253	1
737	290	1
737	326	1
737	337	1
737	353	1
737	357	1
737	360	1
737	369	1
737	373	1
737	380	1
737	383	1
737	395	1
737	406	1
737	414	1
737	415	1
737	424	1
737	427	1
737	428	1
737	430	1
737	432	1
737	436	1
737	441	1
737	447	1
737	453	1
737	461	1
737	466	1
737	477	1
737	483	1
737	485	1
737	487	1
737	490	1
737	501	1
737	503	1
737	505	1
737	506	1
737	510	1
737	517	1
737	520	1
737	523	1
737	525	1
737	528	1
737	532	1
737	536	1
737	541	1
737	543	1
737	550	1
737	553	1
737	556	1
737	557	1
737	558	1
737	559	1
737	563	1
737	565	1
737	573	1
737	574	1
737	577	1
737	580	1
737	585	1
737	586	1
737	587	1
737	588	1
737	589	1
737	591	1
737	598	1
737	599	1
737	600	1
737	603	1
737	607	1
737	608	1
737	609	1
737	610	1
737	613	1
737	614	1
737	615	1
737	616	1
737	617	1
737	620	1
738	185	1
738	335	1
738	341	1
738	344	1
738	367	1
738	368	1
738	374	1
738	385	1
738	400	1
738	402	1
738	404	1
738	411	1
738	416	1
738	422	1
738	423	1
738	442	1
738	455	1
738	462	1
738	473	1
738	474	1
738	477	1
738	488	1
738	491	1
738	495	1
738	498	1
738	499	1
738	511	1
738	516	1
738	518	1
738	520	1
738	522	1
738	526	1
738	528	1
738	530	1
738	532	1
738	533	1
738	535	1
738	537	1
738	538	1
738	541	1
738	542	1
738	546	1
738	547	1
738	550	1
738	554	1
738	556	1
738	558	1
738	559	1
738	564	1
738	566	1
738	568	1
738	570	1
738	575	1
738	576	1
738	578	1
738	579	1
738	581	1
738	582	1
738	583	1
738	585	1
738	586	1
738	591	1
738	592	1
738	593	1
738	597	1
738	598	1
738	602	1
738	603	1
738	605	1
738	606	1
738	608	1
738	611	1
738	614	1
738	616	1
738	617	1
738	619	1
738	620	1
738	622	1
739	83	1
739	182	1
739	221	1
739	253	1
739	296	1
739	323	1
739	327	1
739	365	1
739	375	1
739	393	1
739	397	1
739	406	1
739	417	1
739	419	1
739	423	1
739	431	1
739	432	1
739	434	1
739	436	1
739	468	1
739	472	1
739	477	1
739	478	1
739	482	1
739	484	1
739	487	1
739	488	1
739	489	1
739	493	1
739	495	1
739	496	1
739	497	1
739	498	1
739	501	1
739	503	1
739	506	1
739	509	1
739	512	1
739	518	1
739	521	1
739	522	1
739	531	1
739	533	1
739	535	1
739	541	1
739	545	1
739	547	1
739	551	1
739	552	1
739	553	1
739	554	1
739	556	1
739	566	1
739	570	1
739	573	1
739	577	1
739	580	1
739	582	1
739	585	1
739	586	1
739	587	1
739	588	1
739	590	1
739	591	1
739	592	1
739	597	1
739	602	1
739	604	1
739	606	1
739	608	1
739	609	1
739	610	1
739	611	1
739	614	1
739	615	1
739	620	1
739	621	1
739	623	1
740	109	1
740	121	1
740	150	1
740	204	1
740	212	1
740	236	1
740	255	1
740	326	1
740	333	1
740	336	1
740	339	1
740	345	1
740	348	1
740	362	1
740	384	1
740	385	1
740	398	1
740	421	1
740	434	1
740	439	1
740	450	1
740	453	1
740	455	1
740	460	1
740	464	1
740	465	1
740	467	1
740	469	1
740	470	1
740	477	1
740	489	1
740	496	1
740	504	1
740	505	1
740	508	1
740	509	1
740	511	1
740	512	1
740	515	1
740	520	1
740	521	1
740	522	1
740	523	1
740	525	1
740	532	1
740	537	1
740	540	1
740	544	1
740	550	1
740	555	1
740	556	1
740	558	1
740	561	1
740	562	1
740	565	1
740	566	1
740	568	1
740	571	1
740	574	1
740	575	1
740	577	1
740	579	1
740	581	1
740	582	1
740	587	1
740	592	1
740	594	1
740	597	1
740	599	1
740	602	1
740	603	1
740	605	1
740	606	1
740	609	1
740	610	1
740	618	1
740	619	1
740	620	1
740	622	1
741	71	1
741	156	1
741	299	1
741	316	1
741	333	1
741	371	1
741	377	1
741	378	1
741	394	1
741	395	1
741	412	1
741	413	1
741	420	1
741	434	1
741	452	1
741	454	1
741	456	1
741	457	1
741	461	1
741	464	1
741	472	1
741	473	1
741	481	1
741	482	1
741	486	1
741	487	1
741	490	1
741	493	1
741	494	1
741	495	1
741	496	1
741	499	1
741	502	1
741	503	1
741	506	1
741	513	1
741	514	1
741	518	1
741	520	1
741	521	1
741	523	1
741	524	1
741	529	1
741	531	1
741	532	1
741	533	1
741	535	1
741	537	1
741	538	1
741	540	1
741	547	1
741	555	1
741	559	1
741	560	1
741	562	1
741	566	1
741	568	1
741	569	1
741	570	1
741	576	1
741	579	1
741	584	1
741	587	1
741	588	1
741	590	1
741	593	1
741	594	1
741	597	1
741	598	1
741	601	1
741	603	1
741	608	1
741	609	1
741	611	1
741	612	1
741	613	1
741	614	1
741	621	1
741	622	1
742	64	1
742	250	1
742	287	1
742	312	1
742	319	1
742	326	1
742	335	1
742	336	1
742	357	1
742	361	1
742	383	1
742	385	1
742	388	1
742	392	1
742	404	1
742	417	1
742	422	1
742	427	1
742	435	1
742	436	1
742	443	1
742	449	1
742	450	1
742	456	1
742	461	1
742	480	1
742	481	1
742	484	1
742	496	1
742	497	1
742	507	1
742	513	1
742	518	1
742	519	1
742	520	1
742	522	1
742	523	1
742	531	1
742	536	1
742	537	1
742	543	1
742	545	1
742	547	1
742	548	1
742	552	1
742	557	1
742	560	1
742	561	1
742	564	1
742	565	1
742	567	1
742	569	1
742	570	1
742	573	1
742	574	1
742	575	1
742	576	1
742	577	1
742	579	1
742	581	1
742	583	1
742	584	1
742	586	1
742	587	1
742	593	1
742	594	1
742	595	1
742	596	1
742	598	1
742	599	1
742	601	1
742	602	1
742	608	1
742	611	1
742	617	1
742	618	1
742	620	1
742	622	1
742	623	1
743	30	1
743	102	1
743	157	1
743	339	1
743	352	1
743	363	1
743	366	1
743	370	1
743	372	1
743	381	1
743	391	1
743	396	1
743	397	1
743	401	1
743	418	1
743	427	1
743	433	1
743	435	1
743	437	1
743	444	1
743	449	1
743	459	1
743	465	1
743	470	1
743	477	1
743	484	1
743	489	1
743	498	1
743	499	1
743	500	1
743	502	1
743	508	1
743	509	1
743	511	1
743	517	1
743	519	1
743	522	1
743	532	1
743	534	1
743	535	1
743	537	1
743	538	1
743	539	1
743	540	1
743	541	1
743	546	1
743	550	1
743	553	1
743	554	1
743	555	1
743	556	1
743	559	1
743	563	1
743	564	1
743	567	1
743	570	1
743	571	1
743	572	1
743	573	1
743	575	1
743	576	1
743	578	1
743	579	1
743	582	1
743	585	1
743	587	1
743	592	1
743	594	1
743	597	1
743	598	1
743	603	1
743	604	1
743	607	1
743	608	1
743	612	1
743	619	1
743	620	1
743	622	1
743	623	1
744	70	1
744	170	1
744	230	1
744	290	1
744	299	1
744	302	1
744	315	1
744	316	1
744	325	1
744	346	1
744	374	1
744	384	1
744	389	1
744	393	1
744	400	1
744	403	1
744	405	1
744	406	1
744	410	1
744	413	1
744	416	1
744	422	1
744	423	1
744	425	1
744	430	1
744	448	1
744	456	1
744	458	1
744	465	1
744	470	1
744	472	1
744	476	1
744	489	1
744	492	1
744	495	1
744	498	1
744	501	1
744	509	1
744	514	1
744	515	1
744	517	1
744	524	1
744	527	1
744	535	1
744	538	1
744	539	1
744	540	1
744	546	1
744	547	1
744	552	1
744	555	1
744	557	1
744	564	1
744	565	1
744	572	1
744	574	1
744	577	1
744	578	1
744	579	1
744	580	1
744	582	1
744	583	1
744	587	1
744	588	1
744	589	1
744	592	1
744	594	1
744	596	1
744	601	1
744	602	1
744	603	1
744	605	1
744	606	1
744	609	1
744	614	1
744	617	1
744	620	1
744	621	1
744	622	1
745	74	1
745	87	1
745	186	1
745	252	1
745	258	1
745	280	1
745	294	1
745	297	1
745	303	1
745	323	1
745	378	1
745	386	1
745	412	1
745	425	1
745	426	1
745	427	1
745	432	1
745	442	1
745	449	1
745	453	1
745	456	1
745	461	1
745	467	1
745	468	1
745	472	1
745	476	1
745	483	1
745	484	1
745	485	1
745	491	1
745	492	1
745	493	1
745	494	1
745	495	1
745	501	1
745	507	1
745	509	1
745	512	1
745	514	1
745	516	1
745	524	1
745	525	1
745	527	1
745	530	1
745	532	1
745	533	1
745	535	1
745	538	1
745	540	1
745	541	1
745	548	1
745	549	1
745	557	1
745	560	1
745	564	1
745	565	1
745	566	1
745	567	1
745	568	1
745	572	1
745	575	1
745	578	1
745	580	1
745	582	1
745	584	1
745	586	1
745	587	1
745	591	1
745	593	1
745	596	1
745	597	1
745	598	1
745	603	1
745	606	1
745	612	1
745	613	1
745	615	1
745	617	1
745	618	1
745	619	1
746	17	1
746	52	1
746	146	1
746	162	1
746	293	1
746	303	1
746	324	1
746	344	1
746	349	1
746	354	1
746	358	1
746	368	1
746	389	1
746	393	1
746	405	1
746	408	1
746	409	1
746	420	1
746	426	1
746	432	1
746	434	1
746	439	1
746	451	1
746	452	1
746	455	1
746	456	1
746	461	1
746	466	1
746	475	1
746	483	1
746	485	1
746	489	1
746	493	1
746	495	1
746	501	1
746	504	1
746	507	1
746	510	1
746	511	1
746	515	1
746	518	1
746	520	1
746	524	1
746	528	1
746	529	1
746	530	1
746	541	1
746	544	1
746	545	1
746	548	1
746	549	1
746	550	1
746	554	1
746	557	1
746	563	1
746	565	1
746	566	1
746	567	1
746	572	1
746	573	1
746	576	1
746	578	1
746	579	1
746	580	1
746	591	1
746	592	1
746	594	1
746	595	1
746	596	1
746	598	1
746	599	1
746	605	1
746	606	1
746	608	1
746	611	1
746	613	1
746	617	1
746	618	1
746	622	1
746	623	1
747	107	1
747	126	1
747	134	1
747	288	1
747	333	1
747	364	1
747	371	1
747	373	1
747	375	1
747	381	1
747	392	1
747	417	1
747	430	1
747	433	1
747	444	1
747	447	1
747	451	1
747	453	1
747	458	1
747	459	1
747	469	1
747	470	1
747	475	1
747	476	1
747	480	1
747	489	1
747	492	1
747	494	1
747	495	1
747	496	1
747	507	1
747	508	1
747	510	1
747	513	1
747	516	1
747	517	1
747	526	1
747	533	1
747	538	1
747	540	1
747	545	1
747	546	1
747	549	1
747	551	1
747	557	1
747	560	1
747	561	1
747	563	1
747	566	1
747	568	1
747	569	1
747	570	1
747	571	1
747	572	1
747	573	1
747	575	1
747	576	1
747	579	1
747	580	1
747	581	1
747	584	1
747	585	1
747	588	1
747	590	1
747	592	1
747	594	1
747	597	1
747	599	1
747	601	1
747	603	1
747	606	1
747	608	1
747	610	1
747	613	1
747	617	1
747	618	1
747	619	1
747	621	1
747	622	1
747	623	1
748	138	1
748	222	1
748	315	1
748	324	1
748	341	1
748	349	1
748	351	1
748	357	1
748	380	1
748	382	1
748	392	1
748	398	1
748	403	1
748	415	1
748	433	1
748	438	1
748	440	1
748	441	1
748	446	1
748	451	1
748	457	1
748	458	1
748	459	1
748	464	1
748	471	1
748	474	1
748	477	1
748	494	1
748	496	1
748	498	1
748	499	1
748	502	1
748	509	1
748	515	1
748	519	1
748	520	1
748	521	1
748	522	1
748	526	1
748	529	1
748	535	1
748	538	1
748	542	1
748	546	1
748	547	1
748	549	1
748	551	1
748	556	1
748	557	1
748	558	1
748	566	1
748	567	1
748	569	1
748	570	1
748	571	1
748	574	1
748	575	1
748	579	1
748	582	1
748	583	1
748	585	1
748	586	1
748	588	1
748	590	1
748	591	1
748	593	1
748	596	1
748	597	1
748	598	1
748	602	1
748	603	1
748	606	1
748	609	1
748	611	1
748	613	1
748	616	1
748	617	1
748	618	1
748	619	1
748	621	1
748	622	1
749	65	1
749	242	1
749	283	1
749	315	1
749	327	1
749	356	1
749	358	1
749	373	1
749	379	1
749	383	1
749	387	1
749	395	1
749	397	1
749	407	1
749	410	1
749	414	1
749	417	1
749	423	1
749	432	1
749	433	1
749	439	1
749	442	1
749	444	1
749	445	1
749	456	1
749	458	1
749	463	1
749	480	1
749	490	1
749	493	1
749	496	1
749	498	1
749	502	1
749	504	1
749	506	1
749	514	1
749	516	1
749	518	1
749	519	1
749	524	1
749	527	1
749	530	1
749	531	1
749	532	1
749	533	1
749	534	1
749	535	1
749	536	1
749	540	1
749	541	1
749	542	1
749	544	1
749	545	1
749	547	1
749	550	1
749	553	1
749	554	1
749	555	1
749	560	1
749	570	1
749	574	1
749	576	1
749	579	1
749	581	1
749	583	1
749	588	1
749	590	1
749	593	1
749	594	1
749	595	1
749	599	1
749	600	1
749	601	1
749	602	1
749	605	1
749	610	1
749	612	1
749	615	1
749	616	1
749	620	1
749	623	1
750	3	1
750	43	1
750	103	1
750	148	1
750	214	1
750	248	1
750	268	1
750	284	1
750	325	1
750	330	1
750	341	1
750	355	1
750	369	1
750	373	1
750	377	1
750	393	1
750	403	1
750	408	1
750	414	1
750	422	1
750	426	1
750	429	1
750	432	1
750	440	1
750	445	1
750	446	1
750	447	1
750	456	1
750	461	1
750	468	1
750	469	1
750	472	1
750	478	1
750	484	1
750	493	1
750	496	1
750	498	1
750	504	1
750	517	1
750	518	1
750	519	1
750	521	1
750	528	1
750	529	1
750	532	1
750	536	1
750	542	1
750	543	1
750	544	1
750	546	1
750	549	1
750	557	1
750	559	1
750	562	1
750	566	1
750	567	1
750	569	1
750	571	1
750	580	1
750	582	1
750	584	1
750	585	1
750	586	1
750	587	1
750	591	1
750	592	1
750	595	1
750	596	1
750	598	1
750	600	1
750	601	1
750	605	1
750	606	1
750	607	1
750	608	1
750	610	1
750	611	1
750	612	1
750	617	1
750	621	1
750	623	1
751	21	1
751	162	1
751	163	1
751	293	1
751	317	1
751	340	1
751	352	1
751	390	1
751	399	1
751	420	1
751	432	1
751	433	1
751	450	1
751	451	1
751	453	1
751	454	1
751	458	1
751	462	1
751	474	1
751	476	1
751	477	1
751	479	1
751	482	1
751	485	1
751	490	1
751	494	1
751	498	1
751	499	1
751	500	1
751	501	1
751	505	1
751	509	1
751	512	1
751	530	1
751	531	1
751	535	1
751	536	1
751	539	1
751	540	1
751	541	1
751	542	1
751	544	1
751	546	1
751	547	1
751	556	1
751	557	1
751	558	1
751	560	1
751	563	1
751	564	1
751	567	1
751	568	1
751	570	1
751	571	1
751	573	1
751	575	1
751	576	1
751	577	1
751	578	1
751	586	1
751	589	1
751	590	1
751	592	1
751	593	1
751	596	1
751	598	1
751	599	1
751	600	1
751	603	1
751	604	1
751	606	1
751	610	1
751	613	1
751	614	1
751	615	1
751	616	1
751	617	1
751	620	1
751	621	1
751	622	1
751	623	1
752	271	1
752	301	1
752	325	1
752	334	1
752	345	1
752	351	1
752	368	1
752	372	1
752	381	1
752	386	1
752	395	1
752	399	1
752	416	1
752	419	1
752	420	1
752	424	1
752	428	1
752	431	1
752	434	1
752	436	1
752	437	1
752	445	1
752	448	1
752	449	1
752	455	1
752	459	1
752	462	1
752	469	1
752	470	1
752	471	1
752	472	1
752	475	1
752	477	1
752	478	1
752	480	1
752	492	1
752	495	1
752	503	1
752	505	1
752	507	1
752	509	1
752	516	1
752	517	1
752	518	1
752	520	1
752	525	1
752	528	1
752	530	1
752	533	1
752	534	1
752	535	1
752	536	1
752	537	1
752	543	1
752	545	1
752	552	1
752	556	1
752	557	1
752	559	1
752	566	1
752	571	1
752	573	1
752	574	1
752	577	1
752	580	1
752	582	1
752	587	1
752	588	1
752	592	1
752	594	1
752	597	1
752	598	1
752	599	1
752	601	1
752	604	1
752	607	1
752	609	1
752	610	1
752	612	1
752	619	1
752	621	1
752	622	1
753	7	1
753	144	1
753	235	1
753	252	1
753	286	1
753	297	1
753	330	1
753	345	1
753	349	1
753	359	1
753	370	1
753	379	1
753	385	1
753	391	1
753	398	1
753	406	1
753	410	1
753	414	1
753	423	1
753	436	1
753	440	1
753	441	1
753	447	1
753	449	1
753	451	1
753	453	1
753	456	1
753	462	1
753	465	1
753	468	1
753	473	1
753	475	1
753	478	1
753	482	1
753	486	1
753	491	1
753	493	1
753	497	1
753	503	1
753	504	1
753	505	1
753	508	1
753	513	1
753	515	1
753	523	1
753	525	1
753	526	1
753	530	1
753	534	1
753	536	1
753	540	1
753	541	1
753	544	1
753	552	1
753	555	1
753	557	1
753	560	1
753	562	1
753	564	1
753	568	1
753	569	1
753	570	1
753	571	1
753	572	1
753	573	1
753	575	1
753	581	1
753	584	1
753	587	1
753	589	1
753	591	1
753	597	1
753	598	1
753	599	1
753	600	1
753	601	1
753	602	1
753	612	1
753	613	1
753	615	1
753	621	1
753	622	1
754	100	1
754	101	1
754	126	1
754	187	1
754	289	1
754	290	1
754	306	1
754	309	1
754	316	1
754	320	1
754	325	1
754	337	1
754	358	1
754	371	1
754	377	1
754	392	1
754	406	1
754	407	1
754	423	1
754	425	1
754	429	1
754	435	1
754	438	1
754	449	1
754	453	1
754	462	1
754	467	1
754	468	1
754	477	1
754	480	1
754	484	1
754	486	1
754	488	1
754	493	1
754	494	1
754	518	1
754	520	1
754	523	1
754	525	1
754	526	1
754	528	1
754	532	1
754	533	1
754	536	1
754	538	1
754	540	1
754	542	1
754	545	1
754	546	1
754	547	1
754	548	1
754	552	1
754	557	1
754	558	1
754	561	1
754	563	1
754	564	1
754	567	1
754	568	1
754	570	1
754	572	1
754	573	1
754	574	1
754	577	1
754	580	1
754	582	1
754	583	1
754	584	1
754	588	1
754	589	1
754	591	1
754	594	1
754	600	1
754	601	1
754	602	1
754	604	1
754	608	1
754	613	1
754	614	1
754	617	1
754	619	1
754	622	1
755	34	1
755	63	1
755	71	1
755	136	1
755	158	1
755	219	1
755	243	1
755	278	1
755	330	1
755	334	1
755	338	1
755	339	1
755	358	1
755	363	1
755	376	1
755	394	1
755	400	1
755	403	1
755	411	1
755	417	1
755	419	1
755	427	1
755	431	1
755	434	1
755	442	1
755	443	1
755	444	1
755	457	1
755	469	1
755	473	1
755	474	1
755	479	1
755	480	1
755	483	1
755	484	1
755	490	1
755	494	1
755	495	1
755	497	1
755	498	1
755	503	1
755	505	1
755	506	1
755	514	1
755	515	1
755	516	1
755	519	1
755	520	1
755	523	1
755	524	1
755	525	1
755	526	1
755	537	1
755	538	1
755	539	1
755	542	1
755	544	1
755	548	1
755	549	1
755	553	1
755	563	1
755	564	1
755	565	1
755	567	1
755	573	1
755	576	1
755	577	1
755	582	1
755	583	1
755	584	1
755	586	1
755	588	1
755	591	1
755	594	1
755	595	1
755	596	1
755	599	1
755	601	1
755	604	1
755	607	1
755	613	1
755	615	1
755	623	1
756	78	1
756	124	1
756	135	1
756	166	1
756	203	1
756	213	1
756	287	1
756	304	1
756	313	1
756	327	1
756	346	1
756	356	1
756	364	1
756	367	1
756	374	1
756	385	1
756	389	1
756	396	1
756	398	1
756	401	1
756	402	1
756	414	1
756	417	1
756	420	1
756	446	1
756	452	1
756	453	1
756	456	1
756	460	1
756	462	1
756	464	1
756	465	1
756	467	1
756	483	1
756	486	1
756	490	1
756	491	1
756	493	1
756	497	1
756	498	1
756	504	1
756	505	1
756	506	1
756	508	1
756	510	1
756	512	1
756	513	1
756	514	1
756	515	1
756	520	1
756	522	1
756	528	1
756	531	1
756	533	1
756	535	1
756	540	1
756	541	1
756	550	1
756	551	1
756	559	1
756	560	1
756	563	1
756	565	1
756	569	1
756	571	1
756	572	1
756	576	1
756	579	1
756	580	1
756	588	1
756	589	1
756	593	1
756	595	1
756	596	1
756	597	1
756	601	1
756	606	1
756	607	1
756	608	1
756	610	1
756	612	1
756	615	1
756	618	1
757	276	1
757	301	1
757	315	1
757	327	1
757	339	1
757	352	1
757	371	1
757	390	1
757	395	1
757	397	1
757	405	1
757	413	1
757	421	1
757	423	1
757	428	1
757	439	1
757	441	1
757	443	1
757	444	1
757	446	1
757	447	1
757	450	1
757	452	1
757	455	1
757	456	1
757	458	1
757	459	1
757	468	1
757	476	1
757	477	1
757	480	1
757	492	1
757	498	1
757	503	1
757	506	1
757	510	1
757	515	1
757	526	1
757	529	1
757	530	1
757	531	1
757	533	1
757	536	1
757	537	1
757	538	1
757	539	1
757	541	1
757	542	1
757	544	1
757	545	1
757	555	1
757	557	1
757	562	1
757	566	1
757	567	1
757	569	1
757	572	1
757	573	1
757	576	1
757	579	1
757	581	1
757	584	1
757	585	1
757	587	1
757	588	1
757	590	1
757	592	1
757	594	1
757	595	1
757	598	1
757	599	1
757	601	1
757	603	1
757	606	1
757	610	1
757	611	1
757	612	1
757	613	1
757	614	1
757	616	1
757	617	1
757	619	1
757	621	1
758	199	1
758	244	1
758	294	1
758	327	1
758	342	1
758	343	1
758	352	1
758	362	1
758	374	1
758	377	1
758	378	1
758	380	1
758	390	1
758	397	1
758	400	1
758	404	1
758	421	1
758	425	1
758	433	1
758	442	1
758	443	1
758	447	1
758	448	1
758	450	1
758	461	1
758	466	1
758	468	1
758	470	1
758	473	1
758	475	1
758	478	1
758	489	1
758	490	1
758	491	1
758	494	1
758	496	1
758	498	1
758	515	1
758	516	1
758	518	1
758	523	1
758	525	1
758	531	1
758	533	1
758	535	1
758	538	1
758	541	1
758	542	1
758	543	1
758	544	1
758	545	1
758	546	1
758	548	1
758	550	1
758	551	1
758	553	1
758	554	1
758	558	1
758	560	1
758	563	1
758	564	1
758	566	1
758	569	1
758	570	1
758	571	1
758	572	1
758	573	1
758	579	1
758	583	1
758	585	1
758	587	1
758	591	1
758	592	1
758	597	1
758	598	1
758	599	1
758	604	1
758	606	1
758	610	1
758	614	1
758	615	1
758	617	1
758	619	1
759	83	1
759	86	1
759	276	1
759	313	1
759	342	1
759	344	1
759	370	1
759	376	1
759	377	1
759	383	1
759	397	1
759	409	1
759	412	1
759	421	1
759	423	1
759	425	1
759	430	1
759	432	1
759	466	1
759	468	1
759	474	1
759	478	1
759	480	1
759	481	1
759	483	1
759	488	1
759	490	1
759	491	1
759	492	1
759	493	1
759	507	1
759	510	1
759	514	1
759	516	1
759	521	1
759	522	1
759	524	1
759	525	1
759	526	1
759	527	1
759	530	1
759	531	1
759	534	1
759	535	1
759	537	1
759	541	1
759	544	1
759	552	1
759	554	1
759	556	1
759	560	1
759	561	1
759	564	1
759	568	1
759	571	1
759	573	1
759	576	1
759	577	1
759	580	1
759	582	1
759	583	1
759	584	1
759	585	1
759	586	1
759	587	1
759	589	1
759	590	1
759	592	1
759	595	1
759	597	1
759	603	1
759	604	1
759	606	1
759	608	1
759	610	1
759	612	1
759	613	1
759	616	1
759	617	1
759	619	1
759	620	1
759	622	1
759	623	1
760	96	1
760	202	1
760	270	1
760	278	1
760	350	1
760	365	1
760	367	1
760	370	1
760	383	1
760	389	1
760	390	1
760	392	1
760	399	1
760	409	1
760	433	1
760	441	1
760	442	1
760	445	1
760	447	1
760	448	1
760	450	1
760	453	1
760	455	1
760	466	1
760	468	1
760	471	1
760	472	1
760	476	1
760	478	1
760	480	1
760	485	1
760	486	1
760	490	1
760	493	1
760	497	1
760	502	1
760	504	1
760	516	1
760	524	1
760	526	1
760	528	1
760	531	1
760	533	1
760	534	1
760	536	1
760	538	1
760	539	1
760	541	1
760	544	1
760	548	1
760	550	1
760	551	1
760	559	1
760	560	1
760	566	1
760	567	1
760	571	1
760	574	1
760	577	1
760	578	1
760	581	1
760	582	1
760	583	1
760	584	1
760	585	1
760	588	1
760	589	1
760	591	1
760	596	1
760	598	1
760	601	1
760	602	1
760	605	1
760	606	1
760	607	1
760	608	1
760	615	1
760	616	1
760	617	1
760	618	1
760	619	1
760	620	1
760	621	1
760	623	1
761	101	1
761	108	1
761	211	1
761	242	1
761	243	1
761	332	1
761	344	1
761	348	1
761	350	1
761	354	1
761	367	1
761	397	1
761	400	1
761	412	1
761	413	1
761	427	1
761	428	1
761	429	1
761	438	1
761	441	1
761	443	1
761	444	1
761	459	1
761	467	1
761	468	1
761	471	1
761	474	1
761	476	1
761	478	1
761	479	1
761	483	1
761	490	1
761	493	1
761	494	1
761	501	1
761	503	1
761	508	1
761	516	1
761	517	1
761	520	1
761	521	1
761	527	1
761	528	1
761	531	1
761	532	1
761	534	1
761	538	1
761	543	1
761	549	1
761	550	1
761	554	1
761	558	1
761	560	1
761	562	1
761	565	1
761	569	1
761	572	1
761	573	1
761	574	1
761	580	1
761	582	1
761	583	1
761	584	1
761	586	1
761	587	1
761	591	1
761	592	1
761	593	1
761	594	1
761	595	1
761	596	1
761	597	1
761	599	1
761	600	1
761	602	1
761	604	1
761	605	1
761	606	1
761	607	1
761	609	1
761	611	1
761	613	1
761	614	1
761	615	1
761	620	1
762	43	1
762	142	1
762	216	1
762	229	1
762	301	1
762	307	1
762	309	1
762	314	1
762	339	1
762	361	1
762	379	1
762	387	1
762	388	1
762	411	1
762	412	1
762	416	1
762	418	1
762	419	1
762	421	1
762	428	1
762	439	1
762	443	1
762	447	1
762	453	1
762	454	1
762	455	1
762	460	1
762	468	1
762	469	1
762	479	1
762	481	1
762	483	1
762	485	1
762	489	1
762	491	1
762	493	1
762	495	1
762	496	1
762	501	1
762	508	1
762	512	1
762	517	1
762	518	1
762	522	1
762	524	1
762	532	1
762	533	1
762	534	1
762	535	1
762	548	1
762	550	1
762	551	1
762	554	1
762	556	1
762	557	1
762	558	1
762	566	1
762	568	1
762	569	1
762	570	1
762	573	1
762	575	1
762	576	1
762	577	1
762	583	1
762	584	1
762	585	1
762	587	1
762	591	1
762	592	1
762	594	1
762	595	1
762	596	1
762	597	1
762	600	1
762	603	1
762	604	1
762	606	1
762	607	1
762	609	1
762	612	1
762	613	1
762	618	1
762	619	1
762	620	1
762	622	1
763	188	1
763	270	1
763	272	1
763	319	1
763	324	1
763	340	1
763	341	1
763	359	1
763	362	1
763	377	1
763	380	1
763	381	1
763	390	1
763	391	1
763	392	1
763	397	1
763	406	1
763	414	1
763	418	1
763	423	1
763	428	1
763	432	1
763	437	1
763	441	1
763	456	1
763	459	1
763	460	1
763	473	1
763	475	1
763	487	1
763	488	1
763	489	1
763	493	1
763	497	1
763	500	1
763	502	1
763	503	1
763	504	1
763	505	1
763	510	1
763	513	1
763	519	1
763	522	1
763	524	1
763	528	1
763	531	1
763	532	1
763	542	1
763	544	1
763	545	1
763	549	1
763	552	1
763	555	1
763	556	1
763	557	1
763	562	1
763	565	1
763	566	1
763	569	1
763	573	1
763	576	1
763	577	1
763	579	1
763	580	1
763	581	1
763	582	1
763	583	1
763	585	1
763	586	1
763	587	1
763	590	1
763	595	1
763	596	1
763	597	1
763	598	1
763	600	1
763	602	1
763	607	1
763	608	1
763	612	1
763	613	1
763	614	1
763	616	1
763	617	1
763	618	1
763	621	1
763	622	1
764	84	1
764	164	1
764	244	1
764	250	1
764	262	1
764	310	1
764	344	1
764	348	1
764	378	1
764	382	1
764	386	1
764	387	1
764	391	1
764	398	1
764	408	1
764	409	1
764	422	1
764	427	1
764	428	1
764	432	1
764	438	1
764	441	1
764	446	1
764	448	1
764	453	1
764	460	1
764	462	1
764	466	1
764	480	1
764	494	1
764	497	1
764	498	1
764	500	1
764	502	1
764	506	1
764	513	1
764	518	1
764	519	1
764	522	1
764	526	1
764	529	1
764	530	1
764	534	1
764	535	1
764	536	1
764	537	1
764	542	1
764	543	1
764	544	1
764	547	1
764	550	1
764	551	1
764	553	1
764	555	1
764	556	1
764	557	1
764	558	1
764	562	1
764	565	1
764	566	1
764	568	1
764	570	1
764	571	1
764	572	1
764	573	1
764	580	1
764	581	1
764	583	1
764	585	1
764	586	1
764	588	1
764	590	1
764	591	1
764	593	1
764	594	1
764	595	1
764	597	1
764	598	1
764	599	1
764	600	1
764	601	1
764	602	1
764	603	1
764	605	1
764	606	1
764	612	1
764	615	1
764	621	1
765	195	1
765	236	1
765	269	1
765	281	1
765	292	1
765	297	1
765	311	1
765	314	1
765	319	1
765	339	1
765	340	1
765	360	1
765	362	1
765	365	1
765	368	1
765	381	1
765	387	1
765	394	1
765	404	1
765	407	1
765	408	1
765	415	1
765	417	1
765	423	1
765	424	1
765	429	1
765	431	1
765	439	1
765	443	1
765	453	1
765	463	1
765	468	1
765	471	1
765	473	1
765	482	1
765	483	1
765	485	1
765	493	1
765	494	1
765	496	1
765	497	1
765	498	1
765	511	1
765	512	1
765	523	1
765	524	1
765	525	1
765	529	1
765	531	1
765	536	1
765	537	1
765	540	1
765	541	1
765	542	1
765	545	1
765	549	1
765	551	1
765	552	1
765	553	1
765	557	1
765	559	1
765	560	1
765	564	1
765	566	1
765	568	1
765	570	1
765	572	1
765	575	1
765	578	1
765	580	1
765	581	1
765	582	1
765	586	1
765	587	1
765	589	1
765	590	1
765	594	1
765	596	1
765	597	1
765	601	1
765	605	1
765	610	1
765	614	1
765	615	1
765	616	1
765	617	1
765	621	1
765	623	1
766	51	1
766	93	1
766	174	1
766	238	1
766	252	1
766	291	1
766	297	1
766	311	1
766	344	1
766	354	1
766	363	1
766	366	1
766	373	1
766	381	1
766	386	1
766	395	1
766	396	1
766	397	1
766	405	1
766	410	1
766	428	1
766	433	1
766	438	1
766	439	1
766	450	1
766	453	1
766	454	1
766	457	1
766	463	1
766	467	1
766	474	1
766	476	1
766	477	1
766	482	1
766	484	1
766	487	1
766	494	1
766	496	1
766	497	1
766	500	1
766	502	1
766	503	1
766	506	1
766	514	1
766	516	1
766	523	1
766	526	1
766	527	1
766	534	1
766	541	1
766	542	1
766	546	1
766	548	1
766	549	1
766	551	1
766	556	1
766	559	1
766	562	1
766	563	1
766	564	1
766	566	1
766	569	1
766	573	1
766	575	1
766	576	1
766	578	1
766	579	1
766	580	1
766	581	1
766	586	1
766	587	1
766	590	1
766	594	1
766	596	1
766	598	1
766	601	1
766	603	1
766	607	1
766	608	1
766	609	1
766	610	1
766	611	1
766	612	1
766	614	1
766	616	1
766	617	1
766	620	1
766	622	1
766	623	1
767	143	1
767	200	1
767	220	1
767	240	1
767	285	1
767	302	1
767	309	1
767	325	1
767	335	1
767	347	1
767	353	1
767	362	1
767	374	1
767	381	1
767	403	1
767	413	1
767	417	1
767	418	1
767	420	1
767	423	1
767	424	1
767	429	1
767	442	1
767	443	1
767	444	1
767	447	1
767	456	1
767	460	1
767	465	1
767	479	1
767	486	1
767	487	1
767	493	1
767	495	1
767	496	1
767	499	1
767	501	1
767	503	1
767	505	1
767	512	1
767	513	1
767	514	1
767	522	1
767	523	1
767	524	1
767	526	1
767	528	1
767	532	1
767	534	1
767	541	1
767	542	1
767	543	1
767	544	1
767	545	1
767	546	1
767	551	1
767	560	1
767	561	1
767	562	1
767	567	1
767	568	1
767	569	1
767	570	1
767	573	1
767	575	1
767	577	1
767	580	1
767	581	1
767	582	1
767	583	1
767	584	1
767	587	1
767	588	1
767	589	1
767	592	1
767	593	1
767	595	1
767	597	1
767	600	1
767	601	1
767	602	1
767	603	1
767	608	1
767	610	1
767	613	1
767	618	1
767	619	1
767	622	1
767	623	1
768	119	1
768	167	1
768	196	1
768	236	1
768	268	1
768	276	1
768	279	1
768	283	1
768	323	1
768	359	1
768	360	1
768	364	1
768	371	1
768	390	1
768	407	1
768	416	1
768	422	1
768	429	1
768	432	1
768	437	1
768	440	1
768	445	1
768	450	1
768	451	1
768	453	1
768	455	1
768	458	1
768	461	1
768	476	1
768	479	1
768	481	1
768	482	1
768	484	1
768	486	1
768	487	1
768	488	1
768	493	1
768	498	1
768	501	1
768	504	1
768	512	1
768	514	1
768	516	1
768	519	1
768	522	1
768	525	1
768	526	1
768	527	1
768	535	1
768	539	1
768	545	1
768	549	1
768	550	1
768	555	1
768	556	1
768	557	1
768	559	1
768	560	1
768	562	1
768	564	1
768	565	1
768	566	1
768	568	1
768	571	1
768	575	1
768	576	1
768	578	1
768	579	1
768	580	1
768	581	1
768	582	1
768	587	1
768	589	1
768	590	1
768	591	1
768	593	1
768	595	1
768	597	1
768	599	1
768	601	1
768	602	1
768	605	1
768	606	1
768	607	1
768	608	1
768	609	1
768	610	1
768	614	1
768	615	1
769	59	1
769	81	1
769	151	1
769	217	1
769	225	1
769	255	1
769	276	1
769	323	1
769	357	1
769	373	1
769	378	1
769	393	1
769	412	1
769	415	1
769	424	1
769	427	1
769	433	1
769	434	1
769	451	1
769	452	1
769	454	1
769	457	1
769	459	1
769	460	1
769	463	1
769	467	1
769	470	1
769	473	1
769	476	1
769	480	1
769	487	1
769	489	1
769	490	1
769	493	1
769	494	1
769	497	1
769	498	1
769	501	1
769	504	1
769	505	1
769	509	1
769	510	1
769	517	1
769	518	1
769	522	1
769	524	1
769	525	1
769	526	1
769	529	1
769	531	1
769	536	1
769	540	1
769	544	1
769	545	1
769	546	1
769	553	1
769	554	1
769	555	1
769	559	1
769	560	1
769	563	1
769	564	1
769	566	1
769	567	1
769	568	1
769	570	1
769	577	1
769	583	1
769	585	1
769	589	1
769	590	1
769	593	1
769	594	1
769	597	1
769	598	1
769	599	1
769	600	1
769	601	1
769	602	1
769	603	1
769	605	1
769	607	1
769	610	1
769	611	1
769	612	1
769	617	1
769	620	1
769	621	1
769	622	1
769	623	1
770	20	1
770	48	1
770	279	1
770	289	1
770	290	1
770	301	1
770	313	1
770	325	1
770	343	1
770	358	1
770	406	1
770	425	1
770	433	1
770	441	1
770	445	1
770	446	1
770	448	1
770	451	1
770	455	1
770	457	1
770	458	1
770	459	1
770	461	1
770	462	1
770	469	1
770	472	1
770	474	1
770	475	1
770	477	1
770	479	1
770	481	1
770	482	1
770	492	1
770	494	1
770	496	1
770	503	1
770	504	1
770	506	1
770	510	1
770	511	1
770	512	1
770	513	1
770	515	1
770	516	1
770	518	1
770	520	1
770	524	1
770	526	1
770	532	1
770	534	1
770	537	1
770	538	1
770	541	1
770	543	1
770	544	1
770	545	1
770	549	1
770	550	1
770	553	1
770	555	1
770	562	1
770	563	1
770	565	1
770	566	1
770	573	1
770	577	1
770	578	1
770	580	1
770	582	1
770	583	1
770	584	1
770	587	1
770	589	1
770	591	1
770	592	1
770	595	1
770	596	1
770	597	1
770	598	1
770	599	1
770	600	1
770	601	1
770	605	1
770	607	1
770	611	1
770	612	1
770	615	1
770	618	1
770	620	1
770	622	1
770	623	1
771	257	1
771	273	1
771	285	1
771	300	1
771	310	1
771	326	1
771	333	1
771	340	1
771	341	1
771	343	1
771	352	1
771	355	1
771	374	1
771	376	1
771	381	1
771	382	1
771	384	1
771	386	1
771	398	1
771	408	1
771	409	1
771	414	1
771	416	1
771	423	1
771	434	1
771	435	1
771	437	1
771	442	1
771	446	1
771	456	1
771	459	1
771	460	1
771	461	1
771	462	1
771	467	1
771	469	1
771	475	1
771	480	1
771	493	1
771	494	1
771	500	1
771	503	1
771	504	1
771	506	1
771	508	1
771	511	1
771	513	1
771	515	1
771	520	1
771	522	1
771	524	1
771	527	1
771	531	1
771	532	1
771	534	1
771	541	1
771	543	1
771	550	1
771	552	1
771	553	1
771	554	1
771	557	1
771	558	1
771	562	1
771	564	1
771	566	1
771	567	1
771	570	1
771	573	1
771	577	1
771	579	1
771	582	1
771	586	1
771	589	1
771	592	1
771	593	1
771	595	1
771	597	1
771	598	1
771	599	1
771	601	1
771	605	1
771	606	1
771	607	1
771	608	1
771	612	1
771	614	1
771	615	1
771	617	1
771	618	1
771	622	1
772	94	1
772	217	1
772	237	1
772	277	1
772	279	1
772	289	1
772	308	1
772	321	1
772	322	1
772	354	1
772	360	1
772	371	1
772	378	1
772	398	1
772	400	1
772	401	1
772	411	1
772	415	1
772	416	1
772	418	1
772	421	1
772	429	1
772	433	1
772	444	1
772	451	1
772	453	1
772	457	1
772	460	1
772	467	1
772	476	1
772	479	1
772	480	1
772	484	1
772	485	1
772	486	1
772	493	1
772	494	1
772	496	1
772	504	1
772	505	1
772	506	1
772	510	1
772	511	1
772	512	1
772	514	1
772	515	1
772	516	1
772	517	1
772	518	1
772	524	1
772	525	1
772	526	1
772	528	1
772	531	1
772	533	1
772	534	1
772	541	1
772	545	1
772	547	1
772	548	1
772	550	1
772	556	1
772	559	1
772	560	1
772	564	1
772	566	1
772	568	1
772	574	1
772	578	1
772	581	1
772	583	1
772	584	1
772	585	1
772	587	1
772	589	1
772	590	1
772	591	1
772	593	1
772	597	1
772	600	1
772	601	1
772	602	1
772	603	1
772	606	1
772	608	1
772	609	1
772	611	1
772	616	1
772	617	1
772	620	1
772	622	1
772	623	1
773	215	1
773	241	1
773	255	1
773	257	1
773	291	1
773	297	1
773	314	1
773	316	1
773	322	1
773	331	1
773	336	1
773	343	1
773	363	1
773	371	1
773	372	1
773	374	1
773	376	1
773	379	1
773	395	1
773	408	1
773	421	1
773	422	1
773	424	1
773	430	1
773	440	1
773	441	1
773	454	1
773	468	1
773	482	1
773	487	1
773	496	1
773	499	1
773	500	1
773	502	1
773	505	1
773	507	1
773	512	1
773	515	1
773	517	1
773	519	1
773	520	1
773	522	1
773	523	1
773	524	1
773	526	1
773	529	1
773	530	1
773	533	1
773	534	1
773	538	1
773	540	1
773	541	1
773	543	1
773	546	1
773	548	1
773	552	1
773	553	1
773	554	1
773	558	1
773	560	1
773	561	1
773	562	1
773	567	1
773	569	1
773	572	1
773	574	1
773	576	1
773	577	1
773	578	1
773	582	1
773	583	1
773	584	1
773	587	1
773	588	1
773	591	1
773	596	1
773	597	1
773	599	1
773	600	1
773	601	1
773	604	1
773	606	1
773	607	1
773	608	1
773	611	1
773	613	1
773	614	1
773	615	1
773	616	1
773	617	1
773	620	1
773	621	1
773	623	1
774	25	1
774	122	1
774	228	1
774	259	1
774	295	1
774	322	1
774	326	1
774	327	1
774	363	1
774	365	1
774	368	1
774	378	1
774	381	1
774	382	1
774	385	1
774	388	1
774	390	1
774	392	1
774	393	1
774	394	1
774	400	1
774	410	1
774	425	1
774	428	1
774	430	1
774	432	1
774	441	1
774	444	1
774	446	1
774	447	1
774	450	1
774	452	1
774	461	1
774	468	1
774	476	1
774	479	1
774	480	1
774	485	1
774	486	1
774	487	1
774	488	1
774	490	1
774	495	1
774	497	1
774	502	1
774	503	1
774	504	1
774	506	1
774	509	1
774	515	1
774	517	1
774	519	1
774	520	1
774	522	1
774	524	1
774	526	1
774	528	1
774	529	1
774	534	1
774	535	1
774	537	1
774	538	1
774	540	1
774	544	1
774	546	1
774	551	1
774	552	1
774	554	1
774	555	1
774	556	1
774	557	1
774	558	1
774	563	1
774	567	1
774	570	1
774	571	1
774	572	1
774	573	1
774	574	1
774	576	1
774	581	1
774	584	1
774	588	1
774	595	1
774	599	1
774	600	1
774	602	1
774	604	1
774	615	1
774	616	1
774	618	1
774	622	1
774	623	1
775	47	1
775	188	1
775	264	1
775	301	1
775	307	1
775	312	1
775	339	1
775	353	1
775	365	1
775	373	1
775	386	1
775	388	1
775	400	1
775	410	1
775	411	1
775	412	1
775	422	1
775	427	1
775	428	1
775	431	1
775	440	1
775	445	1
775	449	1
775	459	1
775	460	1
775	464	1
775	474	1
775	477	1
775	479	1
775	490	1
775	492	1
775	493	1
775	496	1
775	500	1
775	502	1
775	507	1
775	508	1
775	509	1
775	513	1
775	515	1
775	517	1
775	519	1
775	521	1
775	526	1
775	532	1
775	534	1
775	535	1
775	536	1
775	538	1
775	539	1
775	540	1
775	548	1
775	549	1
775	550	1
775	551	1
775	552	1
775	556	1
775	560	1
775	561	1
775	564	1
775	567	1
775	571	1
775	572	1
775	573	1
775	577	1
775	582	1
775	583	1
775	584	1
775	585	1
775	586	1
775	588	1
775	589	1
775	591	1
775	592	1
775	593	1
775	594	1
775	595	1
775	596	1
775	597	1
775	600	1
775	601	1
775	603	1
775	604	1
775	606	1
775	608	1
775	612	1
775	613	1
775	614	1
775	616	1
775	617	1
775	618	1
775	620	1
775	622	1
776	270	1
776	295	1
776	299	1
776	347	1
776	356	1
776	379	1
776	385	1
776	389	1
776	398	1
776	402	1
776	410	1
776	419	1
776	423	1
776	425	1
776	430	1
776	431	1
776	436	1
776	441	1
776	444	1
776	445	1
776	446	1
776	450	1
776	451	1
776	452	1
776	454	1
776	457	1
776	458	1
776	459	1
776	468	1
776	474	1
776	478	1
776	479	1
776	482	1
776	483	1
776	484	1
776	485	1
776	495	1
776	502	1
776	508	1
776	510	1
776	511	1
776	512	1
776	519	1
776	526	1
776	527	1
776	528	1
776	530	1
776	531	1
776	534	1
776	535	1
776	537	1
776	538	1
776	539	1
776	541	1
776	544	1
776	545	1
776	546	1
776	547	1
776	550	1
776	551	1
776	553	1
776	557	1
776	559	1
776	560	1
776	561	1
776	562	1
776	567	1
776	568	1
776	574	1
776	575	1
776	576	1
776	577	1
776	579	1
776	581	1
776	583	1
776	588	1
776	589	1
776	590	1
776	592	1
776	596	1
776	597	1
776	598	1
776	601	1
776	604	1
776	607	1
776	608	1
776	609	1
776	610	1
776	612	1
776	613	1
776	616	1
776	617	1
776	621	1
777	157	1
777	272	1
777	325	1
777	350	1
777	356	1
777	370	1
777	376	1
777	400	1
777	401	1
777	402	1
777	415	1
777	427	1
777	439	1
777	445	1
777	447	1
777	449	1
777	452	1
777	457	1
777	458	1
777	460	1
777	461	1
777	468	1
777	475	1
777	476	1
777	478	1
777	482	1
777	483	1
777	484	1
777	485	1
777	488	1
777	492	1
777	493	1
777	494	1
777	495	1
777	496	1
777	499	1
777	500	1
777	504	1
777	506	1
777	507	1
777	509	1
777	515	1
777	518	1
777	520	1
777	523	1
777	527	1
777	529	1
777	531	1
777	532	1
777	535	1
777	536	1
777	543	1
777	547	1
777	548	1
777	551	1
777	555	1
777	556	1
777	560	1
777	561	1
777	562	1
777	563	1
777	564	1
777	566	1
777	568	1
777	572	1
777	573	1
777	574	1
777	581	1
777	583	1
777	585	1
777	587	1
777	588	1
777	591	1
777	592	1
777	593	1
777	594	1
777	595	1
777	597	1
777	599	1
777	602	1
777	606	1
777	607	1
777	608	1
777	609	1
777	610	1
777	612	1
777	613	1
777	614	1
777	615	1
777	616	1
777	617	1
777	621	1
777	622	1
777	623	1
778	173	1
778	177	1
778	294	1
778	330	1
778	341	1
778	349	1
778	350	1
778	354	1
778	362	1
778	399	1
778	404	1
778	406	1
778	409	1
778	411	1
778	412	1
778	413	1
778	419	1
778	420	1
778	423	1
778	424	1
778	426	1
778	427	1
778	431	1
778	433	1
778	434	1
778	438	1
778	442	1
778	453	1
778	454	1
778	455	1
778	460	1
778	463	1
778	471	1
778	474	1
778	479	1
778	480	1
778	481	1
778	483	1
778	486	1
778	487	1
778	491	1
778	496	1
778	497	1
778	498	1
778	500	1
778	508	1
778	515	1
778	516	1
778	518	1
778	519	1
778	520	1
778	527	1
778	531	1
778	533	1
778	534	1
778	535	1
778	537	1
778	539	1
778	540	1
778	541	1
778	542	1
778	543	1
778	546	1
778	548	1
778	549	1
778	550	1
778	552	1
778	554	1
778	557	1
778	559	1
778	565	1
778	567	1
778	569	1
778	572	1
778	573	1
778	574	1
778	575	1
778	582	1
778	585	1
778	587	1
778	588	1
778	590	1
778	592	1
778	594	1
778	598	1
778	604	1
778	605	1
778	608	1
778	610	1
778	612	1
778	616	1
778	618	1
778	619	1
778	620	1
779	209	1
779	225	1
779	240	1
779	267	1
779	286	1
779	305	1
779	321	1
779	326	1
779	348	1
779	350	1
779	364	1
779	391	1
779	394	1
779	398	1
779	400	1
779	403	1
779	420	1
779	423	1
779	430	1
779	431	1
779	432	1
779	433	1
779	436	1
779	439	1
779	440	1
779	442	1
779	446	1
779	447	1
779	448	1
779	450	1
779	453	1
779	467	1
779	470	1
779	476	1
779	477	1
779	485	1
779	487	1
779	489	1
779	490	1
779	492	1
779	493	1
779	498	1
779	502	1
779	504	1
779	505	1
779	517	1
779	524	1
779	526	1
779	530	1
779	532	1
779	535	1
779	536	1
779	540	1
779	541	1
779	543	1
779	544	1
779	545	1
779	548	1
779	550	1
779	551	1
779	552	1
779	556	1
779	557	1
779	559	1
779	560	1
779	561	1
779	565	1
779	566	1
779	569	1
779	570	1
779	577	1
779	578	1
779	581	1
779	582	1
779	584	1
779	586	1
779	588	1
779	589	1
779	591	1
779	592	1
779	593	1
779	594	1
779	595	1
779	597	1
779	599	1
779	600	1
779	602	1
779	603	1
779	604	1
779	606	1
779	608	1
779	609	1
779	610	1
779	613	1
779	622	1
780	62	1
780	148	1
780	183	1
780	300	1
780	338	1
780	346	1
780	353	1
780	361	1
780	366	1
780	367	1
780	376	1
780	387	1
780	392	1
780	393	1
780	394	1
780	398	1
780	404	1
780	419	1
780	422	1
780	424	1
780	426	1
780	429	1
780	434	1
780	437	1
780	441	1
780	442	1
780	448	1
780	456	1
780	457	1
780	458	1
780	462	1
780	475	1
780	479	1
780	486	1
780	488	1
780	494	1
780	495	1
780	497	1
780	498	1
780	503	1
780	506	1
780	511	1
780	512	1
780	513	1
780	516	1
780	518	1
780	521	1
780	522	1
780	523	1
780	524	1
780	525	1
780	526	1
780	527	1
780	528	1
780	529	1
780	531	1
780	544	1
780	549	1
780	550	1
780	553	1
780	555	1
780	559	1
780	561	1
780	564	1
780	565	1
780	566	1
780	568	1
780	569	1
780	572	1
780	574	1
780	577	1
780	582	1
780	584	1
780	588	1
780	589	1
780	593	1
780	595	1
780	596	1
780	598	1
780	599	1
780	601	1
780	602	1
780	603	1
780	606	1
780	607	1
780	608	1
780	609	1
780	610	1
780	611	1
780	612	1
780	617	1
780	619	1
780	620	1
780	622	1
780	623	1
781	266	1
781	295	1
781	306	1
781	316	1
781	329	1
781	348	1
781	351	1
781	354	1
781	364	1
781	373	1
781	388	1
781	395	1
781	398	1
781	411	1
781	423	1
781	425	1
781	431	1
781	433	1
781	450	1
781	457	1
781	462	1
781	465	1
781	467	1
781	481	1
781	482	1
781	483	1
781	484	1
781	490	1
781	494	1
781	497	1
781	499	1
781	502	1
781	503	1
781	506	1
781	507	1
781	511	1
781	513	1
781	514	1
781	516	1
781	518	1
781	519	1
781	521	1
781	523	1
781	524	1
781	527	1
781	530	1
781	531	1
781	535	1
781	536	1
781	537	1
781	539	1
781	545	1
781	547	1
781	549	1
781	557	1
781	558	1
781	559	1
781	561	1
781	562	1
781	564	1
781	566	1
781	567	1
781	568	1
781	569	1
781	570	1
781	571	1
781	574	1
781	575	1
781	579	1
781	582	1
781	583	1
781	584	1
781	585	1
781	586	1
781	590	1
781	591	1
781	595	1
781	596	1
781	598	1
781	599	1
781	600	1
781	601	1
781	603	1
781	604	1
781	607	1
781	608	1
781	609	1
781	610	1
781	611	1
781	613	1
781	615	1
781	620	1
781	621	1
781	622	1
781	623	1
782	50	1
782	119	1
782	155	1
782	189	1
782	202	1
782	219	1
782	338	1
782	365	1
782	368	1
782	377	1
782	379	1
782	396	1
782	397	1
782	416	1
782	417	1
782	419	1
782	426	1
782	427	1
782	433	1
782	436	1
782	439	1
782	440	1
782	445	1
782	446	1
782	448	1
782	451	1
782	453	1
782	454	1
782	458	1
782	459	1
782	462	1
782	466	1
782	468	1
782	471	1
782	473	1
782	481	1
782	483	1
782	486	1
782	488	1
782	491	1
782	493	1
782	505	1
782	507	1
782	508	1
782	511	1
782	512	1
782	515	1
782	517	1
782	519	1
782	520	1
782	521	1
782	526	1
782	528	1
782	530	1
782	532	1
782	535	1
782	538	1
782	542	1
782	549	1
782	550	1
782	551	1
782	553	1
782	556	1
782	557	1
782	558	1
782	559	1
782	560	1
782	562	1
782	563	1
782	565	1
782	566	1
782	567	1
782	569	1
782	571	1
782	576	1
782	578	1
782	580	1
782	585	1
782	590	1
782	591	1
782	592	1
782	595	1
782	598	1
782	599	1
782	601	1
782	603	1
782	604	1
782	605	1
782	609	1
782	610	1
782	611	1
782	614	1
782	617	1
782	620	1
782	621	1
782	623	1
783	169	1
783	252	1
783	267	1
783	274	1
783	302	1
783	310	1
783	324	1
783	334	1
783	336	1
783	339	1
783	354	1
783	355	1
783	376	1
783	382	1
783	384	1
783	390	1
783	391	1
783	421	1
783	429	1
783	430	1
783	433	1
783	435	1
783	439	1
783	444	1
783	445	1
783	451	1
783	458	1
783	467	1
783	468	1
783	473	1
783	475	1
783	476	1
783	477	1
783	479	1
783	480	1
783	484	1
783	493	1
783	497	1
783	498	1
783	500	1
783	503	1
783	506	1
783	507	1
783	511	1
783	515	1
783	517	1
783	518	1
783	519	1
783	520	1
783	523	1
783	524	1
783	526	1
783	527	1
783	530	1
783	532	1
783	533	1
783	537	1
783	538	1
783	539	1
783	541	1
783	548	1
783	549	1
783	550	1
783	551	1
783	553	1
783	554	1
783	555	1
783	557	1
783	558	1
783	562	1
783	565	1
783	568	1
783	572	1
783	577	1
783	578	1
783	579	1
783	584	1
783	588	1
783	589	1
783	593	1
783	594	1
783	596	1
783	597	1
783	598	1
783	602	1
783	603	1
783	604	1
783	607	1
783	609	1
783	611	1
783	613	1
783	614	1
783	617	1
783	619	1
783	620	1
783	622	1
784	6	1
784	86	1
784	141	1
784	209	1
784	257	1
784	261	1
784	279	1
784	281	1
784	292	1
784	311	1
784	315	1
784	331	1
784	358	1
784	381	1
784	387	1
784	404	1
784	409	1
784	411	1
784	412	1
784	415	1
784	423	1
784	426	1
784	431	1
784	436	1
784	440	1
784	448	1
784	451	1
784	452	1
784	459	1
784	463	1
784	468	1
784	469	1
784	478	1
784	480	1
784	481	1
784	483	1
784	484	1
784	487	1
784	488	1
784	492	1
784	494	1
784	498	1
784	500	1
784	501	1
784	502	1
784	509	1
784	514	1
784	518	1
784	519	1
784	520	1
784	521	1
784	522	1
784	527	1
784	528	1
784	530	1
784	532	1
784	536	1
784	537	1
784	541	1
784	544	1
784	547	1
784	548	1
784	549	1
784	550	1
784	555	1
784	557	1
784	558	1
784	563	1
784	565	1
784	566	1
784	568	1
784	569	1
784	571	1
784	573	1
784	574	1
784	576	1
784	577	1
784	583	1
784	586	1
784	587	1
784	590	1
784	593	1
784	595	1
784	596	1
784	600	1
784	604	1
784	605	1
784	607	1
784	610	1
784	611	1
784	612	1
784	613	1
784	614	1
784	616	1
784	617	1
784	620	1
785	99	1
785	160	1
785	305	1
785	339	1
785	343	1
785	347	1
785	351	1
785	355	1
785	356	1
785	360	1
785	371	1
785	375	1
785	382	1
785	386	1
785	389	1
785	391	1
785	393	1
785	406	1
785	412	1
785	416	1
785	427	1
785	429	1
785	430	1
785	433	1
785	434	1
785	441	1
785	443	1
785	445	1
785	446	1
785	449	1
785	453	1
785	455	1
785	458	1
785	459	1
785	461	1
785	466	1
785	468	1
785	473	1
785	478	1
785	490	1
785	493	1
785	494	1
785	496	1
785	501	1
785	505	1
785	506	1
785	511	1
785	517	1
785	520	1
785	528	1
785	530	1
785	533	1
785	535	1
785	537	1
785	541	1
785	543	1
785	545	1
785	546	1
785	548	1
785	549	1
785	551	1
785	552	1
785	554	1
785	559	1
785	562	1
785	563	1
785	569	1
785	572	1
785	575	1
785	576	1
785	577	1
785	581	1
785	582	1
785	584	1
785	585	1
785	590	1
785	591	1
785	592	1
785	595	1
785	596	1
785	598	1
785	599	1
785	600	1
785	601	1
785	602	1
785	603	1
785	605	1
785	607	1
785	609	1
785	610	1
785	611	1
785	612	1
785	613	1
785	615	1
785	616	1
785	618	1
785	623	1
786	80	1
786	119	1
786	154	1
786	180	1
786	230	1
786	248	1
786	251	1
786	268	1
786	291	1
786	303	1
786	304	1
786	305	1
786	335	1
786	351	1
786	356	1
786	363	1
786	369	1
786	375	1
786	376	1
786	383	1
786	389	1
786	399	1
786	400	1
786	405	1
786	424	1
786	428	1
786	430	1
786	434	1
786	441	1
786	442	1
786	447	1
786	462	1
786	463	1
786	468	1
786	471	1
786	472	1
786	474	1
786	475	1
786	479	1
786	485	1
786	487	1
786	491	1
786	494	1
786	501	1
786	504	1
786	511	1
786	512	1
786	515	1
786	516	1
786	530	1
786	532	1
786	538	1
786	541	1
786	542	1
786	543	1
786	545	1
786	552	1
786	556	1
786	558	1
786	562	1
786	564	1
786	565	1
786	569	1
786	570	1
786	573	1
786	574	1
786	577	1
786	578	1
786	580	1
786	581	1
786	583	1
786	585	1
786	587	1
786	588	1
786	590	1
786	591	1
786	593	1
786	594	1
786	595	1
786	596	1
786	598	1
786	599	1
786	600	1
786	601	1
786	603	1
786	604	1
786	607	1
786	608	1
786	609	1
786	614	1
786	616	1
786	617	1
786	619	1
786	620	1
786	621	1
786	622	1
786	623	1
787	0	1
787	180	1
787	190	1
787	191	1
787	211	1
787	241	1
787	289	1
787	352	1
787	359	1
787	382	1
787	388	1
787	398	1
787	399	1
787	406	1
787	411	1
787	414	1
787	417	1
787	420	1
787	421	1
787	439	1
787	446	1
787	448	1
787	449	1
787	453	1
787	459	1
787	463	1
787	464	1
787	465	1
787	470	1
787	472	1
787	476	1
787	477	1
787	483	1
787	489	1
787	490	1
787	492	1
787	500	1
787	501	1
787	503	1
787	504	1
787	506	1
787	509	1
787	511	1
787	512	1
787	515	1
787	516	1
787	519	1
787	520	1
787	521	1
787	525	1
787	527	1
787	530	1
787	533	1
787	534	1
787	541	1
787	542	1
787	544	1
787	549	1
787	551	1
787	553	1
787	554	1
787	558	1
787	560	1
787	561	1
787	563	1
787	564	1
787	565	1
787	566	1
787	567	1
787	568	1
787	569	1
787	571	1
787	572	1
787	575	1
787	576	1
787	578	1
787	579	1
787	580	1
787	584	1
787	585	1
787	586	1
787	587	1
787	594	1
787	596	1
787	598	1
787	600	1
787	602	1
787	603	1
787	604	1
787	605	1
787	608	1
787	609	1
787	610	1
787	611	1
787	612	1
787	615	1
787	619	1
787	621	1
788	237	1
788	264	1
788	274	1
788	275	1
788	300	1
788	309	1
788	312	1
788	314	1
788	332	1
788	345	1
788	357	1
788	365	1
788	372	1
788	375	1
788	383	1
788	384	1
788	388	1
788	389	1
788	396	1
788	397	1
788	401	1
788	402	1
788	403	1
788	404	1
788	411	1
788	419	1
788	433	1
788	434	1
788	441	1
788	443	1
788	445	1
788	453	1
788	459	1
788	461	1
788	464	1
788	471	1
788	481	1
788	485	1
788	487	1
788	491	1
788	492	1
788	494	1
788	496	1
788	503	1
788	504	1
788	505	1
788	506	1
788	516	1
788	517	1
788	519	1
788	520	1
788	526	1
788	534	1
788	536	1
788	543	1
788	544	1
788	548	1
788	550	1
788	551	1
788	553	1
788	554	1
788	555	1
788	556	1
788	557	1
788	560	1
788	561	1
788	562	1
788	563	1
788	564	1
788	567	1
788	569	1
788	570	1
788	571	1
788	573	1
788	574	1
788	575	1
788	577	1
788	578	1
788	579	1
788	580	1
788	588	1
788	589	1
788	593	1
788	596	1
788	600	1
788	601	1
788	602	1
788	604	1
788	607	1
788	612	1
788	613	1
788	615	1
788	617	1
788	618	1
788	619	1
788	620	1
788	621	1
788	623	1
789	16	1
789	96	1
789	97	1
789	167	1
789	170	1
789	221	1
789	228	1
789	260	1
789	308	1
789	320	1
789	325	1
789	337	1
789	352	1
789	357	1
789	381	1
789	388	1
789	389	1
789	393	1
789	395	1
789	398	1
789	403	1
789	404	1
789	416	1
789	417	1
789	425	1
789	428	1
789	434	1
789	436	1
789	448	1
789	449	1
789	451	1
789	455	1
789	456	1
789	457	1
789	459	1
789	460	1
789	461	1
789	469	1
789	470	1
789	471	1
789	475	1
789	478	1
789	480	1
789	481	1
789	482	1
789	485	1
789	487	1
789	495	1
789	496	1
789	497	1
789	498	1
789	508	1
789	512	1
789	515	1
789	517	1
789	521	1
789	525	1
789	527	1
789	530	1
789	531	1
789	533	1
789	534	1
789	545	1
789	550	1
789	551	1
789	554	1
789	558	1
789	560	1
789	561	1
789	566	1
789	567	1
789	568	1
789	571	1
789	572	1
789	574	1
789	575	1
789	579	1
789	581	1
789	584	1
789	586	1
789	590	1
789	593	1
789	597	1
789	598	1
789	599	1
789	600	1
789	601	1
789	602	1
789	604	1
789	606	1
789	607	1
789	609	1
789	611	1
789	612	1
789	614	1
789	617	1
789	622	1
789	623	1
790	101	1
790	147	1
790	183	1
790	258	1
790	281	1
790	315	1
790	320	1
790	322	1
790	325	1
790	327	1
790	338	1
790	347	1
790	350	1
790	357	1
790	364	1
790	369	1
790	376	1
790	378	1
790	383	1
790	386	1
790	387	1
790	388	1
790	394	1
790	397	1
790	403	1
790	408	1
790	413	1
790	414	1
790	415	1
790	434	1
790	442	1
790	451	1
790	457	1
790	466	1
790	468	1
790	474	1
790	481	1
790	482	1
790	485	1
790	488	1
790	489	1
790	491	1
790	496	1
790	498	1
790	501	1
790	504	1
790	506	1
790	508	1
790	514	1
790	515	1
790	520	1
790	525	1
790	527	1
790	528	1
790	529	1
790	533	1
790	535	1
790	538	1
790	543	1
790	548	1
790	549	1
790	550	1
790	551	1
790	558	1
790	562	1
790	566	1
790	567	1
790	568	1
790	570	1
790	571	1
790	573	1
790	574	1
790	575	1
790	577	1
790	578	1
790	580	1
790	581	1
790	584	1
790	586	1
790	588	1
790	591	1
790	592	1
790	593	1
790	598	1
790	599	1
790	600	1
790	602	1
790	605	1
790	608	1
790	609	1
790	610	1
790	611	1
790	612	1
790	615	1
790	616	1
790	618	1
790	620	1
790	622	1
791	226	1
791	274	1
791	301	1
791	307	1
791	313	1
791	335	1
791	337	1
791	340	1
791	342	1
791	362	1
791	386	1
791	393	1
791	420	1
791	423	1
791	426	1
791	427	1
791	430	1
791	435	1
791	436	1
791	443	1
791	452	1
791	460	1
791	462	1
791	463	1
791	468	1
791	478	1
791	479	1
791	480	1
791	481	1
791	482	1
791	485	1
791	486	1
791	489	1
791	495	1
791	496	1
791	497	1
791	503	1
791	507	1
791	508	1
791	509	1
791	510	1
791	513	1
791	516	1
791	518	1
791	519	1
791	520	1
791	522	1
791	523	1
791	529	1
791	530	1
791	533	1
791	534	1
791	536	1
791	537	1
791	538	1
791	539	1
791	541	1
791	542	1
791	547	1
791	548	1
791	551	1
791	552	1
791	553	1
791	554	1
791	556	1
791	559	1
791	560	1
791	562	1
791	566	1
791	567	1
791	569	1
791	576	1
791	577	1
791	579	1
791	580	1
791	581	1
791	584	1
791	586	1
791	589	1
791	590	1
791	592	1
791	593	1
791	594	1
791	595	1
791	596	1
791	597	1
791	599	1
791	601	1
791	602	1
791	603	1
791	604	1
791	608	1
791	610	1
791	612	1
791	614	1
791	615	1
791	616	1
791	618	1
791	619	1
792	64	1
792	107	1
792	142	1
792	234	1
792	317	1
792	336	1
792	355	1
792	360	1
792	361	1
792	369	1
792	375	1
792	379	1
792	382	1
792	386	1
792	395	1
792	399	1
792	405	1
792	411	1
792	415	1
792	416	1
792	417	1
792	424	1
792	425	1
792	427	1
792	429	1
792	436	1
792	438	1
792	445	1
792	451	1
792	452	1
792	459	1
792	463	1
792	465	1
792	467	1
792	470	1
792	475	1
792	477	1
792	480	1
792	482	1
792	483	1
792	485	1
792	488	1
792	489	1
792	490	1
792	491	1
792	495	1
792	501	1
792	502	1
792	505	1
792	510	1
792	515	1
792	516	1
792	518	1
792	521	1
792	524	1
792	525	1
792	527	1
792	529	1
792	533	1
792	538	1
792	539	1
792	540	1
792	541	1
792	542	1
792	543	1
792	544	1
792	546	1
792	551	1
792	552	1
792	553	1
792	555	1
792	560	1
792	562	1
792	565	1
792	567	1
792	571	1
792	575	1
792	576	1
792	579	1
792	581	1
792	583	1
792	584	1
792	585	1
792	589	1
792	590	1
792	592	1
792	593	1
792	594	1
792	595	1
792	596	1
792	599	1
792	601	1
792	602	1
792	603	1
792	605	1
792	606	1
792	607	1
792	611	1
792	622	1
792	623	1
793	22	1
793	67	1
793	85	1
793	137	1
793	150	1
793	272	1
793	281	1
793	282	1
793	339	1
793	356	1
793	375	1
793	376	1
793	384	1
793	385	1
793	386	1
793	404	1
793	406	1
793	409	1
793	413	1
793	418	1
793	443	1
793	446	1
793	448	1
793	451	1
793	452	1
793	455	1
793	462	1
793	463	1
793	465	1
793	473	1
793	481	1
793	487	1
793	489	1
793	491	1
793	492	1
793	495	1
793	496	1
793	497	1
793	498	1
793	499	1
793	500	1
793	502	1
793	507	1
793	510	1
793	512	1
793	514	1
793	515	1
793	520	1
793	525	1
793	526	1
793	527	1
793	528	1
793	530	1
793	532	1
793	533	1
793	534	1
793	535	1
793	540	1
793	542	1
793	543	1
793	544	1
793	545	1
793	547	1
793	548	1
793	550	1
793	551	1
793	553	1
793	555	1
793	556	1
793	559	1
793	562	1
793	563	1
793	566	1
793	569	1
793	570	1
793	573	1
793	574	1
793	575	1
793	577	1
793	578	1
793	580	1
793	581	1
793	584	1
793	588	1
793	591	1
793	595	1
793	597	1
793	598	1
793	599	1
793	601	1
793	605	1
793	606	1
793	610	1
793	611	1
793	613	1
793	615	1
793	616	1
793	617	1
793	620	1
793	622	1
794	44	1
794	144	1
794	157	1
794	294	1
794	321	1
794	360	1
794	382	1
794	385	1
794	389	1
794	391	1
794	397	1
794	398	1
794	402	1
794	412	1
794	419	1
794	421	1
794	422	1
794	428	1
794	435	1
794	436	1
794	440	1
794	443	1
794	448	1
794	460	1
794	463	1
794	465	1
794	473	1
794	474	1
794	481	1
794	482	1
794	483	1
794	484	1
794	485	1
794	489	1
794	495	1
794	498	1
794	500	1
794	502	1
794	503	1
794	506	1
794	510	1
794	513	1
794	515	1
794	517	1
794	518	1
794	522	1
794	525	1
794	527	1
794	529	1
794	533	1
794	534	1
794	535	1
794	536	1
794	541	1
794	542	1
794	545	1
794	548	1
794	550	1
794	551	1
794	552	1
794	553	1
794	555	1
794	558	1
794	564	1
794	565	1
794	566	1
794	569	1
794	570	1
794	572	1
794	573	1
794	574	1
794	577	1
794	579	1
794	580	1
794	581	1
794	583	1
794	584	1
794	587	1
794	588	1
794	590	1
794	591	1
794	592	1
794	593	1
794	595	1
794	596	1
794	597	1
794	599	1
794	602	1
794	603	1
794	604	1
794	606	1
794	609	1
794	610	1
794	613	1
794	614	1
794	616	1
794	617	1
794	618	1
794	619	1
794	621	1
794	623	1
795	169	1
795	202	1
795	223	1
795	257	1
795	275	1
795	310	1
795	324	1
795	342	1
795	345	1
795	347	1
795	350	1
795	363	1
795	377	1
795	379	1
795	380	1
795	385	1
795	386	1
795	392	1
795	402	1
795	406	1
795	415	1
795	424	1
795	430	1
795	432	1
795	434	1
795	436	1
795	437	1
795	438	1
795	443	1
795	446	1
795	450	1
795	453	1
795	457	1
795	458	1
795	461	1
795	462	1
795	465	1
795	467	1
795	469	1
795	472	1
795	473	1
795	475	1
795	481	1
795	482	1
795	486	1
795	490	1
795	492	1
795	493	1
795	497	1
795	499	1
795	501	1
795	503	1
795	504	1
795	505	1
795	506	1
795	507	1
795	511	1
795	513	1
795	518	1
795	522	1
795	523	1
795	524	1
795	526	1
795	527	1
795	528	1
795	529	1
795	531	1
795	535	1
795	536	1
795	538	1
795	547	1
795	548	1
795	549	1
795	552	1
795	555	1
795	556	1
795	558	1
795	559	1
795	560	1
795	561	1
795	562	1
795	566	1
795	567	1
795	572	1
795	575	1
795	578	1
795	580	1
795	586	1
795	587	1
795	591	1
795	592	1
795	598	1
795	602	1
795	603	1
795	605	1
795	607	1
795	608	1
795	609	1
795	617	1
795	618	1
795	619	1
796	26	1
796	192	1
796	193	1
796	195	1
796	200	1
796	217	1
796	221	1
796	269	1
796	270	1
796	287	1
796	316	1
796	328	1
796	336	1
796	352	1
796	385	1
796	386	1
796	388	1
796	400	1
796	406	1
796	408	1
796	411	1
796	418	1
796	422	1
796	423	1
796	428	1
796	430	1
796	435	1
796	439	1
796	441	1
796	449	1
796	450	1
796	458	1
796	461	1
796	464	1
796	465	1
796	469	1
796	478	1
796	479	1
796	482	1
796	483	1
796	484	1
796	486	1
796	489	1
796	491	1
796	496	1
796	498	1
796	500	1
796	501	1
796	505	1
796	509	1
796	511	1
796	512	1
796	516	1
796	517	1
796	519	1
796	527	1
796	529	1
796	530	1
796	533	1
796	534	1
796	539	1
796	543	1
796	545	1
796	547	1
796	548	1
796	549	1
796	550	1
796	551	1
796	553	1
796	559	1
796	561	1
796	563	1
796	564	1
796	565	1
796	567	1
796	568	1
796	569	1
796	570	1
796	575	1
796	576	1
796	578	1
796	579	1
796	582	1
796	583	1
796	585	1
796	589	1
796	590	1
796	591	1
796	592	1
796	599	1
796	601	1
796	605	1
796	607	1
796	609	1
796	610	1
796	612	1
796	613	1
796	614	1
796	616	1
796	619	1
796	621	1
797	130	1
797	132	1
797	165	1
797	219	1
797	227	1
797	241	1
797	319	1
797	321	1
797	346	1
797	363	1
797	374	1
797	387	1
797	388	1
797	393	1
797	397	1
797	414	1
797	418	1
797	422	1
797	425	1
797	432	1
797	436	1
797	442	1
797	452	1
797	457	1
797	464	1
797	466	1
797	467	1
797	471	1
797	472	1
797	474	1
797	475	1
797	478	1
797	480	1
797	483	1
797	485	1
797	488	1
797	489	1
797	492	1
797	493	1
797	494	1
797	498	1
797	502	1
797	503	1
797	505	1
797	510	1
797	514	1
797	516	1
797	519	1
797	520	1
797	521	1
797	522	1
797	527	1
797	534	1
797	538	1
797	539	1
797	543	1
797	545	1
797	547	1
797	548	1
797	549	1
797	550	1
797	551	1
797	552	1
797	555	1
797	557	1
797	560	1
797	561	1
797	564	1
797	568	1
797	570	1
797	571	1
797	572	1
797	573	1
797	575	1
797	576	1
797	577	1
797	581	1
797	583	1
797	585	1
797	586	1
797	589	1
797	592	1
797	593	1
797	594	1
797	595	1
797	597	1
797	598	1
797	600	1
797	602	1
797	603	1
797	604	1
797	605	1
797	606	1
797	607	1
797	609	1
797	611	1
797	613	1
797	614	1
797	615	1
797	617	1
797	619	1
798	158	1
798	316	1
798	344	1
798	354	1
798	360	1
798	361	1
798	367	1
798	368	1
798	370	1
798	378	1
798	386	1
798	387	1
798	391	1
798	396	1
798	401	1
798	406	1
798	407	1
798	426	1
798	431	1
798	434	1
798	435	1
798	446	1
798	448	1
798	452	1
798	463	1
798	465	1
798	466	1
798	467	1
798	469	1
798	471	1
798	473	1
798	474	1
798	476	1
798	482	1
798	486	1
798	488	1
798	491	1
798	492	1
798	494	1
798	496	1
798	499	1
798	501	1
798	508	1
798	510	1
798	512	1
798	515	1
798	516	1
798	526	1
798	527	1
798	529	1
798	530	1
798	531	1
798	535	1
798	536	1
798	537	1
798	538	1
798	542	1
798	543	1
798	548	1
798	550	1
798	554	1
798	555	1
798	557	1
798	558	1
798	560	1
798	562	1
798	563	1
798	564	1
798	565	1
798	568	1
798	569	1
798	570	1
798	571	1
798	573	1
798	576	1
798	579	1
798	582	1
798	583	1
798	584	1
798	586	1
798	587	1
798	588	1
798	590	1
798	592	1
798	593	1
798	594	1
798	595	1
798	596	1
798	598	1
798	599	1
798	601	1
798	603	1
798	606	1
798	608	1
798	609	1
798	613	1
798	614	1
798	615	1
798	620	1
798	621	1
798	622	1
798	623	1
799	63	1
799	193	1
799	261	1
799	281	1
799	286	1
799	293	1
799	310	1
799	331	1
799	336	1
799	355	1
799	374	1
799	377	1
799	390	1
799	396	1
799	403	1
799	405	1
799	408	1
799	415	1
799	424	1
799	425	1
799	426	1
799	430	1
799	431	1
799	443	1
799	450	1
799	451	1
799	455	1
799	460	1
799	463	1
799	467	1
799	469	1
799	471	1
799	473	1
799	474	1
799	475	1
799	477	1
799	481	1
799	484	1
799	487	1
799	489	1
799	491	1
799	493	1
799	497	1
799	499	1
799	500	1
799	504	1
799	515	1
799	516	1
799	517	1
799	522	1
799	524	1
799	527	1
799	529	1
799	531	1
799	538	1
799	539	1
799	542	1
799	544	1
799	546	1
799	547	1
799	548	1
799	552	1
799	553	1
799	557	1
799	558	1
799	560	1
799	561	1
799	562	1
799	565	1
799	567	1
799	569	1
799	575	1
799	577	1
799	579	1
799	581	1
799	582	1
799	583	1
799	585	1
799	586	1
799	590	1
799	591	1
799	593	1
799	595	1
799	596	1
799	597	1
799	598	1
799	599	1
799	600	1
799	603	1
799	604	1
799	605	1
799	606	1
799	607	1
799	608	1
799	609	1
799	610	1
799	613	1
799	615	1
799	616	1
799	617	1
799	618	1
799	621	1
799	623	1
800	0	1
800	64	1
800	89	1
800	136	1
800	160	1
800	200	1
800	223	1
800	248	1
800	297	1
800	304	1
800	310	1
800	314	1
800	318	1
800	320	1
800	332	1
800	346	1
800	350	1
800	362	1
800	365	1
800	373	1
800	381	1
800	384	1
800	390	1
800	391	1
800	393	1
800	396	1
800	397	1
800	400	1
800	410	1
800	415	1
800	419	1
800	421	1
800	422	1
800	425	1
800	427	1
800	442	1
800	443	1
800	446	1
800	448	1
800	453	1
800	468	1
800	471	1
800	472	1
800	476	1
800	482	1
800	486	1
800	490	1
800	497	1
800	499	1
800	500	1
800	503	1
800	506	1
800	508	1
800	512	1
800	514	1
800	515	1
800	517	1
800	520	1
800	522	1
800	525	1
800	528	1
800	531	1
800	534	1
800	540	1
800	541	1
800	543	1
800	545	1
800	548	1
800	552	1
800	556	1
800	558	1
800	559	1
800	560	1
800	564	1
800	566	1
800	572	1
800	573	1
800	574	1
800	575	1
800	576	1
800	577	1
800	579	1
800	580	1
800	582	1
800	584	1
800	588	1
800	589	1
800	591	1
800	593	1
800	597	1
800	601	1
800	602	1
800	603	1
800	605	1
800	606	1
800	609	1
800	610	1
800	613	1
800	615	1
800	616	1
800	617	1
800	619	1
800	620	1
800	623	1
801	65	1
801	67	1
801	109	1
801	207	1
801	256	1
801	275	1
801	290	1
801	354	1
801	361	1
801	381	1
801	389	1
801	408	1
801	418	1
801	419	1
801	420	1
801	435	1
801	437	1
801	441	1
801	446	1
801	448	1
801	450	1
801	459	1
801	460	1
801	462	1
801	463	1
801	466	1
801	468	1
801	478	1
801	480	1
801	481	1
801	482	1
801	484	1
801	492	1
801	495	1
801	496	1
801	498	1
801	499	1
801	501	1
801	503	1
801	505	1
801	506	1
801	507	1
801	508	1
801	512	1
801	513	1
801	515	1
801	516	1
801	519	1
801	521	1
801	522	1
801	525	1
801	528	1
801	529	1
801	532	1
801	533	1
801	535	1
801	536	1
801	538	1
801	539	1
801	542	1
801	545	1
801	547	1
801	548	1
801	550	1
801	551	1
801	555	1
801	559	1
801	560	1
801	564	1
801	566	1
801	568	1
801	571	1
801	572	1
801	573	1
801	574	1
801	575	1
801	576	1
801	577	1
801	578	1
801	579	1
801	581	1
801	585	1
801	590	1
801	591	1
801	594	1
801	599	1
801	600	1
801	601	1
801	602	1
801	603	1
801	604	1
801	606	1
801	607	1
801	608	1
801	609	1
801	610	1
801	611	1
801	612	1
801	613	1
801	614	1
801	615	1
801	617	1
801	618	1
801	621	1
801	622	1
802	97	1
802	150	1
802	168	1
802	184	1
802	248	1
802	254	1
802	289	1
802	296	1
802	311	1
802	318	1
802	335	1
802	341	1
802	350	1
802	357	1
802	386	1
802	394	1
802	400	1
802	402	1
802	404	1
802	411	1
802	412	1
802	417	1
802	424	1
802	425	1
802	430	1
802	431	1
802	437	1
802	443	1
802	444	1
802	447	1
802	450	1
802	451	1
802	459	1
802	467	1
802	468	1
802	469	1
802	472	1
802	474	1
802	475	1
802	480	1
802	481	1
802	483	1
802	495	1
802	496	1
802	498	1
802	499	1
802	501	1
802	503	1
802	504	1
802	509	1
802	510	1
802	511	1
802	513	1
802	515	1
802	517	1
802	524	1
802	525	1
802	526	1
802	528	1
802	533	1
802	534	1
802	537	1
802	540	1
802	541	1
802	543	1
802	545	1
802	547	1
802	549	1
802	551	1
802	552	1
802	555	1
802	559	1
802	560	1
802	563	1
802	564	1
802	568	1
802	569	1
802	571	1
802	574	1
802	578	1
802	580	1
802	582	1
802	584	1
802	585	1
802	587	1
802	589	1
802	592	1
802	593	1
802	595	1
802	599	1
802	600	1
802	605	1
802	607	1
802	608	1
802	609	1
802	610	1
802	611	1
802	612	1
802	613	1
802	614	1
802	615	1
802	616	1
802	619	1
802	622	1
802	623	1
803	213	1
803	222	1
803	252	1
803	254	1
803	286	1
803	290	1
803	297	1
803	327	1
803	339	1
803	349	1
803	358	1
803	370	1
803	374	1
803	383	1
803	391	1
803	397	1
803	398	1
803	401	1
803	404	1
803	407	1
803	414	1
803	422	1
803	423	1
803	430	1
803	435	1
803	440	1
803	445	1
803	462	1
803	466	1
803	471	1
803	472	1
803	475	1
803	476	1
803	482	1
803	487	1
803	488	1
803	489	1
803	492	1
803	494	1
803	497	1
803	498	1
803	499	1
803	503	1
803	505	1
803	507	1
803	508	1
803	509	1
803	511	1
803	512	1
803	514	1
803	516	1
803	520	1
803	521	1
803	522	1
803	526	1
803	527	1
803	531	1
803	533	1
803	536	1
803	538	1
803	539	1
803	542	1
803	543	1
803	545	1
803	548	1
803	553	1
803	555	1
803	556	1
803	558	1
803	560	1
803	561	1
803	562	1
803	567	1
803	568	1
803	571	1
803	573	1
803	574	1
803	576	1
803	577	1
803	581	1
803	582	1
803	583	1
803	584	1
803	587	1
803	589	1
803	590	1
803	591	1
803	592	1
803	594	1
803	595	1
803	596	1
803	598	1
803	599	1
803	603	1
803	604	1
803	605	1
803	606	1
803	607	1
803	608	1
803	609	1
803	611	1
803	614	1
803	617	1
803	620	1
803	622	1
803	623	1
804	53	1
804	128	1
804	139	1
804	163	1
804	204	1
804	340	1
804	348	1
804	355	1
804	368	1
804	370	1
804	371	1
804	385	1
804	388	1
804	391	1
804	398	1
804	401	1
804	406	1
804	409	1
804	411	1
804	428	1
804	431	1
804	437	1
804	439	1
804	440	1
804	446	1
804	449	1
804	452	1
804	453	1
804	455	1
804	458	1
804	459	1
804	465	1
804	471	1
804	472	1
804	477	1
804	481	1
804	484	1
804	490	1
804	491	1
804	494	1
804	495	1
804	497	1
804	499	1
804	502	1
804	503	1
804	505	1
804	506	1
804	508	1
804	510	1
804	512	1
804	513	1
804	519	1
804	522	1
804	523	1
804	524	1
804	526	1
804	527	1
804	528	1
804	531	1
804	534	1
804	538	1
804	539	1
804	540	1
804	546	1
804	547	1
804	549	1
804	550	1
804	551	1
804	554	1
804	559	1
804	561	1
804	564	1
804	567	1
804	569	1
804	572	1
804	573	1
804	578	1
804	579	1
804	582	1
804	583	1
804	584	1
804	585	1
804	586	1
804	588	1
804	589	1
804	592	1
804	594	1
804	595	1
804	598	1
804	601	1
804	602	1
804	603	1
804	605	1
804	606	1
804	608	1
804	610	1
804	611	1
804	612	1
804	613	1
804	614	1
804	615	1
804	618	1
804	619	1
804	620	1
804	622	1
804	623	1
805	90	1
805	179	1
805	251	1
805	254	1
805	296	1
805	309	1
805	328	1
805	348	1
805	366	1
805	370	1
805	372	1
805	387	1
805	390	1
805	393	1
805	394	1
805	395	1
805	398	1
805	403	1
805	412	1
805	422	1
805	435	1
805	436	1
805	439	1
805	442	1
805	443	1
805	446	1
805	449	1
805	451	1
805	452	1
805	458	1
805	459	1
805	460	1
805	462	1
805	463	1
805	475	1
805	480	1
805	482	1
805	484	1
805	485	1
805	490	1
805	491	1
805	492	1
805	498	1
805	499	1
805	500	1
805	504	1
805	508	1
805	509	1
805	513	1
805	514	1
805	520	1
805	522	1
805	523	1
805	526	1
805	527	1
805	530	1
805	532	1
805	533	1
805	537	1
805	540	1
805	542	1
805	543	1
805	546	1
805	548	1
805	549	1
805	551	1
805	552	1
805	553	1
805	554	1
805	562	1
805	567	1
805	568	1
805	570	1
805	574	1
805	575	1
805	577	1
805	580	1
805	581	1
805	582	1
805	584	1
805	585	1
805	586	1
805	587	1
805	588	1
805	589	1
805	592	1
805	593	1
805	594	1
805	595	1
805	596	1
805	597	1
805	598	1
805	599	1
805	600	1
805	601	1
805	605	1
805	606	1
805	607	1
805	610	1
805	613	1
805	614	1
805	617	1
805	618	1
805	620	1
805	621	1
805	622	1
806	5	1
806	170	1
806	276	1
806	280	1
806	323	1
806	348	1
806	365	1
806	366	1
806	368	1
806	376	1
806	377	1
806	394	1
806	396	1
806	401	1
806	405	1
806	424	1
806	425	1
806	427	1
806	428	1
806	432	1
806	436	1
806	442	1
806	444	1
806	447	1
806	449	1
806	456	1
806	465	1
806	476	1
806	478	1
806	486	1
806	493	1
806	494	1
806	499	1
806	508	1
806	510	1
806	511	1
806	512	1
806	515	1
806	517	1
806	519	1
806	521	1
806	522	1
806	523	1
806	524	1
806	525	1
806	526	1
806	527	1
806	529	1
806	532	1
806	533	1
806	535	1
806	536	1
806	537	1
806	539	1
806	541	1
806	542	1
806	543	1
806	545	1
806	546	1
806	550	1
806	552	1
806	553	1
806	556	1
806	560	1
806	561	1
806	562	1
806	564	1
806	566	1
806	569	1
806	570	1
806	572	1
806	574	1
806	575	1
806	576	1
806	578	1
806	580	1
806	581	1
806	582	1
806	583	1
806	584	1
806	587	1
806	588	1
806	589	1
806	590	1
806	591	1
806	592	1
806	593	1
806	594	1
806	595	1
806	599	1
806	600	1
806	601	1
806	602	1
806	603	1
806	605	1
806	606	1
806	609	1
806	610	1
806	611	1
806	613	1
806	616	1
806	618	1
806	619	1
806	620	1
806	622	1
806	623	1
807	11	1
807	82	1
807	278	1
807	302	1
807	306	1
807	333	1
807	343	1
807	357	1
807	362	1
807	365	1
807	385	1
807	389	1
807	404	1
807	408	1
807	414	1
807	416	1
807	417	1
807	427	1
807	430	1
807	431	1
807	436	1
807	438	1
807	443	1
807	452	1
807	455	1
807	456	1
807	460	1
807	461	1
807	464	1
807	465	1
807	467	1
807	472	1
807	477	1
807	478	1
807	479	1
807	484	1
807	486	1
807	489	1
807	490	1
807	492	1
807	493	1
807	494	1
807	495	1
807	497	1
807	498	1
807	503	1
807	506	1
807	510	1
807	512	1
807	514	1
807	515	1
807	518	1
807	519	1
807	520	1
807	522	1
807	527	1
807	528	1
807	529	1
807	532	1
807	533	1
807	534	1
807	539	1
807	540	1
807	543	1
807	545	1
807	546	1
807	549	1
807	554	1
807	555	1
807	556	1
807	559	1
807	562	1
807	568	1
807	569	1
807	570	1
807	572	1
807	574	1
807	575	1
807	576	1
807	577	1
807	580	1
807	582	1
807	583	1
807	585	1
807	586	1
807	588	1
807	591	1
807	592	1
807	593	1
807	595	1
807	596	1
807	599	1
807	600	1
807	603	1
807	606	1
807	608	1
807	609	1
807	610	1
807	611	1
807	612	1
807	613	1
807	614	1
807	615	1
807	617	1
807	619	1
807	621	1
807	622	1
808	3	1
808	60	1
808	81	1
808	156	1
808	193	1
808	231	1
808	244	1
808	276	1
808	284	1
808	329	1
808	337	1
808	349	1
808	352	1
808	367	1
808	368	1
808	370	1
808	385	1
808	394	1
808	416	1
808	420	1
808	432	1
808	437	1
808	441	1
808	445	1
808	448	1
808	460	1
808	461	1
808	464	1
808	467	1
808	468	1
808	470	1
808	472	1
808	474	1
808	477	1
808	479	1
808	480	1
808	481	1
808	484	1
808	486	1
808	488	1
808	490	1
808	491	1
808	493	1
808	496	1
808	497	1
808	499	1
808	501	1
808	504	1
808	506	1
808	511	1
808	523	1
808	525	1
808	526	1
808	529	1
808	530	1
808	531	1
808	532	1
808	533	1
808	535	1
808	540	1
808	544	1
808	545	1
808	547	1
808	548	1
808	549	1
808	551	1
808	553	1
808	554	1
808	555	1
808	556	1
808	558	1
808	559	1
808	565	1
808	567	1
808	569	1
808	570	1
808	571	1
808	575	1
808	579	1
808	580	1
808	581	1
808	582	1
808	583	1
808	584	1
808	585	1
808	587	1
808	588	1
808	589	1
808	590	1
808	592	1
808	593	1
808	594	1
808	595	1
808	596	1
808	597	1
808	599	1
808	602	1
808	604	1
808	605	1
808	606	1
808	607	1
808	611	1
808	614	1
808	615	1
808	618	1
808	620	1
808	622	1
808	623	1
809	61	1
809	119	1
809	120	1
809	277	1
809	283	1
809	284	1
809	298	1
809	328	1
809	340	1
809	345	1
809	351	1
809	367	1
809	387	1
809	388	1
809	395	1
809	397	1
809	402	1
809	409	1
809	411	1
809	418	1
809	421	1
809	423	1
809	424	1
809	453	1
809	457	1
809	461	1
809	464	1
809	466	1
809	467	1
809	470	1
809	471	1
809	472	1
809	476	1
809	477	1
809	479	1
809	482	1
809	483	1
809	484	1
809	485	1
809	486	1
809	487	1
809	491	1
809	492	1
809	495	1
809	497	1
809	506	1
809	509	1
809	510	1
809	511	1
809	518	1
809	519	1
809	521	1
809	522	1
809	524	1
809	529	1
809	530	1
809	531	1
809	533	1
809	534	1
809	538	1
809	541	1
809	542	1
809	544	1
809	547	1
809	551	1
809	552	1
809	553	1
809	554	1
809	556	1
809	558	1
809	559	1
809	563	1
809	564	1
809	566	1
809	567	1
809	569	1
809	572	1
809	573	1
809	574	1
809	576	1
809	580	1
809	584	1
809	586	1
809	587	1
809	588	1
809	589	1
809	590	1
809	591	1
809	592	1
809	593	1
809	597	1
809	599	1
809	600	1
809	601	1
809	602	1
809	603	1
809	604	1
809	605	1
809	606	1
809	607	1
809	610	1
809	611	1
809	614	1
809	615	1
809	616	1
809	617	1
809	618	1
809	619	1
810	147	1
810	206	1
810	241	1
810	285	1
810	311	1
810	317	1
810	322	1
810	356	1
810	365	1
810	366	1
810	368	1
810	370	1
810	377	1
810	383	1
810	389	1
810	397	1
810	402	1
810	423	1
810	425	1
810	426	1
810	437	1
810	444	1
810	446	1
810	447	1
810	449	1
810	451	1
810	455	1
810	466	1
810	468	1
810	469	1
810	473	1
810	476	1
810	478	1
810	488	1
810	492	1
810	493	1
810	495	1
810	498	1
810	500	1
810	503	1
810	504	1
810	506	1
810	508	1
810	510	1
810	511	1
810	514	1
810	516	1
810	517	1
810	520	1
810	522	1
810	524	1
810	525	1
810	526	1
810	529	1
810	532	1
810	533	1
810	534	1
810	535	1
810	537	1
810	541	1
810	542	1
810	547	1
810	549	1
810	550	1
810	551	1
810	552	1
810	553	1
810	554	1
810	556	1
810	558	1
810	560	1
810	561	1
810	565	1
810	566	1
810	567	1
810	568	1
810	570	1
810	571	1
810	572	1
810	573	1
810	575	1
810	577	1
810	579	1
810	584	1
810	585	1
810	586	1
810	587	1
810	588	1
810	590	1
810	591	1
810	594	1
810	597	1
810	601	1
810	602	1
810	604	1
810	605	1
810	607	1
810	609	1
810	610	1
810	612	1
810	613	1
810	614	1
810	615	1
810	616	1
810	617	1
810	620	1
810	621	1
810	622	1
810	623	1
811	131	1
811	141	1
811	187	1
811	219	1
811	240	1
811	264	1
811	284	1
811	288	1
811	305	1
811	322	1
811	334	1
811	335	1
811	341	1
811	346	1
811	379	1
811	393	1
811	394	1
811	400	1
811	411	1
811	412	1
811	414	1
811	419	1
811	427	1
811	432	1
811	433	1
811	435	1
811	438	1
811	440	1
811	442	1
811	443	1
811	448	1
811	450	1
811	451	1
811	457	1
811	458	1
811	459	1
811	461	1
811	464	1
811	468	1
811	473	1
811	477	1
811	480	1
811	485	1
811	491	1
811	492	1
811	494	1
811	495	1
811	497	1
811	499	1
811	501	1
811	503	1
811	504	1
811	509	1
811	513	1
811	514	1
811	515	1
811	521	1
811	522	1
811	523	1
811	524	1
811	528	1
811	532	1
811	533	1
811	535	1
811	540	1
811	541	1
811	543	1
811	546	1
811	549	1
811	550	1
811	551	1
811	552	1
811	554	1
811	555	1
811	556	1
811	557	1
811	561	1
811	563	1
811	564	1
811	566	1
811	568	1
811	569	1
811	570	1
811	573	1
811	575	1
811	578	1
811	579	1
811	582	1
811	583	1
811	584	1
811	585	1
811	589	1
811	593	1
811	594	1
811	595	1
811	596	1
811	599	1
811	600	1
811	601	1
811	602	1
811	604	1
811	607	1
811	609	1
811	610	1
811	611	1
811	613	1
811	616	1
811	617	1
811	621	1
811	623	1
812	16	1
812	68	1
812	85	1
812	144	1
812	164	1
812	223	1
812	231	1
812	251	1
812	274	1
812	275	1
812	278	1
812	298	1
812	317	1
812	322	1
812	323	1
812	338	1
812	374	1
812	384	1
812	403	1
812	414	1
812	418	1
812	430	1
812	431	1
812	437	1
812	440	1
812	444	1
812	445	1
812	449	1
812	451	1
812	453	1
812	460	1
812	463	1
812	468	1
812	469	1
812	470	1
812	472	1
812	475	1
812	482	1
812	487	1
812	493	1
812	497	1
812	499	1
812	500	1
812	501	1
812	502	1
812	507	1
812	509	1
812	510	1
812	512	1
812	514	1
812	516	1
812	518	1
812	519	1
812	520	1
812	521	1
812	522	1
812	523	1
812	525	1
812	527	1
812	530	1
812	531	1
812	532	1
812	533	1
812	534	1
812	535	1
812	539	1
812	541	1
812	542	1
812	544	1
812	545	1
812	549	1
812	551	1
812	552	1
812	553	1
812	557	1
812	558	1
812	564	1
812	567	1
812	568	1
812	569	1
812	570	1
812	571	1
812	574	1
812	575	1
812	576	1
812	577	1
812	578	1
812	580	1
812	585	1
812	586	1
812	587	1
812	589	1
812	592	1
812	593	1
812	594	1
812	595	1
812	596	1
812	599	1
812	600	1
812	601	1
812	602	1
812	603	1
812	604	1
812	605	1
812	606	1
812	607	1
812	611	1
812	613	1
812	615	1
812	619	1
812	620	1
813	69	1
813	214	1
813	224	1
813	232	1
813	253	1
813	272	1
813	288	1
813	291	1
813	300	1
813	308	1
813	339	1
813	340	1
813	357	1
813	360	1
813	379	1
813	383	1
813	399	1
813	403	1
813	422	1
813	425	1
813	427	1
813	429	1
813	430	1
813	435	1
813	436	1
813	438	1
813	442	1
813	453	1
813	455	1
813	459	1
813	462	1
813	466	1
813	475	1
813	477	1
813	478	1
813	480	1
813	481	1
813	487	1
813	488	1
813	489	1
813	493	1
813	495	1
813	496	1
813	501	1
813	503	1
813	507	1
813	508	1
813	509	1
813	511	1
813	515	1
813	518	1
813	519	1
813	521	1
813	522	1
813	523	1
813	524	1
813	526	1
813	527	1
813	528	1
813	529	1
813	530	1
813	531	1
813	532	1
813	539	1
813	540	1
813	541	1
813	544	1
813	545	1
813	546	1
813	547	1
813	548	1
813	550	1
813	552	1
813	556	1
813	559	1
813	560	1
813	561	1
813	563	1
813	564	1
813	566	1
813	571	1
813	572	1
813	574	1
813	576	1
813	578	1
813	579	1
813	580	1
813	581	1
813	582	1
813	583	1
813	584	1
813	585	1
813	586	1
813	589	1
813	590	1
813	595	1
813	598	1
813	599	1
813	602	1
813	603	1
813	605	1
813	607	1
813	608	1
813	612	1
813	613	1
813	614	1
813	616	1
813	618	1
813	619	1
813	621	1
813	623	1
814	53	1
814	123	1
814	167	1
814	205	1
814	211	1
814	213	1
814	273	1
814	287	1
814	319	1
814	328	1
814	372	1
814	380	1
814	387	1
814	398	1
814	401	1
814	407	1
814	408	1
814	409	1
814	418	1
814	420	1
814	421	1
814	425	1
814	427	1
814	429	1
814	431	1
814	432	1
814	435	1
814	436	1
814	448	1
814	451	1
814	455	1
814	464	1
814	465	1
814	469	1
814	470	1
814	471	1
814	473	1
814	474	1
814	476	1
814	477	1
814	480	1
814	483	1
814	484	1
814	488	1
814	489	1
814	493	1
814	494	1
814	495	1
814	497	1
814	498	1
814	504	1
814	505	1
814	511	1
814	513	1
814	514	1
814	518	1
814	520	1
814	521	1
814	526	1
814	527	1
814	528	1
814	530	1
814	531	1
814	535	1
814	536	1
814	537	1
814	538	1
814	540	1
814	542	1
814	544	1
814	546	1
814	549	1
814	551	1
814	554	1
814	560	1
814	561	1
814	564	1
814	565	1
814	566	1
814	570	1
814	575	1
814	578	1
814	580	1
814	581	1
814	583	1
814	584	1
814	585	1
814	586	1
814	591	1
814	592	1
814	594	1
814	595	1
814	596	1
814	599	1
814	600	1
814	606	1
814	607	1
814	608	1
814	609	1
814	610	1
814	611	1
814	613	1
814	614	1
814	615	1
814	616	1
814	618	1
814	619	1
814	620	1
814	621	1
814	622	1
814	623	1
815	5	1
815	31	1
815	97	1
815	295	1
815	307	1
815	338	1
815	342	1
815	351	1
815	357	1
815	358	1
815	359	1
815	365	1
815	366	1
815	378	1
815	380	1
815	385	1
815	409	1
815	416	1
815	418	1
815	429	1
815	430	1
815	435	1
815	438	1
815	442	1
815	444	1
815	446	1
815	447	1
815	454	1
815	459	1
815	461	1
815	463	1
815	469	1
815	472	1
815	474	1
815	477	1
815	479	1
815	481	1
815	482	1
815	483	1
815	489	1
815	491	1
815	492	1
815	493	1
815	496	1
815	497	1
815	501	1
815	503	1
815	505	1
815	507	1
815	509	1
815	510	1
815	511	1
815	517	1
815	523	1
815	524	1
815	525	1
815	527	1
815	529	1
815	530	1
815	531	1
815	533	1
815	535	1
815	536	1
815	538	1
815	540	1
815	543	1
815	544	1
815	545	1
815	546	1
815	549	1
815	550	1
815	552	1
815	555	1
815	556	1
815	557	1
815	558	1
815	559	1
815	560	1
815	561	1
815	565	1
815	566	1
815	567	1
815	575	1
815	577	1
815	579	1
815	581	1
815	582	1
815	585	1
815	586	1
815	589	1
815	590	1
815	591	1
815	592	1
815	593	1
815	594	1
815	595	1
815	596	1
815	602	1
815	604	1
815	605	1
815	606	1
815	607	1
815	608	1
815	609	1
815	610	1
815	612	1
815	613	1
815	616	1
815	617	1
815	618	1
815	619	1
815	620	1
816	222	1
816	235	1
816	273	1
816	305	1
816	316	1
816	318	1
816	325	1
816	352	1
816	372	1
816	373	1
816	375	1
816	377	1
816	380	1
816	384	1
816	392	1
816	404	1
816	411	1
816	420	1
816	421	1
816	429	1
816	430	1
816	431	1
816	432	1
816	435	1
816	438	1
816	441	1
816	445	1
816	454	1
816	459	1
816	460	1
816	465	1
816	466	1
816	469	1
816	472	1
816	474	1
816	475	1
816	478	1
816	486	1
816	489	1
816	495	1
816	496	1
816	499	1
816	503	1
816	508	1
816	509	1
816	510	1
816	513	1
816	514	1
816	517	1
816	519	1
816	521	1
816	530	1
816	531	1
816	532	1
816	534	1
816	539	1
816	542	1
816	543	1
816	544	1
816	545	1
816	546	1
816	547	1
816	549	1
816	551	1
816	552	1
816	553	1
816	554	1
816	555	1
816	556	1
816	557	1
816	558	1
816	559	1
816	561	1
816	563	1
816	564	1
816	566	1
816	568	1
816	570	1
816	574	1
816	575	1
816	578	1
816	580	1
816	581	1
816	583	1
816	584	1
816	585	1
816	586	1
816	588	1
816	590	1
816	593	1
816	594	1
816	595	1
816	596	1
816	597	1
816	598	1
816	599	1
816	601	1
816	604	1
816	605	1
816	607	1
816	608	1
816	609	1
816	610	1
816	612	1
816	615	1
816	616	1
816	617	1
816	618	1
816	619	1
816	621	1
816	622	1
816	623	1
817	147	1
817	159	1
817	207	1
817	210	1
817	279	1
817	328	1
817	330	1
817	343	1
817	366	1
817	376	1
817	381	1
817	391	1
817	407	1
817	415	1
817	417	1
817	424	1
817	427	1
817	428	1
817	429	1
817	439	1
817	447	1
817	450	1
817	451	1
817	457	1
817	460	1
817	465	1
817	466	1
817	467	1
817	471	1
817	474	1
817	475	1
817	476	1
817	477	1
817	478	1
817	480	1
817	483	1
817	485	1
817	486	1
817	487	1
817	488	1
817	489	1
817	491	1
817	492	1
817	493	1
817	494	1
817	497	1
817	498	1
817	500	1
817	501	1
817	502	1
817	503	1
817	510	1
817	511	1
817	513	1
817	514	1
817	519	1
817	520	1
817	521	1
817	522	1
817	523	1
817	524	1
817	526	1
817	528	1
817	529	1
817	531	1
817	533	1
817	536	1
817	538	1
817	539	1
817	540	1
817	541	1
817	544	1
817	545	1
817	546	1
817	550	1
817	553	1
817	554	1
817	557	1
817	561	1
817	563	1
817	567	1
817	570	1
817	575	1
817	577	1
817	578	1
817	581	1
817	582	1
817	583	1
817	584	1
817	586	1
817	587	1
817	588	1
817	590	1
817	591	1
817	592	1
817	593	1
817	595	1
817	596	1
817	597	1
817	598	1
817	600	1
817	609	1
817	610	1
817	611	1
817	612	1
817	613	1
817	614	1
817	615	1
817	617	1
817	619	1
817	620	1
817	622	1
818	8	1
818	46	1
818	52	1
818	106	1
818	115	1
818	134	1
818	270	1
818	317	1
818	318	1
818	344	1
818	355	1
818	366	1
818	374	1
818	400	1
818	418	1
818	426	1
818	434	1
818	435	1
818	438	1
818	439	1
818	440	1
818	441	1
818	444	1
818	447	1
818	452	1
818	454	1
818	459	1
818	462	1
818	463	1
818	468	1
818	473	1
818	474	1
818	475	1
818	476	1
818	479	1
818	480	1
818	481	1
818	483	1
818	490	1
818	491	1
818	498	1
818	500	1
818	505	1
818	506	1
818	507	1
818	508	1
818	509	1
818	510	1
818	511	1
818	513	1
818	517	1
818	523	1
818	524	1
818	525	1
818	526	1
818	530	1
818	533	1
818	534	1
818	538	1
818	541	1
818	542	1
818	545	1
818	546	1
818	547	1
818	549	1
818	552	1
818	553	1
818	554	1
818	555	1
818	558	1
818	560	1
818	561	1
818	562	1
818	563	1
818	564	1
818	565	1
818	566	1
818	567	1
818	568	1
818	569	1
818	571	1
818	572	1
818	575	1
818	579	1
818	580	1
818	582	1
818	584	1
818	585	1
818	587	1
818	588	1
818	589	1
818	590	1
818	592	1
818	593	1
818	595	1
818	596	1
818	597	1
818	598	1
818	602	1
818	606	1
818	607	1
818	608	1
818	610	1
818	612	1
818	613	1
818	614	1
818	615	1
818	616	1
818	618	1
818	619	1
818	620	1
818	621	1
818	622	1
819	27	1
819	110	1
819	151	1
819	156	1
819	186	1
819	309	1
819	313	1
819	315	1
819	337	1
819	353	1
819	357	1
819	362	1
819	387	1
819	405	1
819	410	1
819	411	1
819	418	1
819	419	1
819	422	1
819	424	1
819	432	1
819	433	1
819	435	1
819	438	1
819	440	1
819	442	1
819	444	1
819	451	1
819	458	1
819	459	1
819	467	1
819	476	1
819	478	1
819	480	1
819	481	1
819	491	1
819	492	1
819	493	1
819	494	1
819	498	1
819	501	1
819	502	1
819	505	1
819	508	1
819	509	1
819	511	1
819	513	1
819	515	1
819	516	1
819	518	1
819	519	1
819	523	1
819	524	1
819	525	1
819	526	1
819	528	1
819	530	1
819	533	1
819	535	1
819	536	1
819	540	1
819	541	1
819	542	1
819	543	1
819	544	1
819	546	1
819	547	1
819	548	1
819	549	1
819	551	1
819	554	1
819	555	1
819	559	1
819	560	1
819	561	1
819	563	1
819	565	1
819	567	1
819	569	1
819	570	1
819	571	1
819	572	1
819	575	1
819	576	1
819	578	1
819	580	1
819	581	1
819	582	1
819	583	1
819	585	1
819	586	1
819	587	1
819	588	1
819	589	1
819	590	1
819	594	1
819	598	1
819	600	1
819	602	1
819	604	1
819	605	1
819	606	1
819	607	1
819	610	1
819	611	1
819	612	1
819	614	1
819	615	1
819	616	1
819	617	1
819	618	1
819	620	1
819	623	1
820	23	1
820	40	1
820	110	1
820	170	1
820	271	1
820	295	1
820	317	1
820	318	1
820	354	1
820	361	1
820	362	1
820	374	1
820	379	1
820	381	1
820	387	1
820	395	1
820	396	1
820	405	1
820	408	1
820	409	1
820	421	1
820	431	1
820	432	1
820	434	1
820	435	1
820	437	1
820	446	1
820	448	1
820	449	1
820	466	1
820	467	1
820	469	1
820	471	1
820	473	1
820	476	1
820	477	1
820	479	1
820	481	1
820	482	1
820	487	1
820	491	1
820	492	1
820	493	1
820	494	1
820	499	1
820	501	1
820	503	1
820	507	1
820	508	1
820	510	1
820	511	1
820	512	1
820	513	1
820	514	1
820	516	1
820	517	1
820	521	1
820	522	1
820	524	1
820	527	1
820	531	1
820	532	1
820	534	1
820	538	1
820	540	1
820	543	1
820	544	1
820	545	1
820	546	1
820	547	1
820	549	1
820	550	1
820	551	1
820	554	1
820	556	1
820	557	1
820	558	1
820	559	1
820	561	1
820	562	1
820	564	1
820	565	1
820	567	1
820	569	1
820	571	1
820	574	1
820	575	1
820	576	1
820	579	1
820	581	1
820	582	1
820	584	1
820	588	1
820	591	1
820	593	1
820	594	1
820	596	1
820	597	1
820	599	1
820	600	1
820	601	1
820	603	1
820	604	1
820	605	1
820	606	1
820	608	1
820	609	1
820	610	1
820	613	1
820	614	1
820	616	1
820	617	1
820	618	1
820	619	1
821	179	1
821	192	1
821	253	1
821	263	1
821	312	1
821	365	1
821	371	1
821	377	1
821	379	1
821	388	1
821	392	1
821	400	1
821	412	1
821	414	1
821	421	1
821	427	1
821	433	1
821	442	1
821	443	1
821	448	1
821	450	1
821	455	1
821	456	1
821	457	1
821	462	1
821	464	1
821	467	1
821	468	1
821	469	1
821	470	1
821	474	1
821	481	1
821	482	1
821	484	1
821	489	1
821	490	1
821	492	1
821	494	1
821	496	1
821	498	1
821	500	1
821	503	1
821	505	1
821	508	1
821	509	1
821	512	1
821	516	1
821	517	1
821	518	1
821	519	1
821	521	1
821	523	1
821	525	1
821	526	1
821	527	1
821	528	1
821	530	1
821	532	1
821	536	1
821	537	1
821	538	1
821	539	1
821	542	1
821	543	1
821	545	1
821	548	1
821	551	1
821	555	1
821	556	1
821	557	1
821	558	1
821	561	1
821	562	1
821	563	1
821	564	1
821	565	1
821	568	1
821	570	1
821	571	1
821	572	1
821	573	1
821	574	1
821	575	1
821	576	1
821	577	1
821	580	1
821	581	1
821	582	1
821	583	1
821	585	1
821	586	1
821	587	1
821	589	1
821	590	1
821	591	1
821	594	1
821	596	1
821	597	1
821	600	1
821	601	1
821	602	1
821	604	1
821	606	1
821	607	1
821	608	1
821	609	1
821	610	1
821	611	1
821	612	1
821	615	1
821	617	1
821	619	1
821	620	1
821	622	1
821	623	1
822	2	1
822	48	1
822	124	1
822	152	1
822	153	1
822	203	1
822	205	1
822	235	1
822	272	1
822	278	1
822	296	1
822	305	1
822	311	1
822	327	1
822	331	1
822	356	1
822	364	1
822	366	1
822	381	1
822	384	1
822	386	1
822	394	1
822	398	1
822	399	1
822	422	1
822	423	1
822	425	1
822	426	1
822	432	1
822	435	1
822	436	1
822	449	1
822	450	1
822	454	1
822	463	1
822	467	1
822	469	1
822	470	1
822	472	1
822	474	1
822	477	1
822	478	1
822	479	1
822	482	1
822	486	1
822	487	1
822	488	1
822	490	1
822	492	1
822	498	1
822	504	1
822	506	1
822	511	1
822	513	1
822	515	1
822	516	1
822	520	1
822	523	1
822	525	1
822	526	1
822	527	1
822	533	1
822	534	1
822	536	1
822	538	1
822	540	1
822	541	1
822	543	1
822	549	1
822	550	1
822	551	1
822	553	1
822	558	1
822	560	1
822	561	1
822	562	1
822	565	1
822	567	1
822	568	1
822	570	1
822	571	1
822	572	1
822	573	1
822	574	1
822	576	1
822	577	1
822	578	1
822	579	1
822	580	1
822	581	1
822	583	1
822	584	1
822	585	1
822	586	1
822	587	1
822	588	1
822	590	1
822	597	1
822	599	1
822	600	1
822	601	1
822	602	1
822	603	1
822	604	1
822	607	1
822	608	1
822	610	1
822	611	1
822	612	1
822	614	1
822	615	1
822	617	1
822	618	1
822	622	1
822	623	1
823	11	1
823	108	1
823	180	1
823	181	1
823	220	1
823	228	1
823	243	1
823	315	1
823	329	1
823	333	1
823	346	1
823	348	1
823	351	1
823	354	1
823	359	1
823	375	1
823	382	1
823	384	1
823	392	1
823	393	1
823	397	1
823	406	1
823	407	1
823	411	1
823	418	1
823	419	1
823	422	1
823	424	1
823	432	1
823	446	1
823	447	1
823	450	1
823	456	1
823	457	1
823	459	1
823	462	1
823	463	1
823	467	1
823	470	1
823	475	1
823	478	1
823	481	1
823	484	1
823	485	1
823	486	1
823	488	1
823	490	1
823	492	1
823	494	1
823	504	1
823	506	1
823	508	1
823	510	1
823	514	1
823	516	1
823	518	1
823	519	1
823	522	1
823	524	1
823	528	1
823	529	1
823	530	1
823	533	1
823	534	1
823	536	1
823	537	1
823	538	1
823	539	1
823	541	1
823	542	1
823	544	1
823	546	1
823	547	1
823	549	1
823	550	1
823	552	1
823	553	1
823	554	1
823	558	1
823	562	1
823	565	1
823	566	1
823	567	1
823	569	1
823	570	1
823	571	1
823	573	1
823	574	1
823	576	1
823	579	1
823	580	1
823	581	1
823	582	1
823	584	1
823	589	1
823	590	1
823	591	1
823	592	1
823	596	1
823	597	1
823	598	1
823	600	1
823	601	1
823	602	1
823	604	1
823	605	1
823	606	1
823	607	1
823	608	1
823	610	1
823	613	1
823	619	1
823	620	1
823	622	1
823	623	1
824	244	1
824	281	1
824	321	1
824	331	1
824	334	1
824	338	1
824	339	1
824	346	1
824	352	1
824	365	1
824	368	1
824	369	1
824	386	1
824	392	1
824	405	1
824	408	1
824	415	1
824	416	1
824	424	1
824	426	1
824	431	1
824	433	1
824	434	1
824	436	1
824	438	1
824	441	1
824	443	1
824	445	1
824	446	1
824	447	1
824	449	1
824	454	1
824	461	1
824	462	1
824	465	1
824	466	1
824	468	1
824	469	1
824	474	1
824	475	1
824	476	1
824	478	1
824	479	1
824	480	1
824	482	1
824	485	1
824	488	1
824	490	1
824	492	1
824	495	1
824	497	1
824	501	1
824	502	1
824	503	1
824	504	1
824	505	1
824	508	1
824	511	1
824	513	1
824	514	1
824	521	1
824	523	1
824	526	1
824	528	1
824	531	1
824	532	1
824	534	1
824	538	1
824	541	1
824	546	1
824	547	1
824	550	1
824	552	1
824	554	1
824	555	1
824	558	1
824	559	1
824	560	1
824	562	1
824	563	1
824	565	1
824	566	1
824	569	1
824	573	1
824	575	1
824	576	1
824	579	1
824	581	1
824	582	1
824	583	1
824	584	1
824	585	1
824	587	1
824	588	1
824	590	1
824	592	1
824	595	1
824	596	1
824	597	1
824	600	1
824	601	1
824	604	1
824	607	1
824	609	1
824	611	1
824	612	1
824	613	1
824	614	1
824	617	1
824	618	1
824	619	1
824	620	1
824	621	1
824	622	1
824	623	1
825	39	1
825	144	1
825	177	1
825	195	1
825	212	1
825	248	1
825	280	1
825	306	1
825	355	1
825	360	1
825	377	1
825	378	1
825	382	1
825	399	1
825	403	1
825	407	1
825	411	1
825	414	1
825	416	1
825	418	1
825	427	1
825	428	1
825	443	1
825	451	1
825	454	1
825	457	1
825	461	1
825	462	1
825	463	1
825	469	1
825	470	1
825	472	1
825	473	1
825	475	1
825	478	1
825	484	1
825	485	1
825	489	1
825	492	1
825	493	1
825	495	1
825	499	1
825	500	1
825	502	1
825	503	1
825	507	1
825	508	1
825	510	1
825	511	1
825	512	1
825	513	1
825	518	1
825	520	1
825	521	1
825	524	1
825	526	1
825	527	1
825	528	1
825	532	1
825	538	1
825	539	1
825	541	1
825	542	1
825	544	1
825	547	1
825	548	1
825	549	1
825	552	1
825	553	1
825	554	1
825	557	1
825	558	1
825	559	1
825	560	1
825	561	1
825	562	1
825	563	1
825	564	1
825	565	1
825	566	1
825	568	1
825	570	1
825	572	1
825	574	1
825	575	1
825	577	1
825	581	1
825	585	1
825	586	1
825	587	1
825	591	1
825	592	1
825	593	1
825	594	1
825	596	1
825	598	1
825	601	1
825	602	1
825	604	1
825	605	1
825	606	1
825	607	1
825	608	1
825	609	1
825	610	1
825	612	1
825	614	1
825	615	1
825	616	1
825	617	1
825	618	1
825	619	1
825	620	1
825	621	1
825	622	1
825	623	1
826	145	1
826	209	1
826	250	1
826	259	1
826	266	1
826	267	1
826	304	1
826	351	1
826	373	1
826	374	1
826	378	1
826	382	1
826	392	1
826	394	1
826	396	1
826	399	1
826	401	1
826	409	1
826	413	1
826	417	1
826	423	1
826	424	1
826	433	1
826	449	1
826	453	1
826	457	1
826	462	1
826	466	1
826	469	1
826	470	1
826	474	1
826	475	1
826	476	1
826	477	1
826	482	1
826	488	1
826	489	1
826	490	1
826	491	1
826	493	1
826	494	1
826	495	1
826	497	1
826	499	1
826	500	1
826	502	1
826	503	1
826	508	1
826	509	1
826	512	1
826	514	1
826	515	1
826	518	1
826	521	1
826	524	1
826	525	1
826	526	1
826	527	1
826	531	1
826	532	1
826	534	1
826	536	1
826	537	1
826	538	1
826	539	1
826	541	1
826	548	1
826	549	1
826	550	1
826	551	1
826	553	1
826	554	1
826	555	1
826	557	1
826	559	1
826	560	1
826	561	1
826	562	1
826	568	1
826	571	1
826	572	1
826	574	1
826	575	1
826	576	1
826	578	1
826	581	1
826	582	1
826	583	1
826	584	1
826	585	1
826	588	1
826	589	1
826	591	1
826	593	1
826	594	1
826	596	1
826	597	1
826	598	1
826	599	1
826	600	1
826	602	1
826	604	1
826	605	1
826	606	1
826	608	1
826	609	1
826	610	1
826	612	1
826	613	1
826	615	1
826	616	1
826	618	1
826	619	1
826	620	1
826	621	1
826	622	1
826	623	1
827	69	1
827	202	1
827	279	1
827	286	1
827	310	1
827	314	1
827	331	1
827	353	1
827	363	1
827	368	1
827	369	1
827	383	1
827	393	1
827	394	1
827	400	1
827	407	1
827	418	1
827	425	1
827	431	1
827	437	1
827	443	1
827	444	1
827	448	1
827	452	1
827	453	1
827	455	1
827	459	1
827	462	1
827	463	1
827	468	1
827	471	1
827	476	1
827	477	1
827	478	1
827	481	1
827	484	1
827	491	1
827	492	1
827	495	1
827	496	1
827	497	1
827	498	1
827	500	1
827	503	1
827	507	1
827	508	1
827	510	1
827	513	1
827	516	1
827	520	1
827	521	1
827	522	1
827	524	1
827	525	1
827	526	1
827	527	1
827	530	1
827	531	1
827	533	1
827	535	1
827	538	1
827	539	1
827	541	1
827	544	1
827	546	1
827	548	1
827	549	1
827	551	1
827	552	1
827	554	1
827	555	1
827	556	1
827	558	1
827	559	1
827	560	1
827	561	1
827	564	1
827	565	1
827	567	1
827	569	1
827	570	1
827	571	1
827	572	1
827	573	1
827	575	1
827	576	1
827	578	1
827	579	1
827	581	1
827	582	1
827	583	1
827	584	1
827	586	1
827	587	1
827	588	1
827	589	1
827	594	1
827	595	1
827	597	1
827	598	1
827	600	1
827	602	1
827	604	1
827	605	1
827	606	1
827	607	1
827	608	1
827	609	1
827	612	1
827	613	1
827	614	1
827	615	1
827	616	1
827	619	1
827	620	1
827	621	1
827	622	1
827	623	1
828	56	1
828	149	1
828	181	1
828	190	1
828	276	1
828	307	1
828	325	1
828	328	1
828	330	1
828	355	1
828	360	1
828	367	1
828	379	1
828	386	1
828	395	1
828	396	1
828	400	1
828	406	1
828	409	1
828	411	1
828	423	1
828	431	1
828	432	1
828	435	1
828	436	1
828	444	1
828	445	1
828	446	1
828	449	1
828	456	1
828	459	1
828	461	1
828	467	1
828	473	1
828	480	1
828	485	1
828	487	1
828	490	1
828	491	1
828	493	1
828	498	1
828	499	1
828	501	1
828	505	1
828	507	1
828	508	1
828	509	1
828	510	1
828	511	1
828	513	1
828	514	1
828	515	1
828	516	1
828	517	1
828	518	1
828	519	1
828	520	1
828	523	1
828	526	1
828	528	1
828	531	1
828	533	1
828	534	1
828	537	1
828	538	1
828	539	1
828	541	1
828	542	1
828	544	1
828	546	1
828	547	1
828	548	1
828	552	1
828	553	1
828	554	1
828	555	1
828	556	1
828	557	1
828	559	1
828	560	1
828	563	1
828	564	1
828	565	1
828	568	1
828	569	1
828	570	1
828	572	1
828	573	1
828	574	1
828	575	1
828	577	1
828	579	1
828	580	1
828	583	1
828	584	1
828	585	1
828	586	1
828	590	1
828	591	1
828	593	1
828	594	1
828	595	1
828	596	1
828	598	1
828	599	1
828	600	1
828	601	1
828	602	1
828	605	1
828	606	1
828	610	1
828	611	1
828	613	1
828	616	1
828	617	1
828	619	1
828	621	1
828	622	1
829	152	1
829	213	1
829	264	1
829	301	1
829	330	1
829	341	1
829	344	1
829	354	1
829	358	1
829	361	1
829	362	1
829	365	1
829	381	1
829	382	1
829	389	1
829	397	1
829	399	1
829	400	1
829	419	1
829	420	1
829	426	1
829	432	1
829	433	1
829	442	1
829	444	1
829	447	1
829	450	1
829	452	1
829	455	1
829	457	1
829	458	1
829	461	1
829	463	1
829	464	1
829	466	1
829	471	1
829	472	1
829	474	1
829	475	1
829	481	1
829	482	1
829	483	1
829	484	1
829	485	1
829	487	1
829	488	1
829	489	1
829	491	1
829	495	1
829	496	1
829	497	1
829	499	1
829	501	1
829	504	1
829	507	1
829	508	1
829	509	1
829	511	1
829	515	1
829	518	1
829	521	1
829	523	1
829	524	1
829	526	1
829	527	1
829	531	1
829	533	1
829	534	1
829	535	1
829	536	1
829	538	1
829	540	1
829	544	1
829	545	1
829	550	1
829	551	1
829	553	1
829	554	1
829	555	1
829	562	1
829	567	1
829	569	1
829	571	1
829	572	1
829	573	1
829	574	1
829	575	1
829	576	1
829	577	1
829	578	1
829	579	1
829	580	1
829	581	1
829	586	1
829	589	1
829	590	1
829	591	1
829	595	1
829	596	1
829	597	1
829	599	1
829	602	1
829	605	1
829	606	1
829	607	1
829	608	1
829	609	1
829	610	1
829	611	1
829	612	1
829	613	1
829	614	1
829	615	1
829	616	1
829	617	1
829	618	1
829	621	1
829	622	1
829	623	1
830	82	1
830	138	1
830	196	1
830	200	1
830	238	1
830	252	1
830	277	1
830	288	1
830	298	1
830	341	1
830	349	1
830	350	1
830	351	1
830	369	1
830	377	1
830	379	1
830	384	1
830	388	1
830	391	1
830	396	1
830	398	1
830	401	1
830	408	1
830	410	1
830	415	1
830	416	1
830	418	1
830	424	1
830	426	1
830	428	1
830	436	1
830	437	1
830	442	1
830	455	1
830	458	1
830	461	1
830	468	1
830	469	1
830	472	1
830	473	1
830	475	1
830	477	1
830	481	1
830	484	1
830	486	1
830	490	1
830	491	1
830	492	1
830	493	1
830	494	1
830	495	1
830	501	1
830	503	1
830	506	1
830	508	1
830	510	1
830	511	1
830	515	1
830	516	1
830	518	1
830	521	1
830	524	1
830	525	1
830	526	1
830	528	1
830	529	1
830	530	1
830	535	1
830	537	1
830	538	1
830	544	1
830	545	1
830	546	1
830	547	1
830	548	1
830	549	1
830	550	1
830	551	1
830	552	1
830	554	1
830	556	1
830	558	1
830	563	1
830	567	1
830	571	1
830	572	1
830	574	1
830	575	1
830	579	1
830	583	1
830	584	1
830	585	1
830	586	1
830	589	1
830	590	1
830	591	1
830	592	1
830	593	1
830	594	1
830	595	1
830	596	1
830	597	1
830	598	1
830	599	1
830	600	1
830	601	1
830	604	1
830	605	1
830	609	1
830	610	1
830	612	1
830	614	1
830	615	1
830	616	1
830	618	1
830	619	1
830	620	1
830	621	1
830	623	1
831	269	1
831	279	1
831	294	1
831	301	1
831	313	1
831	314	1
831	321	1
831	331	1
831	337	1
831	365	1
831	366	1
831	373	1
831	377	1
831	384	1
831	387	1
831	399	1
831	411	1
831	423	1
831	426	1
831	444	1
831	446	1
831	448	1
831	450	1
831	459	1
831	460	1
831	464	1
831	467	1
831	468	1
831	469	1
831	472	1
831	478	1
831	481	1
831	484	1
831	485	1
831	486	1
831	488	1
831	489	1
831	490	1
831	494	1
831	499	1
831	501	1
831	502	1
831	505	1
831	506	1
831	507	1
831	508	1
831	513	1
831	515	1
831	516	1
831	521	1
831	525	1
831	527	1
831	528	1
831	530	1
831	531	1
831	532	1
831	533	1
831	535	1
831	536	1
831	537	1
831	538	1
831	541	1
831	542	1
831	545	1
831	548	1
831	549	1
831	550	1
831	551	1
831	553	1
831	555	1
831	557	1
831	558	1
831	559	1
831	560	1
831	561	1
831	564	1
831	565	1
831	566	1
831	567	1
831	570	1
831	571	1
831	572	1
831	573	1
831	574	1
831	577	1
831	578	1
831	579	1
831	580	1
831	583	1
831	585	1
831	587	1
831	588	1
831	589	1
831	590	1
831	591	1
831	592	1
831	593	1
831	594	1
831	596	1
831	599	1
831	601	1
831	602	1
831	604	1
831	605	1
831	606	1
831	607	1
831	608	1
831	609	1
831	610	1
831	611	1
831	612	1
831	613	1
831	614	1
831	617	1
831	618	1
831	619	1
831	620	1
831	621	1
831	622	1
831	623	1
832	88	1
832	200	1
832	201	1
832	281	1
832	282	1
832	304	1
832	314	1
832	333	1
832	337	1
832	351	1
832	355	1
832	367	1
832	373	1
832	375	1
832	386	1
832	394	1
832	396	1
832	400	1
832	403	1
832	405	1
832	407	1
832	415	1
832	418	1
832	419	1
832	423	1
832	424	1
832	428	1
832	429	1
832	443	1
832	449	1
832	450	1
832	453	1
832	458	1
832	460	1
832	470	1
832	472	1
832	473	1
832	476	1
832	477	1
832	479	1
832	480	1
832	482	1
832	483	1
832	491	1
832	492	1
832	494	1
832	495	1
832	496	1
832	498	1
832	502	1
832	506	1
832	508	1
832	509	1
832	511	1
832	515	1
832	516	1
832	518	1
832	521	1
832	522	1
832	523	1
832	524	1
832	526	1
832	528	1
832	532	1
832	535	1
832	537	1
832	538	1
832	540	1
832	541	1
832	545	1
832	546	1
832	549	1
832	550	1
832	551	1
832	552	1
832	554	1
832	556	1
832	558	1
832	559	1
832	560	1
832	562	1
832	565	1
832	566	1
832	567	1
832	568	1
832	569	1
832	570	1
832	573	1
832	575	1
832	576	1
832	577	1
832	578	1
832	579	1
832	580	1
832	582	1
832	583	1
832	585	1
832	586	1
832	588	1
832	589	1
832	590	1
832	591	1
832	593	1
832	594	1
832	595	1
832	598	1
832	601	1
832	602	1
832	603	1
832	604	1
832	606	1
832	607	1
832	609	1
832	613	1
832	614	1
832	615	1
832	616	1
832	618	1
832	619	1
832	620	1
833	56	1
833	161	1
833	217	1
833	291	1
833	303	1
833	319	1
833	320	1
833	323	1
833	326	1
833	328	1
833	332	1
833	348	1
833	350	1
833	357	1
833	384	1
833	386	1
833	390	1
833	391	1
833	406	1
833	407	1
833	416	1
833	417	1
833	422	1
833	430	1
833	435	1
833	443	1
833	451	1
833	455	1
833	456	1
833	457	1
833	459	1
833	466	1
833	470	1
833	473	1
833	484	1
833	485	1
833	487	1
833	490	1
833	493	1
833	494	1
833	495	1
833	498	1
833	499	1
833	500	1
833	504	1
833	507	1
833	509	1
833	511	1
833	514	1
833	515	1
833	516	1
833	517	1
833	519	1
833	520	1
833	522	1
833	528	1
833	530	1
833	531	1
833	532	1
833	533	1
833	535	1
833	537	1
833	538	1
833	543	1
833	544	1
833	545	1
833	546	1
833	547	1
833	548	1
833	549	1
833	550	1
833	552	1
833	554	1
833	555	1
833	556	1
833	557	1
833	559	1
833	562	1
833	564	1
833	565	1
833	566	1
833	568	1
833	569	1
833	570	1
833	571	1
833	572	1
833	574	1
833	576	1
833	577	1
833	578	1
833	579	1
833	580	1
833	581	1
833	582	1
833	583	1
833	585	1
833	586	1
833	588	1
833	589	1
833	592	1
833	593	1
833	596	1
833	597	1
833	600	1
833	602	1
833	603	1
833	605	1
833	606	1
833	607	1
833	608	1
833	609	1
833	610	1
833	611	1
833	613	1
833	614	1
833	615	1
833	616	1
833	617	1
833	620	1
833	621	1
833	623	1
834	168	1
834	188	1
834	213	1
834	301	1
834	307	1
834	313	1
834	326	1
834	329	1
834	331	1
834	345	1
834	359	1
834	366	1
834	373	1
834	375	1
834	406	1
834	411	1
834	412	1
834	418	1
834	421	1
834	422	1
834	423	1
834	426	1
834	427	1
834	430	1
834	434	1
834	437	1
834	438	1
834	453	1
834	454	1
834	457	1
834	459	1
834	461	1
834	463	1
834	464	1
834	468	1
834	469	1
834	470	1
834	471	1
834	473	1
834	483	1
834	484	1
834	486	1
834	490	1
834	492	1
834	493	1
834	498	1
834	502	1
834	503	1
834	504	1
834	512	1
834	514	1
834	520	1
834	521	1
834	522	1
834	526	1
834	527	1
834	528	1
834	529	1
834	530	1
834	531	1
834	532	1
834	533	1
834	535	1
834	537	1
834	538	1
834	539	1
834	542	1
834	544	1
834	545	1
834	547	1
834	548	1
834	551	1
834	554	1
834	555	1
834	561	1
834	563	1
834	564	1
834	565	1
834	568	1
834	569	1
834	570	1
834	571	1
834	574	1
834	575	1
834	576	1
834	577	1
834	578	1
834	579	1
834	580	1
834	581	1
834	582	1
834	583	1
834	585	1
834	588	1
834	589	1
834	591	1
834	592	1
834	593	1
834	595	1
834	596	1
834	597	1
834	598	1
834	599	1
834	601	1
834	602	1
834	603	1
834	604	1
834	605	1
834	606	1
834	607	1
834	609	1
834	610	1
834	611	1
834	612	1
834	614	1
834	616	1
834	617	1
834	618	1
834	619	1
834	620	1
834	622	1
834	623	1
835	84	1
835	104	1
835	250	1
835	294	1
835	301	1
835	317	1
835	331	1
835	334	1
835	344	1
835	346	1
835	350	1
835	358	1
835	365	1
835	370	1
835	371	1
835	378	1
835	385	1
835	387	1
835	402	1
835	409	1
835	418	1
835	422	1
835	424	1
835	426	1
835	427	1
835	430	1
835	437	1
835	441	1
835	447	1
835	450	1
835	453	1
835	455	1
835	456	1
835	458	1
835	464	1
835	465	1
835	467	1
835	469	1
835	473	1
835	475	1
835	480	1
835	483	1
835	484	1
835	487	1
835	491	1
835	495	1
835	497	1
835	499	1
835	500	1
835	501	1
835	504	1
835	505	1
835	506	1
835	511	1
835	512	1
835	513	1
835	515	1
835	517	1
835	518	1
835	520	1
835	521	1
835	524	1
835	528	1
835	530	1
835	531	1
835	533	1
835	535	1
835	538	1
835	539	1
835	542	1
835	543	1
835	545	1
835	546	1
835	548	1
835	549	1
835	553	1
835	555	1
835	556	1
835	557	1
835	562	1
835	563	1
835	564	1
835	566	1
835	567	1
835	570	1
835	574	1
835	575	1
835	576	1
835	577	1
835	578	1
835	579	1
835	582	1
835	586	1
835	587	1
835	588	1
835	589	1
835	591	1
835	592	1
835	593	1
835	594	1
835	595	1
835	596	1
835	597	1
835	598	1
835	600	1
835	601	1
835	602	1
835	604	1
835	605	1
835	606	1
835	607	1
835	608	1
835	609	1
835	610	1
835	611	1
835	612	1
835	615	1
835	616	1
835	617	1
835	619	1
835	620	1
835	622	1
835	623	1
836	42	1
836	176	1
836	206	1
836	271	1
836	321	1
836	334	1
836	341	1
836	354	1
836	360	1
836	362	1
836	364	1
836	379	1
836	383	1
836	385	1
836	393	1
836	399	1
836	416	1
836	417	1
836	420	1
836	421	1
836	434	1
836	436	1
836	442	1
836	445	1
836	446	1
836	447	1
836	449	1
836	459	1
836	466	1
836	468	1
836	469	1
836	471	1
836	473	1
836	477	1
836	478	1
836	479	1
836	480	1
836	483	1
836	488	1
836	490	1
836	492	1
836	493	1
836	494	1
836	495	1
836	499	1
836	500	1
836	502	1
836	504	1
836	505	1
836	508	1
836	509	1
836	512	1
836	516	1
836	517	1
836	521	1
836	525	1
836	529	1
836	530	1
836	534	1
836	535	1
836	536	1
836	537	1
836	540	1
836	542	1
836	547	1
836	548	1
836	549	1
836	553	1
836	554	1
836	558	1
836	559	1
836	562	1
836	563	1
836	564	1
836	565	1
836	566	1
836	567	1
836	568	1
836	569	1
836	570	1
836	571	1
836	573	1
836	575	1
836	576	1
836	577	1
836	578	1
836	579	1
836	580	1
836	581	1
836	583	1
836	585	1
836	586	1
836	587	1
836	588	1
836	589	1
836	590	1
836	591	1
836	592	1
836	593	1
836	594	1
836	595	1
836	596	1
836	598	1
836	599	1
836	600	1
836	601	1
836	602	1
836	603	1
836	604	1
836	606	1
836	607	1
836	608	1
836	609	1
836	611	1
836	612	1
836	614	1
836	615	1
836	617	1
836	619	1
836	620	1
836	621	1
836	622	1
836	623	1
837	95	1
837	98	1
837	113	1
837	196	1
837	259	1
837	280	1
837	298	1
837	313	1
837	324	1
837	332	1
837	343	1
837	350	1
837	358	1
837	379	1
837	396	1
837	402	1
837	403	1
837	405	1
837	412	1
837	433	1
837	435	1
837	441	1
837	443	1
837	453	1
837	457	1
837	458	1
837	465	1
837	467	1
837	468	1
837	472	1
837	473	1
837	474	1
837	477	1
837	480	1
837	484	1
837	487	1
837	489	1
837	490	1
837	493	1
837	499	1
837	500	1
837	501	1
837	502	1
837	506	1
837	510	1
837	511	1
837	512	1
837	516	1
837	517	1
837	519	1
837	522	1
837	523	1
837	524	1
837	525	1
837	526	1
837	528	1
837	529	1
837	530	1
837	531	1
837	532	1
837	533	1
837	535	1
837	537	1
837	539	1
837	540	1
837	542	1
837	543	1
837	544	1
837	545	1
837	546	1
837	547	1
837	548	1
837	550	1
837	551	1
837	553	1
837	555	1
837	556	1
837	557	1
837	560	1
837	562	1
837	563	1
837	569	1
837	571	1
837	572	1
837	575	1
837	576	1
837	577	1
837	579	1
837	581	1
837	583	1
837	584	1
837	585	1
837	586	1
837	588	1
837	589	1
837	590	1
837	592	1
837	593	1
837	594	1
837	596	1
837	597	1
837	598	1
837	599	1
837	600	1
837	601	1
837	602	1
837	604	1
837	605	1
837	606	1
837	607	1
837	608	1
837	609	1
837	610	1
837	611	1
837	612	1
837	613	1
837	614	1
837	615	1
837	616	1
837	617	1
837	618	1
837	621	1
837	622	1
837	623	1
838	24	1
838	205	1
838	226	1
838	265	1
838	271	1
838	273	1
838	280	1
838	285	1
838	299	1
838	329	1
838	335	1
838	342	1
838	346	1
838	350	1
838	355	1
838	361	1
838	374	1
838	378	1
838	381	1
838	387	1
838	402	1
838	409	1
838	412	1
838	413	1
838	421	1
838	422	1
838	431	1
838	432	1
838	436	1
838	437	1
838	438	1
838	444	1
838	448	1
838	453	1
838	460	1
838	464	1
838	465	1
838	467	1
838	473	1
838	474	1
838	476	1
838	477	1
838	487	1
838	489	1
838	490	1
838	491	1
838	494	1
838	495	1
838	497	1
838	500	1
838	501	1
838	510	1
838	513	1
838	514	1
838	515	1
838	520	1
838	521	1
838	523	1
838	524	1
838	527	1
838	528	1
838	530	1
838	531	1
838	532	1
838	535	1
838	537	1
838	538	1
838	539	1
838	543	1
838	544	1
838	545	1
838	548	1
838	549	1
838	551	1
838	554	1
838	555	1
838	556	1
838	557	1
838	558	1
838	559	1
838	560	1
838	561	1
838	562	1
838	563	1
838	564	1
838	566	1
838	568	1
838	569	1
838	571	1
838	572	1
838	576	1
838	577	1
838	578	1
838	579	1
838	580	1
838	584	1
838	586	1
838	588	1
838	589	1
838	590	1
838	591	1
838	592	1
838	593	1
838	595	1
838	597	1
838	598	1
838	600	1
838	601	1
838	602	1
838	603	1
838	605	1
838	607	1
838	608	1
838	609	1
838	610	1
838	613	1
838	615	1
838	616	1
838	617	1
838	618	1
838	619	1
838	620	1
838	621	1
838	622	1
838	623	1
839	122	1
839	232	1
839	273	1
839	290	1
839	293	1
839	299	1
839	308	1
839	322	1
839	330	1
839	347	1
839	353	1
839	359	1
839	367	1
839	368	1
839	371	1
839	389	1
839	397	1
839	404	1
839	410	1
839	417	1
839	421	1
839	427	1
839	430	1
839	434	1
839	442	1
839	451	1
839	453	1
839	457	1
839	458	1
839	464	1
839	466	1
839	468	1
839	470	1
839	472	1
839	473	1
839	475	1
839	477	1
839	479	1
839	482	1
839	483	1
839	484	1
839	486	1
839	488	1
839	490	1
839	491	1
839	496	1
839	497	1
839	499	1
839	500	1
839	503	1
839	505	1
839	507	1
839	508	1
839	509	1
839	514	1
839	515	1
839	516	1
839	517	1
839	521	1
839	523	1
839	525	1
839	526	1
839	528	1
839	530	1
839	535	1
839	536	1
839	538	1
839	539	1
839	541	1
839	542	1
839	544	1
839	546	1
839	548	1
839	551	1
839	554	1
839	555	1
839	556	1
839	559	1
839	561	1
839	562	1
839	563	1
839	565	1
839	569	1
839	570	1
839	572	1
839	573	1
839	574	1
839	575	1
839	576	1
839	577	1
839	578	1
839	579	1
839	580	1
839	581	1
839	582	1
839	583	1
839	585	1
839	586	1
839	587	1
839	588	1
839	589	1
839	592	1
839	594	1
839	595	1
839	596	1
839	597	1
839	599	1
839	601	1
839	602	1
839	603	1
839	604	1
839	605	1
839	606	1
839	609	1
839	610	1
839	611	1
839	613	1
839	614	1
839	615	1
839	616	1
839	617	1
839	618	1
839	620	1
839	621	1
839	623	1
840	227	1
840	234	1
840	302	1
840	324	1
840	351	1
840	366	1
840	372	1
840	376	1
840	379	1
840	383	1
840	392	1
840	396	1
840	407	1
840	409	1
840	410	1
840	414	1
840	416	1
840	422	1
840	427	1
840	430	1
840	431	1
840	433	1
840	437	1
840	439	1
840	442	1
840	449	1
840	450	1
840	452	1
840	460	1
840	462	1
840	465	1
840	470	1
840	471	1
840	472	1
840	473	1
840	477	1
840	478	1
840	479	1
840	480	1
840	482	1
840	491	1
840	497	1
840	498	1
840	500	1
840	508	1
840	509	1
840	511	1
840	512	1
840	513	1
840	514	1
840	516	1
840	517	1
840	519	1
840	521	1
840	524	1
840	525	1
840	528	1
840	529	1
840	530	1
840	532	1
840	534	1
840	537	1
840	542	1
840	544	1
840	545	1
840	546	1
840	547	1
840	548	1
840	549	1
840	550	1
840	551	1
840	552	1
840	554	1
840	555	1
840	556	1
840	558	1
840	561	1
840	563	1
840	564	1
840	565	1
840	568	1
840	569	1
840	571	1
840	572	1
840	573	1
840	574	1
840	576	1
840	577	1
840	578	1
840	582	1
840	583	1
840	585	1
840	586	1
840	588	1
840	589	1
840	590	1
840	591	1
840	592	1
840	593	1
840	594	1
840	597	1
840	598	1
840	599	1
840	600	1
840	602	1
840	603	1
840	604	1
840	605	1
840	606	1
840	607	1
840	608	1
840	609	1
840	610	1
840	611	1
840	612	1
840	613	1
840	614	1
840	615	1
840	617	1
840	618	1
840	619	1
840	620	1
840	621	1
840	622	1
840	623	1
841	116	1
841	133	1
841	173	1
841	191	1
841	201	1
841	283	1
841	303	1
841	304	1
841	308	1
841	326	1
841	346	1
841	347	1
841	349	1
841	361	1
841	363	1
841	370	1
841	375	1
841	377	1
841	379	1
841	396	1
841	397	1
841	401	1
841	413	1
841	418	1
841	422	1
841	425	1
841	428	1
841	433	1
841	434	1
841	435	1
841	437	1
841	443	1
841	453	1
841	457	1
841	466	1
841	468	1
841	469	1
841	471	1
841	475	1
841	481	1
841	484	1
841	495	1
841	499	1
841	506	1
841	507	1
841	508	1
841	510	1
841	514	1
841	516	1
841	517	1
841	518	1
841	519	1
841	521	1
841	523	1
841	524	1
841	525	1
841	527	1
841	528	1
841	532	1
841	533	1
841	535	1
841	537	1
841	539	1
841	540	1
841	543	1
841	544	1
841	546	1
841	547	1
841	550	1
841	553	1
841	555	1
841	557	1
841	558	1
841	559	1
841	561	1
841	562	1
841	565	1
841	566	1
841	568	1
841	569	1
841	571	1
841	572	1
841	574	1
841	575	1
841	576	1
841	577	1
841	578	1
841	579	1
841	580	1
841	582	1
841	583	1
841	584	1
841	585	1
841	587	1
841	588	1
841	590	1
841	591	1
841	592	1
841	593	1
841	594	1
841	595	1
841	596	1
841	597	1
841	598	1
841	599	1
841	600	1
841	601	1
841	602	1
841	603	1
841	604	1
841	605	1
841	606	1
841	607	1
841	608	1
841	609	1
841	610	1
841	612	1
841	613	1
841	614	1
841	615	1
841	616	1
841	617	1
841	618	1
841	620	1
841	621	1
842	49	1
842	128	1
842	155	1
842	157	1
842	209	1
842	239	1
842	285	1
842	311	1
842	316	1
842	319	1
842	365	1
842	368	1
842	371	1
842	373	1
842	383	1
842	392	1
842	400	1
842	401	1
842	404	1
842	408	1
842	410	1
842	414	1
842	426	1
842	430	1
842	431	1
842	433	1
842	435	1
842	437	1
842	438	1
842	450	1
842	451	1
842	458	1
842	459	1
842	460	1
842	463	1
842	464	1
842	465	1
842	474	1
842	478	1
842	485	1
842	487	1
842	489	1
842	491	1
842	495	1
842	496	1
842	497	1
842	498	1
842	499	1
842	500	1
842	502	1
842	503	1
842	505	1
842	508	1
842	509	1
842	510	1
842	513	1
842	516	1
842	521	1
842	523	1
842	524	1
842	525	1
842	526	1
842	529	1
842	530	1
842	534	1
842	537	1
842	538	1
842	539	1
842	541	1
842	544	1
842	547	1
842	548	1
842	551	1
842	553	1
842	556	1
842	557	1
842	558	1
842	559	1
842	561	1
842	563	1
842	565	1
842	566	1
842	567	1
842	568	1
842	569	1
842	571	1
842	573	1
842	575	1
842	576	1
842	578	1
842	579	1
842	583	1
842	584	1
842	587	1
842	588	1
842	589	1
842	590	1
842	591	1
842	592	1
842	593	1
842	595	1
842	597	1
842	598	1
842	599	1
842	600	1
842	601	1
842	602	1
842	604	1
842	605	1
842	607	1
842	608	1
842	609	1
842	610	1
842	611	1
842	614	1
842	615	1
842	616	1
842	617	1
842	618	1
842	619	1
842	620	1
842	621	1
842	622	1
842	623	1
843	19	1
843	191	1
843	231	1
843	243	1
843	282	1
843	292	1
843	295	1
843	306	1
843	359	1
843	364	1
843	381	1
843	384	1
843	387	1
843	388	1
843	393	1
843	402	1
843	407	1
843	408	1
843	414	1
843	416	1
843	421	1
843	438	1
843	445	1
843	446	1
843	459	1
843	461	1
843	462	1
843	467	1
843	469	1
843	470	1
843	475	1
843	476	1
843	483	1
843	485	1
843	490	1
843	492	1
843	494	1
843	495	1
843	496	1
843	497	1
843	501	1
843	504	1
843	507	1
843	509	1
843	511	1
843	513	1
843	514	1
843	515	1
843	519	1
843	520	1
843	521	1
843	522	1
843	523	1
843	525	1
843	528	1
843	529	1
843	530	1
843	531	1
843	533	1
843	534	1
843	535	1
843	536	1
843	538	1
843	539	1
843	540	1
843	541	1
843	542	1
843	543	1
843	544	1
843	545	1
843	546	1
843	547	1
843	551	1
843	552	1
843	553	1
843	554	1
843	555	1
843	556	1
843	559	1
843	562	1
843	563	1
843	564	1
843	566	1
843	567	1
843	568	1
843	569	1
843	571	1
843	573	1
843	574	1
843	575	1
843	576	1
843	577	1
843	578	1
843	580	1
843	583	1
843	585	1
843	586	1
843	588	1
843	589	1
843	590	1
843	591	1
843	594	1
843	595	1
843	596	1
843	597	1
843	598	1
843	599	1
843	600	1
843	602	1
843	603	1
843	605	1
843	606	1
843	607	1
843	608	1
843	609	1
843	610	1
843	611	1
843	612	1
843	613	1
843	614	1
843	615	1
843	616	1
843	617	1
843	618	1
843	621	1
844	149	1
844	206	1
844	231	1
844	280	1
844	286	1
844	299	1
844	310	1
844	312	1
844	318	1
844	319	1
844	321	1
844	336	1
844	355	1
844	359	1
844	369	1
844	383	1
844	394	1
844	407	1
844	418	1
844	423	1
844	429	1
844	435	1
844	441	1
844	442	1
844	443	1
844	444	1
844	448	1
844	454	1
844	455	1
844	459	1
844	463	1
844	466	1
844	467	1
844	470	1
844	472	1
844	473	1
844	479	1
844	482	1
844	486	1
844	487	1
844	490	1
844	492	1
844	497	1
844	500	1
844	501	1
844	502	1
844	504	1
844	505	1
844	513	1
844	514	1
844	515	1
844	519	1
844	520	1
844	522	1
844	523	1
844	525	1
844	527	1
844	528	1
844	530	1
844	531	1
844	532	1
844	535	1
844	537	1
844	539	1
844	540	1
844	543	1
844	544	1
844	545	1
844	547	1
844	548	1
844	551	1
844	552	1
844	553	1
844	554	1
844	556	1
844	557	1
844	560	1
844	561	1
844	563	1
844	564	1
844	565	1
844	566	1
844	567	1
844	569	1
844	571	1
844	572	1
844	573	1
844	574	1
844	575	1
844	577	1
844	579	1
844	580	1
844	581	1
844	583	1
844	585	1
844	587	1
844	588	1
844	589	1
844	590	1
844	591	1
844	592	1
844	593	1
844	594	1
844	595	1
844	597	1
844	598	1
844	599	1
844	600	1
844	602	1
844	603	1
844	604	1
844	606	1
844	608	1
844	609	1
844	610	1
844	611	1
844	612	1
844	614	1
844	615	1
844	616	1
844	617	1
844	619	1
844	621	1
844	623	1
845	85	1
845	112	1
845	113	1
845	116	1
845	221	1
845	234	1
845	258	1
845	275	1
845	298	1
845	318	1
845	322	1
845	323	1
845	345	1
845	346	1
845	354	1
845	359	1
845	366	1
845	386	1
845	402	1
845	404	1
845	409	1
845	416	1
845	423	1
845	428	1
845	444	1
845	448	1
845	452	1
845	453	1
845	457	1
845	459	1
845	465	1
845	468	1
845	470	1
845	473	1
845	476	1
845	480	1
845	483	1
845	486	1
845	488	1
845	491	1
845	492	1
845	496	1
845	499	1
845	501	1
845	506	1
845	507	1
845	508	1
845	510	1
845	511	1
845	512	1
845	513	1
845	515	1
845	516	1
845	518	1
845	519	1
845	520	1
845	521	1
845	525	1
845	531	1
845	536	1
845	538	1
845	540	1
845	541	1
845	543	1
845	544	1
845	547	1
845	548	1
845	549	1
845	551	1
845	552	1
845	553	1
845	554	1
845	555	1
845	556	1
845	557	1
845	558	1
845	559	1
845	561	1
845	565	1
845	567	1
845	568	1
845	569	1
845	570	1
845	571	1
845	574	1
845	575	1
845	578	1
845	579	1
845	581	1
845	582	1
845	584	1
845	585	1
845	586	1
845	587	1
845	588	1
845	589	1
845	590	1
845	591	1
845	593	1
845	594	1
845	595	1
845	596	1
845	597	1
845	598	1
845	599	1
845	600	1
845	601	1
845	602	1
845	603	1
845	604	1
845	605	1
845	608	1
845	609	1
845	611	1
845	612	1
845	613	1
845	615	1
845	616	1
845	617	1
845	618	1
845	619	1
845	620	1
845	621	1
845	622	1
845	623	1
846	28	1
846	238	1
846	269	1
846	336	1
846	343	1
846	346	1
846	356	1
846	366	1
846	368	1
846	388	1
846	392	1
846	398	1
846	401	1
846	403	1
846	411	1
846	413	1
846	416	1
846	419	1
846	428	1
846	429	1
846	430	1
846	431	1
846	436	1
846	446	1
846	447	1
846	449	1
846	453	1
846	456	1
846	458	1
846	460	1
846	461	1
846	463	1
846	464	1
846	465	1
846	468	1
846	469	1
846	472	1
846	474	1
846	482	1
846	483	1
846	485	1
846	492	1
846	496	1
846	499	1
846	503	1
846	504	1
846	505	1
846	506	1
846	514	1
846	515	1
846	516	1
846	517	1
846	518	1
846	526	1
846	530	1
846	533	1
846	534	1
846	535	1
846	537	1
846	539	1
846	540	1
846	542	1
846	545	1
846	546	1
846	547	1
846	551	1
846	554	1
846	555	1
846	556	1
846	557	1
846	558	1
846	559	1
846	560	1
846	561	1
846	562	1
846	564	1
846	565	1
846	566	1
846	568	1
846	571	1
846	572	1
846	573	1
846	576	1
846	577	1
846	578	1
846	579	1
846	580	1
846	581	1
846	582	1
846	583	1
846	584	1
846	586	1
846	587	1
846	588	1
846	589	1
846	591	1
846	592	1
846	593	1
846	595	1
846	596	1
846	597	1
846	598	1
846	599	1
846	600	1
846	601	1
846	602	1
846	603	1
846	604	1
846	605	1
846	606	1
846	607	1
846	608	1
846	609	1
846	611	1
846	612	1
846	614	1
846	616	1
846	617	1
846	618	1
846	619	1
846	620	1
846	621	1
846	622	1
846	623	1
847	132	1
847	207	1
847	244	1
847	263	1
847	284	1
847	306	1
847	329	1
847	332	1
847	339	1
847	351	1
847	367	1
847	368	1
847	371	1
847	376	1
847	381	1
847	382	1
847	385	1
847	390	1
847	404	1
847	411	1
847	412	1
847	434	1
847	436	1
847	442	1
847	445	1
847	447	1
847	448	1
847	449	1
847	452	1
847	453	1
847	455	1
847	461	1
847	463	1
847	464	1
847	475	1
847	477	1
847	478	1
847	482	1
847	483	1
847	488	1
847	489	1
847	490	1
847	491	1
847	493	1
847	496	1
847	498	1
847	502	1
847	504	1
847	508	1
847	509	1
847	511	1
847	512	1
847	513	1
847	514	1
847	516	1
847	517	1
847	521	1
847	523	1
847	525	1
847	531	1
847	532	1
847	533	1
847	535	1
847	539	1
847	540	1
847	541	1
847	547	1
847	548	1
847	549	1
847	550	1
847	551	1
847	552	1
847	554	1
847	555	1
847	556	1
847	557	1
847	559	1
847	560	1
847	561	1
847	562	1
847	564	1
847	565	1
847	567	1
847	568	1
847	571	1
847	573	1
847	575	1
847	576	1
847	578	1
847	579	1
847	580	1
847	581	1
847	582	1
847	584	1
847	586	1
847	587	1
847	588	1
847	589	1
847	590	1
847	592	1
847	593	1
847	594	1
847	595	1
847	597	1
847	598	1
847	599	1
847	600	1
847	601	1
847	603	1
847	604	1
847	607	1
847	608	1
847	610	1
847	611	1
847	613	1
847	614	1
847	615	1
847	616	1
847	617	1
847	618	1
847	619	1
847	620	1
847	621	1
847	623	1
848	100	1
848	105	1
848	137	1
848	194	1
848	239	1
848	240	1
848	303	1
848	336	1
848	355	1
848	371	1
848	373	1
848	382	1
848	390	1
848	391	1
848	399	1
848	401	1
848	403	1
848	405	1
848	407	1
848	408	1
848	411	1
848	413	1
848	414	1
848	422	1
848	424	1
848	425	1
848	434	1
848	439	1
848	443	1
848	445	1
848	458	1
848	459	1
848	460	1
848	462	1
848	463	1
848	467	1
848	475	1
848	476	1
848	478	1
848	481	1
848	482	1
848	483	1
848	484	1
848	490	1
848	493	1
848	494	1
848	497	1
848	499	1
848	503	1
848	504	1
848	505	1
848	507	1
848	508	1
848	509	1
848	511	1
848	512	1
848	513	1
848	515	1
848	517	1
848	528	1
848	531	1
848	532	1
848	533	1
848	534	1
848	536	1
848	538	1
848	542	1
848	543	1
848	544	1
848	545	1
848	546	1
848	550	1
848	551	1
848	553	1
848	554	1
848	555	1
848	556	1
848	557	1
848	558	1
848	559	1
848	560	1
848	567	1
848	568	1
848	569	1
848	571	1
848	572	1
848	577	1
848	580	1
848	581	1
848	582	1
848	583	1
848	584	1
848	585	1
848	586	1
848	587	1
848	588	1
848	589	1
848	591	1
848	594	1
848	595	1
848	596	1
848	597	1
848	598	1
848	599	1
848	600	1
848	601	1
848	602	1
848	603	1
848	604	1
848	605	1
848	607	1
848	609	1
848	610	1
848	611	1
848	612	1
848	613	1
848	614	1
848	615	1
848	616	1
848	617	1
848	618	1
848	619	1
848	621	1
848	622	1
849	142	1
849	162	1
849	289	1
849	315	1
849	316	1
849	326	1
849	328	1
849	334	1
849	345	1
849	347	1
849	357	1
849	363	1
849	364	1
849	372	1
849	383	1
849	389	1
849	394	1
849	396	1
849	397	1
849	402	1
849	407	1
849	409	1
849	410	1
849	418	1
849	420	1
849	423	1
849	426	1
849	430	1
849	433	1
849	437	1
849	438	1
849	440	1
849	444	1
849	445	1
849	452	1
849	456	1
849	459	1
849	460	1
849	469	1
849	470	1
849	473	1
849	475	1
849	476	1
849	481	1
849	484	1
849	485	1
849	486	1
849	487	1
849	494	1
849	496	1
849	500	1
849	501	1
849	505	1
849	506	1
849	507	1
849	510	1
849	513	1
849	522	1
849	523	1
849	524	1
849	527	1
849	528	1
849	529	1
849	530	1
849	533	1
849	534	1
849	535	1
849	536	1
849	544	1
849	545	1
849	546	1
849	547	1
849	548	1
849	549	1
849	553	1
849	554	1
849	555	1
849	556	1
849	558	1
849	559	1
849	560	1
849	563	1
849	564	1
849	566	1
849	569	1
849	570	1
849	571	1
849	573	1
849	574	1
849	575	1
849	576	1
849	578	1
849	579	1
849	581	1
849	582	1
849	584	1
849	586	1
849	587	1
849	588	1
849	589	1
849	593	1
849	594	1
849	595	1
849	597	1
849	599	1
849	601	1
849	602	1
849	604	1
849	605	1
849	606	1
849	607	1
849	608	1
849	609	1
849	611	1
849	612	1
849	614	1
849	615	1
849	616	1
849	617	1
849	618	1
849	619	1
849	620	1
849	621	1
849	622	1
850	123	1
850	168	1
850	201	1
850	224	1
850	286	1
850	289	1
850	336	1
850	356	1
850	358	1
850	361	1
850	376	1
850	382	1
850	386	1
850	387	1
850	409	1
850	416	1
850	421	1
850	424	1
850	433	1
850	438	1
850	439	1
850	440	1
850	442	1
850	443	1
850	447	1
850	448	1
850	457	1
850	461	1
850	462	1
850	465	1
850	468	1
850	477	1
850	479	1
850	484	1
850	485	1
850	486	1
850	487	1
850	490	1
850	492	1
850	493	1
850	494	1
850	499	1
850	501	1
850	504	1
850	506	1
850	507	1
850	508	1
850	511	1
850	512	1
850	513	1
850	517	1
850	518	1
850	519	1
850	520	1
850	524	1
850	527	1
850	528	1
850	529	1
850	531	1
850	533	1
850	535	1
850	536	1
850	537	1
850	538	1
850	546	1
850	550	1
850	551	1
850	552	1
850	553	1
850	554	1
850	555	1
850	556	1
850	557	1
850	558	1
850	559	1
850	560	1
850	561	1
850	563	1
850	564	1
850	565	1
850	567	1
850	568	1
850	569	1
850	571	1
850	572	1
850	573	1
850	574	1
850	575	1
850	577	1
850	579	1
850	580	1
850	581	1
850	583	1
850	584	1
850	585	1
850	586	1
850	589	1
850	590	1
850	593	1
850	594	1
850	595	1
850	596	1
850	597	1
850	598	1
850	602	1
850	604	1
850	605	1
850	606	1
850	607	1
850	608	1
850	609	1
850	610	1
850	611	1
850	612	1
850	613	1
850	614	1
850	615	1
850	617	1
850	618	1
850	619	1
850	620	1
850	621	1
850	622	1
850	623	1
851	65	1
851	75	1
851	106	1
851	143	1
851	146	1
851	235	1
851	249	1
851	253	1
851	266	1
851	285	1
851	320	1
851	332	1
851	350	1
851	361	1
851	376	1
851	380	1
851	381	1
851	382	1
851	383	1
851	393	1
851	396	1
851	397	1
851	403	1
851	411	1
851	425	1
851	433	1
851	438	1
851	440	1
851	442	1
851	444	1
851	450	1
851	451	1
851	454	1
851	456	1
851	457	1
851	458	1
851	460	1
851	464	1
851	466	1
851	469	1
851	473	1
851	477	1
851	478	1
851	480	1
851	485	1
851	489	1
851	493	1
851	494	1
851	498	1
851	501	1
851	502	1
851	503	1
851	505	1
851	506	1
851	508	1
851	511	1
851	514	1
851	519	1
851	520	1
851	524	1
851	525	1
851	527	1
851	528	1
851	529	1
851	530	1
851	535	1
851	536	1
851	538	1
851	541	1
851	543	1
851	544	1
851	545	1
851	546	1
851	548	1
851	549	1
851	552	1
851	554	1
851	555	1
851	558	1
851	559	1
851	561	1
851	562	1
851	563	1
851	569	1
851	570	1
851	573	1
851	574	1
851	576	1
851	577	1
851	578	1
851	579	1
851	582	1
851	583	1
851	584	1
851	585	1
851	587	1
851	588	1
851	589	1
851	591	1
851	592	1
851	593	1
851	594	1
851	596	1
851	599	1
851	600	1
851	601	1
851	602	1
851	603	1
851	604	1
851	605	1
851	607	1
851	608	1
851	609	1
851	610	1
851	611	1
851	612	1
851	613	1
851	615	1
851	616	1
851	618	1
851	619	1
851	620	1
851	621	1
851	622	1
851	623	1
852	124	1
852	242	1
852	270	1
852	275	1
852	326	1
852	354	1
852	365	1
852	369	1
852	373	1
852	378	1
852	384	1
852	386	1
852	391	1
852	399	1
852	407	1
852	415	1
852	423	1
852	427	1
852	429	1
852	435	1
852	437	1
852	438	1
852	439	1
852	440	1
852	441	1
852	446	1
852	451	1
852	452	1
852	455	1
852	456	1
852	461	1
852	462	1
852	466	1
852	467	1
852	474	1
852	475	1
852	476	1
852	480	1
852	483	1
852	484	1
852	492	1
852	493	1
852	495	1
852	498	1
852	499	1
852	501	1
852	502	1
852	503	1
852	506	1
852	510	1
852	511	1
852	512	1
852	516	1
852	522	1
852	524	1
852	525	1
852	526	1
852	527	1
852	528	1
852	529	1
852	530	1
852	531	1
852	532	1
852	533	1
852	535	1
852	537	1
852	538	1
852	540	1
852	541	1
852	542	1
852	546	1
852	547	1
852	548	1
852	552	1
852	555	1
852	556	1
852	558	1
852	560	1
852	562	1
852	563	1
852	564	1
852	567	1
852	568	1
852	569	1
852	570	1
852	571	1
852	572	1
852	573	1
852	575	1
852	577	1
852	579	1
852	580	1
852	581	1
852	582	1
852	583	1
852	584	1
852	585	1
852	586	1
852	588	1
852	590	1
852	591	1
852	593	1
852	594	1
852	595	1
852	596	1
852	597	1
852	599	1
852	600	1
852	601	1
852	602	1
852	603	1
852	604	1
852	605	1
852	606	1
852	607	1
852	609	1
852	610	1
852	612	1
852	614	1
852	615	1
852	616	1
852	618	1
852	619	1
852	620	1
852	622	1
853	172	1
853	178	1
853	225	1
853	229	1
853	261	1
853	292	1
853	346	1
853	352	1
853	363	1
853	370	1
853	377	1
853	381	1
853	382	1
853	386	1
853	395	1
853	400	1
853	406	1
853	408	1
853	409	1
853	411	1
853	413	1
853	418	1
853	421	1
853	424	1
853	425	1
853	428	1
853	433	1
853	438	1
853	442	1
853	456	1
853	458	1
853	463	1
853	464	1
853	467	1
853	474	1
853	475	1
853	481	1
853	482	1
853	483	1
853	484	1
853	485	1
853	487	1
853	488	1
853	494	1
853	496	1
853	497	1
853	498	1
853	500	1
853	502	1
853	504	1
853	505	1
853	507	1
853	508	1
853	509	1
853	510	1
853	512	1
853	514	1
853	515	1
853	517	1
853	519	1
853	520	1
853	522	1
853	527	1
853	528	1
853	536	1
853	539	1
853	540	1
853	541	1
853	542	1
853	545	1
853	551	1
853	552	1
853	553	1
853	555	1
853	556	1
853	557	1
853	558	1
853	559	1
853	560	1
853	561	1
853	564	1
853	565	1
853	566	1
853	567	1
853	568	1
853	570	1
853	571	1
853	573	1
853	574	1
853	577	1
853	578	1
853	580	1
853	581	1
853	582	1
853	583	1
853	584	1
853	587	1
853	588	1
853	589	1
853	592	1
853	593	1
853	594	1
853	596	1
853	597	1
853	599	1
853	600	1
853	601	1
853	602	1
853	603	1
853	604	1
853	605	1
853	606	1
853	608	1
853	609	1
853	610	1
853	612	1
853	614	1
853	615	1
853	616	1
853	617	1
853	618	1
853	619	1
853	621	1
853	622	1
853	623	1
854	55	1
854	62	1
854	91	1
854	231	1
854	236	1
854	283	1
854	287	1
854	308	1
854	311	1
854	315	1
854	327	1
854	330	1
854	344	1
854	360	1
854	369	1
854	376	1
854	390	1
854	392	1
854	393	1
854	399	1
854	404	1
854	405	1
854	412	1
854	413	1
854	416	1
854	426	1
854	438	1
854	442	1
854	446	1
854	450	1
854	452	1
854	462	1
854	464	1
854	466	1
854	469	1
854	472	1
854	474	1
854	475	1
854	476	1
854	481	1
854	483	1
854	484	1
854	485	1
854	487	1
854	488	1
854	491	1
854	492	1
854	499	1
854	502	1
854	504	1
854	505	1
854	507	1
854	508	1
854	509	1
854	511	1
854	513	1
854	514	1
854	521	1
854	522	1
854	525	1
854	526	1
854	527	1
854	528	1
854	532	1
854	533	1
854	534	1
854	536	1
854	539	1
854	541	1
854	542	1
854	545	1
854	547	1
854	548	1
854	549	1
854	554	1
854	556	1
854	558	1
854	559	1
854	560	1
854	561	1
854	564	1
854	566	1
854	567	1
854	568	1
854	569	1
854	570	1
854	574	1
854	575	1
854	576	1
854	577	1
854	578	1
854	579	1
854	580	1
854	581	1
854	582	1
854	583	1
854	584	1
854	586	1
854	588	1
854	589	1
854	590	1
854	592	1
854	593	1
854	596	1
854	597	1
854	598	1
854	599	1
854	600	1
854	601	1
854	603	1
854	605	1
854	606	1
854	607	1
854	608	1
854	610	1
854	611	1
854	612	1
854	613	1
854	614	1
854	617	1
854	618	1
854	619	1
854	620	1
854	621	1
854	622	1
855	139	1
855	179	1
855	208	1
855	271	1
855	275	1
855	299	1
855	361	1
855	365	1
855	368	1
855	380	1
855	384	1
855	398	1
855	404	1
855	413	1
855	414	1
855	416	1
855	421	1
855	423	1
855	426	1
855	431	1
855	433	1
855	434	1
855	436	1
855	437	1
855	443	1
855	446	1
855	450	1
855	452	1
855	456	1
855	461	1
855	466	1
855	467	1
855	469	1
855	474	1
855	475	1
855	479	1
855	482	1
855	483	1
855	486	1
855	487	1
855	488	1
855	490	1
855	492	1
855	498	1
855	499	1
855	500	1
855	501	1
855	502	1
855	504	1
855	509	1
855	510	1
855	513	1
855	517	1
855	519	1
855	521	1
855	523	1
855	524	1
855	525	1
855	526	1
855	531	1
855	534	1
855	535	1
855	536	1
855	537	1
855	539	1
855	541	1
855	543	1
855	548	1
855	549	1
855	550	1
855	551	1
855	553	1
855	554	1
855	555	1
855	557	1
855	558	1
855	559	1
855	561	1
855	562	1
855	563	1
855	564	1
855	565	1
855	567	1
855	568	1
855	569	1
855	570	1
855	571	1
855	572	1
855	573	1
855	576	1
855	577	1
855	578	1
855	579	1
855	580	1
855	582	1
855	585	1
855	586	1
855	587	1
855	588	1
855	589	1
855	590	1
855	592	1
855	594	1
855	597	1
855	598	1
855	599	1
855	600	1
855	603	1
855	604	1
855	605	1
855	606	1
855	607	1
855	608	1
855	609	1
855	610	1
855	612	1
855	613	1
855	615	1
855	616	1
855	617	1
855	619	1
855	620	1
855	621	1
855	622	1
855	623	1
856	161	1
856	218	1
856	224	1
856	273	1
856	290	1
856	294	1
856	334	1
856	337	1
856	349	1
856	355	1
856	361	1
856	362	1
856	366	1
856	373	1
856	391	1
856	393	1
856	394	1
856	400	1
856	401	1
856	402	1
856	405	1
856	415	1
856	417	1
856	431	1
856	438	1
856	439	1
856	445	1
856	447	1
856	450	1
856	453	1
856	455	1
856	461	1
856	465	1
856	466	1
856	473	1
856	475	1
856	476	1
856	479	1
856	480	1
856	481	1
856	482	1
856	486	1
856	487	1
856	491	1
856	496	1
856	498	1
856	500	1
856	501	1
856	502	1
856	508	1
856	509	1
856	510	1
856	513	1
856	516	1
856	518	1
856	519	1
856	524	1
856	525	1
856	528	1
856	529	1
856	532	1
856	533	1
856	534	1
856	536	1
856	538	1
856	539	1
856	541	1
856	543	1
856	545	1
856	547	1
856	549	1
856	552	1
856	555	1
856	556	1
856	557	1
856	558	1
856	559	1
856	560	1
856	562	1
856	563	1
856	564	1
856	567	1
856	568	1
856	569	1
856	570	1
856	574	1
856	575	1
856	576	1
856	577	1
856	579	1
856	580	1
856	581	1
856	583	1
856	584	1
856	586	1
856	587	1
856	588	1
856	589	1
856	591	1
856	592	1
856	593	1
856	597	1
856	598	1
856	599	1
856	600	1
856	601	1
856	603	1
856	605	1
856	606	1
856	607	1
856	608	1
856	609	1
856	610	1
856	611	1
856	612	1
856	613	1
856	614	1
856	617	1
856	618	1
856	619	1
856	620	1
856	621	1
856	622	1
856	623	1
857	88	1
857	171	1
857	269	1
857	289	1
857	293	1
857	322	1
857	325	1
857	328	1
857	331	1
857	345	1
857	347	1
857	349	1
857	354	1
857	362	1
857	383	1
857	385	1
857	386	1
857	394	1
857	404	1
857	412	1
857	413	1
857	421	1
857	430	1
857	441	1
857	448	1
857	450	1
857	451	1
857	455	1
857	456	1
857	460	1
857	466	1
857	467	1
857	473	1
857	475	1
857	477	1
857	478	1
857	481	1
857	482	1
857	484	1
857	486	1
857	493	1
857	495	1
857	496	1
857	499	1
857	503	1
857	508	1
857	509	1
857	510	1
857	511	1
857	516	1
857	517	1
857	518	1
857	524	1
857	527	1
857	529	1
857	530	1
857	531	1
857	532	1
857	534	1
857	536	1
857	537	1
857	539	1
857	541	1
857	543	1
857	544	1
857	545	1
857	547	1
857	548	1
857	551	1
857	554	1
857	556	1
857	557	1
857	559	1
857	560	1
857	561	1
857	563	1
857	564	1
857	565	1
857	566	1
857	567	1
857	568	1
857	570	1
857	571	1
857	572	1
857	573	1
857	574	1
857	575	1
857	576	1
857	577	1
857	579	1
857	581	1
857	582	1
857	583	1
857	585	1
857	586	1
857	587	1
857	588	1
857	589	1
857	592	1
857	593	1
857	595	1
857	596	1
857	597	1
857	598	1
857	599	1
857	601	1
857	602	1
857	603	1
857	604	1
857	605	1
857	607	1
857	608	1
857	609	1
857	610	1
857	611	1
857	612	1
857	614	1
857	616	1
857	618	1
857	619	1
857	620	1
857	621	1
857	622	1
857	623	1
858	121	1
858	205	1
858	271	1
858	319	1
858	338	1
858	362	1
858	366	1
858	388	1
858	389	1
858	403	1
858	416	1
858	421	1
858	423	1
858	429	1
858	432	1
858	433	1
858	436	1
858	438	1
858	439	1
858	443	1
858	445	1
858	446	1
858	449	1
858	450	1
858	454	1
858	460	1
858	461	1
858	464	1
858	472	1
858	474	1
858	476	1
858	477	1
858	480	1
858	483	1
858	485	1
858	486	1
858	487	1
858	488	1
858	491	1
858	492	1
858	501	1
858	504	1
858	508	1
858	510	1
858	512	1
858	513	1
858	516	1
858	518	1
858	519	1
858	520	1
858	521	1
858	527	1
858	529	1
858	531	1
858	533	1
858	534	1
858	535	1
858	536	1
858	537	1
858	538	1
858	539	1
858	540	1
858	541	1
858	544	1
858	546	1
858	548	1
858	549	1
858	550	1
858	554	1
858	555	1
858	556	1
858	557	1
858	558	1
858	559	1
858	560	1
858	563	1
858	564	1
858	565	1
858	566	1
858	567	1
858	568	1
858	569	1
858	570	1
858	573	1
858	574	1
858	575	1
858	576	1
858	577	1
858	578	1
858	579	1
858	580	1
858	581	1
858	582	1
858	583	1
858	585	1
858	587	1
858	589	1
858	591	1
858	593	1
858	594	1
858	595	1
858	596	1
858	597	1
858	599	1
858	600	1
858	601	1
858	602	1
858	603	1
858	604	1
858	605	1
858	606	1
858	607	1
858	608	1
858	609	1
858	610	1
858	611	1
858	612	1
858	613	1
858	615	1
858	616	1
858	617	1
858	618	1
858	620	1
858	621	1
858	623	1
859	29	1
859	100	1
859	133	1
859	151	1
859	195	1
859	267	1
859	277	1
859	323	1
859	341	1
859	348	1
859	350	1
859	358	1
859	372	1
859	376	1
859	382	1
859	393	1
859	394	1
859	398	1
859	399	1
859	401	1
859	404	1
859	418	1
859	426	1
859	428	1
859	429	1
859	434	1
859	437	1
859	439	1
859	443	1
859	446	1
859	447	1
859	450	1
859	458	1
859	463	1
859	466	1
859	474	1
859	476	1
859	477	1
859	479	1
859	481	1
859	483	1
859	484	1
859	487	1
859	488	1
859	490	1
859	492	1
859	495	1
859	500	1
859	504	1
859	505	1
859	507	1
859	510	1
859	513	1
859	515	1
859	516	1
859	517	1
859	518	1
859	522	1
859	523	1
859	525	1
859	526	1
859	527	1
859	531	1
859	532	1
859	534	1
859	536	1
859	537	1
859	538	1
859	540	1
859	543	1
859	549	1
859	550	1
859	551	1
859	553	1
859	554	1
859	556	1
859	557	1
859	559	1
859	560	1
859	563	1
859	567	1
859	569	1
859	570	1
859	571	1
859	572	1
859	574	1
859	575	1
859	577	1
859	579	1
859	580	1
859	581	1
859	582	1
859	584	1
859	585	1
859	587	1
859	588	1
859	589	1
859	591	1
859	593	1
859	594	1
859	596	1
859	597	1
859	599	1
859	600	1
859	601	1
859	602	1
859	604	1
859	605	1
859	607	1
859	608	1
859	609	1
859	610	1
859	611	1
859	612	1
859	613	1
859	614	1
859	615	1
859	616	1
859	617	1
859	618	1
859	619	1
859	621	1
859	622	1
859	623	1
860	123	1
860	132	1
860	213	1
860	296	1
860	309	1
860	334	1
860	344	1
860	367	1
860	390	1
860	391	1
860	405	1
860	407	1
860	414	1
860	415	1
860	420	1
860	422	1
860	425	1
860	429	1
860	432	1
860	436	1
860	440	1
860	444	1
860	446	1
860	451	1
860	453	1
860	459	1
860	460	1
860	464	1
860	466	1
860	467	1
860	468	1
860	472	1
860	473	1
860	476	1
860	485	1
860	491	1
860	493	1
860	496	1
860	498	1
860	499	1
860	500	1
860	501	1
860	509	1
860	511	1
860	512	1
860	514	1
860	516	1
860	517	1
860	518	1
860	519	1
860	521	1
860	522	1
860	523	1
860	525	1
860	526	1
860	528	1
860	529	1
860	532	1
860	533	1
860	535	1
860	538	1
860	541	1
860	543	1
860	544	1
860	545	1
860	546	1
860	549	1
860	551	1
860	552	1
860	553	1
860	554	1
860	556	1
860	559	1
860	561	1
860	562	1
860	563	1
860	564	1
860	565	1
860	569	1
860	570	1
860	571	1
860	572	1
860	573	1
860	574	1
860	575	1
860	576	1
860	577	1
860	579	1
860	581	1
860	582	1
860	583	1
860	584	1
860	585	1
860	586	1
860	588	1
860	589	1
860	590	1
860	592	1
860	593	1
860	594	1
860	595	1
860	596	1
860	597	1
860	599	1
860	601	1
860	602	1
860	603	1
860	604	1
860	606	1
860	607	1
860	608	1
860	609	1
860	610	1
860	611	1
860	612	1
860	613	1
860	614	1
860	615	1
860	616	1
860	617	1
860	618	1
860	619	1
860	620	1
860	621	1
860	622	1
861	87	1
861	93	1
861	155	1
861	280	1
861	284	1
861	288	1
861	304	1
861	316	1
861	322	1
861	345	1
861	353	1
861	376	1
861	381	1
861	383	1
861	387	1
861	393	1
861	397	1
861	412	1
861	415	1
861	417	1
861	424	1
861	425	1
861	433	1
861	434	1
861	435	1
861	440	1
861	447	1
861	458	1
861	461	1
861	474	1
861	475	1
861	478	1
861	480	1
861	483	1
861	484	1
861	485	1
861	488	1
861	490	1
861	492	1
861	494	1
861	495	1
861	496	1
861	501	1
861	504	1
861	507	1
861	508	1
861	511	1
861	514	1
861	516	1
861	517	1
861	518	1
861	520	1
861	521	1
861	525	1
861	526	1
861	527	1
861	528	1
861	529	1
861	531	1
861	533	1
861	534	1
861	535	1
861	536	1
861	537	1
861	538	1
861	539	1
861	540	1
861	541	1
861	542	1
861	543	1
861	546	1
861	547	1
861	548	1
861	551	1
861	552	1
861	554	1
861	555	1
861	556	1
861	559	1
861	560	1
861	561	1
861	563	1
861	564	1
861	566	1
861	567	1
861	571	1
861	572	1
861	574	1
861	576	1
861	577	1
861	581	1
861	582	1
861	584	1
861	585	1
861	586	1
861	587	1
861	588	1
861	589	1
861	590	1
861	591	1
861	592	1
861	593	1
861	594	1
861	595	1
861	596	1
861	597	1
861	599	1
861	600	1
861	602	1
861	603	1
861	606	1
861	607	1
861	608	1
861	610	1
861	611	1
861	612	1
861	613	1
861	614	1
861	615	1
861	616	1
861	617	1
861	618	1
861	620	1
861	623	1
862	56	1
862	104	1
862	206	1
862	264	1
862	286	1
862	296	1
862	298	1
862	310	1
862	318	1
862	341	1
862	347	1
862	360	1
862	362	1
862	367	1
862	376	1
862	378	1
862	388	1
862	396	1
862	397	1
862	404	1
862	405	1
862	409	1
862	410	1
862	411	1
862	436	1
862	438	1
862	446	1
862	448	1
862	450	1
862	455	1
862	461	1
862	464	1
862	465	1
862	466	1
862	467	1
862	469	1
862	470	1
862	473	1
862	474	1
862	476	1
862	477	1
862	478	1
862	480	1
862	481	1
862	482	1
862	484	1
862	485	1
862	486	1
862	494	1
862	496	1
862	497	1
862	500	1
862	502	1
862	505	1
862	507	1
862	508	1
862	511	1
862	512	1
862	513	1
862	516	1
862	518	1
862	519	1
862	522	1
862	523	1
862	524	1
862	526	1
862	528	1
862	530	1
862	535	1
862	537	1
862	538	1
862	539	1
862	541	1
862	542	1
862	545	1
862	546	1
862	547	1
862	548	1
862	550	1
862	552	1
862	554	1
862	557	1
862	559	1
862	561	1
862	565	1
862	567	1
862	569	1
862	570	1
862	572	1
862	575	1
862	577	1
862	579	1
862	580	1
862	581	1
862	582	1
862	583	1
862	584	1
862	586	1
862	587	1
862	588	1
862	589	1
862	590	1
862	592	1
862	593	1
862	594	1
862	596	1
862	599	1
862	601	1
862	602	1
862	603	1
862	605	1
862	606	1
862	608	1
862	609	1
862	610	1
862	611	1
862	612	1
862	614	1
862	615	1
862	616	1
862	617	1
862	619	1
862	620	1
862	622	1
862	623	1
863	15	1
863	132	1
863	218	1
863	230	1
863	297	1
863	302	1
863	347	1
863	348	1
863	353	1
863	356	1
863	358	1
863	372	1
863	375	1
863	376	1
863	384	1
863	385	1
863	398	1
863	400	1
863	404	1
863	407	1
863	409	1
863	412	1
863	416	1
863	419	1
863	426	1
863	429	1
863	431	1
863	432	1
863	447	1
863	454	1
863	458	1
863	459	1
863	462	1
863	464	1
863	468	1
863	471	1
863	477	1
863	480	1
863	482	1
863	483	1
863	484	1
863	486	1
863	490	1
863	493	1
863	499	1
863	502	1
863	503	1
863	504	1
863	505	1
863	508	1
863	514	1
863	515	1
863	520	1
863	523	1
863	524	1
863	527	1
863	528	1
863	529	1
863	530	1
863	531	1
863	533	1
863	535	1
863	539	1
863	540	1
863	544	1
863	545	1
863	550	1
863	551	1
863	552	1
863	553	1
863	554	1
863	555	1
863	556	1
863	559	1
863	560	1
863	562	1
863	563	1
863	564	1
863	565	1
863	567	1
863	568	1
863	569	1
863	571	1
863	572	1
863	573	1
863	574	1
863	575	1
863	576	1
863	577	1
863	578	1
863	579	1
863	580	1
863	581	1
863	583	1
863	584	1
863	585	1
863	587	1
863	590	1
863	592	1
863	593	1
863	594	1
863	595	1
863	597	1
863	598	1
863	599	1
863	600	1
863	601	1
863	602	1
863	603	1
863	604	1
863	605	1
863	607	1
863	608	1
863	610	1
863	611	1
863	613	1
863	614	1
863	615	1
863	616	1
863	617	1
863	618	1
863	619	1
863	621	1
863	622	1
863	623	1
864	1	1
864	55	1
864	103	1
864	194	1
864	198	1
864	295	1
864	309	1
864	310	1
864	319	1
864	328	1
864	332	1
864	342	1
864	362	1
864	368	1
864	371	1
864	375	1
864	377	1
864	385	1
864	394	1
864	395	1
864	397	1
864	402	1
864	419	1
864	431	1
864	445	1
864	449	1
864	451	1
864	453	1
864	457	1
864	464	1
864	465	1
864	466	1
864	478	1
864	480	1
864	481	1
864	482	1
864	483	1
864	486	1
864	488	1
864	489	1
864	491	1
864	494	1
864	497	1
864	499	1
864	502	1
864	506	1
864	507	1
864	510	1
864	512	1
864	514	1
864	517	1
864	518	1
864	519	1
864	522	1
864	524	1
864	525	1
864	526	1
864	531	1
864	532	1
864	533	1
864	534	1
864	535	1
864	536	1
864	537	1
864	538	1
864	540	1
864	541	1
864	542	1
864	545	1
864	546	1
864	547	1
864	549	1
864	556	1
864	557	1
864	558	1
864	560	1
864	562	1
864	564	1
864	565	1
864	567	1
864	568	1
864	569	1
864	571	1
864	572	1
864	573	1
864	576	1
864	577	1
864	578	1
864	579	1
864	580	1
864	581	1
864	584	1
864	585	1
864	586	1
864	587	1
864	588	1
864	589	1
864	590	1
864	592	1
864	595	1
864	596	1
864	597	1
864	598	1
864	599	1
864	600	1
864	601	1
864	602	1
864	603	1
864	604	1
864	606	1
864	607	1
864	609	1
864	610	1
864	612	1
864	613	1
864	614	1
864	615	1
864	616	1
864	617	1
864	619	1
864	620	1
864	621	1
864	622	1
864	623	1
865	95	1
865	111	1
865	153	1
865	164	1
865	268	1
865	276	1
865	278	1
865	298	1
865	321	1
865	323	1
865	332	1
865	336	1
865	338	1
865	341	1
865	361	1
865	362	1
865	371	1
865	378	1
865	381	1
865	389	1
865	402	1
865	407	1
865	413	1
865	416	1
865	427	1
865	435	1
865	436	1
865	438	1
865	441	1
865	444	1
865	445	1
865	464	1
865	467	1
865	470	1
865	472	1
865	474	1
865	475	1
865	477	1
865	480	1
865	483	1
865	484	1
865	485	1
865	486	1
865	487	1
865	491	1
865	493	1
865	494	1
865	496	1
865	498	1
865	501	1
865	504	1
865	505	1
865	506	1
865	517	1
865	519	1
865	520	1
865	522	1
865	523	1
865	525	1
865	530	1
865	533	1
865	534	1
865	535	1
865	537	1
865	538	1
865	543	1
865	544	1
865	545	1
865	547	1
865	548	1
865	549	1
865	552	1
865	555	1
865	556	1
865	558	1
865	559	1
865	560	1
865	561	1
865	562	1
865	564	1
865	569	1
865	570	1
865	572	1
865	574	1
865	575	1
865	576	1
865	578	1
865	579	1
865	580	1
865	581	1
865	582	1
865	583	1
865	584	1
865	585	1
865	586	1
865	588	1
865	590	1
865	591	1
865	593	1
865	594	1
865	595	1
865	597	1
865	599	1
865	601	1
865	602	1
865	603	1
865	604	1
865	605	1
865	606	1
865	607	1
865	609	1
865	610	1
865	611	1
865	612	1
865	613	1
865	614	1
865	615	1
865	616	1
865	617	1
865	619	1
865	620	1
865	621	1
865	622	1
865	623	1
866	82	1
866	109	1
866	197	1
866	211	1
866	222	1
866	261	1
866	279	1
866	300	1
866	303	1
866	333	1
866	347	1
866	365	1
866	369	1
866	374	1
866	377	1
866	384	1
866	399	1
866	406	1
866	408	1
866	409	1
866	410	1
866	421	1
866	422	1
866	424	1
866	425	1
866	433	1
866	435	1
866	437	1
866	439	1
866	444	1
866	449	1
866	460	1
866	461	1
866	462	1
866	464	1
866	470	1
866	474	1
866	479	1
866	480	1
866	484	1
866	486	1
866	489	1
866	491	1
866	497	1
866	503	1
866	504	1
866	506	1
866	509	1
866	512	1
866	514	1
866	515	1
866	519	1
866	520	1
866	521	1
866	523	1
866	524	1
866	525	1
866	526	1
866	535	1
866	538	1
866	539	1
866	540	1
866	541	1
866	542	1
866	543	1
866	545	1
866	546	1
866	547	1
866	549	1
866	550	1
866	551	1
866	553	1
866	554	1
866	556	1
866	557	1
866	559	1
866	560	1
866	561	1
866	563	1
866	566	1
866	569	1
866	570	1
866	571	1
866	572	1
866	573	1
866	578	1
866	579	1
866	580	1
866	581	1
866	582	1
866	583	1
866	584	1
866	586	1
866	587	1
866	588	1
866	589	1
866	590	1
866	591	1
866	593	1
866	594	1
866	595	1
866	596	1
866	597	1
866	598	1
866	600	1
866	601	1
866	602	1
866	603	1
866	604	1
866	605	1
866	607	1
866	608	1
866	609	1
866	610	1
866	611	1
866	612	1
866	614	1
866	615	1
866	616	1
866	617	1
866	618	1
866	619	1
866	620	1
866	622	1
866	623	1
867	128	1
867	222	1
867	247	1
867	291	1
867	298	1
867	311	1
867	330	1
867	350	1
867	351	1
867	358	1
867	370	1
867	398	1
867	411	1
867	413	1
867	417	1
867	424	1
867	425	1
867	430	1
867	441	1
867	442	1
867	448	1
867	450	1
867	451	1
867	454	1
867	455	1
867	458	1
867	462	1
867	463	1
867	464	1
867	471	1
867	472	1
867	475	1
867	477	1
867	478	1
867	486	1
867	487	1
867	489	1
867	491	1
867	495	1
867	496	1
867	497	1
867	498	1
867	499	1
867	507	1
867	509	1
867	512	1
867	517	1
867	520	1
867	523	1
867	524	1
867	525	1
867	526	1
867	528	1
867	530	1
867	532	1
867	533	1
867	535	1
867	536	1
867	537	1
867	539	1
867	542	1
867	543	1
867	546	1
867	547	1
867	548	1
867	549	1
867	552	1
867	553	1
867	554	1
867	556	1
867	557	1
867	559	1
867	561	1
867	562	1
867	563	1
867	564	1
867	566	1
867	568	1
867	569	1
867	570	1
867	571	1
867	573	1
867	576	1
867	577	1
867	578	1
867	579	1
867	580	1
867	581	1
867	583	1
867	585	1
867	586	1
867	587	1
867	589	1
867	590	1
867	591	1
867	592	1
867	593	1
867	594	1
867	595	1
867	596	1
867	597	1
867	598	1
867	599	1
867	600	1
867	601	1
867	602	1
867	603	1
867	604	1
867	605	1
867	607	1
867	609	1
867	610	1
867	611	1
867	612	1
867	613	1
867	614	1
867	615	1
867	616	1
867	617	1
867	618	1
867	619	1
867	620	1
867	621	1
867	622	1
867	623	1
868	2	1
868	166	1
868	210	1
868	258	1
868	261	1
868	287	1
868	291	1
868	302	1
868	304	1
868	316	1
868	322	1
868	333	1
868	341	1
868	352	1
868	353	1
868	354	1
868	356	1
868	370	1
868	376	1
868	386	1
868	389	1
868	394	1
868	396	1
868	398	1
868	400	1
868	405	1
868	415	1
868	418	1
868	425	1
868	426	1
868	434	1
868	438	1
868	443	1
868	446	1
868	447	1
868	453	1
868	454	1
868	458	1
868	467	1
868	470	1
868	473	1
868	474	1
868	475	1
868	478	1
868	479	1
868	481	1
868	484	1
868	488	1
868	490	1
868	491	1
868	493	1
868	494	1
868	497	1
868	499	1
868	500	1
868	502	1
868	505	1
868	507	1
868	510	1
868	511	1
868	515	1
868	516	1
868	518	1
868	519	1
868	520	1
868	522	1
868	524	1
868	525	1
868	528	1
868	529	1
868	531	1
868	533	1
868	534	1
868	542	1
868	543	1
868	545	1
868	546	1
868	550	1
868	551	1
868	552	1
868	555	1
868	556	1
868	558	1
868	561	1
868	565	1
868	566	1
868	568	1
868	574	1
868	575	1
868	576	1
868	577	1
868	578	1
868	579	1
868	581	1
868	582	1
868	583	1
868	586	1
868	587	1
868	591	1
868	592	1
868	593	1
868	594	1
868	596	1
868	597	1
868	598	1
868	600	1
868	601	1
868	602	1
868	603	1
868	604	1
868	606	1
868	608	1
868	609	1
868	610	1
868	611	1
868	612	1
868	613	1
868	614	1
868	615	1
868	616	1
868	619	1
868	620	1
868	621	1
868	622	1
868	623	1
869	76	1
869	219	1
869	244	1
869	308	1
869	319	1
869	332	1
869	333	1
869	334	1
869	335	1
869	337	1
869	349	1
869	355	1
869	368	1
869	372	1
869	379	1
869	391	1
869	402	1
869	419	1
869	423	1
869	427	1
869	428	1
869	431	1
869	434	1
869	436	1
869	440	1
869	442	1
869	445	1
869	447	1
869	453	1
869	455	1
869	463	1
869	467	1
869	468	1
869	471	1
869	472	1
869	473	1
869	478	1
869	480	1
869	484	1
869	487	1
869	489	1
869	490	1
869	493	1
869	494	1
869	495	1
869	501	1
869	502	1
869	505	1
869	507	1
869	508	1
869	511	1
869	514	1
869	517	1
869	518	1
869	519	1
869	521	1
869	522	1
869	525	1
869	527	1
869	528	1
869	529	1
869	531	1
869	532	1
869	533	1
869	535	1
869	536	1
869	537	1
869	538	1
869	539	1
869	541	1
869	543	1
869	544	1
869	547	1
869	550	1
869	554	1
869	555	1
869	556	1
869	559	1
869	560	1
869	561	1
869	562	1
869	563	1
869	564	1
869	566	1
869	567	1
869	569	1
869	570	1
869	573	1
869	574	1
869	576	1
869	577	1
869	579	1
869	582	1
869	583	1
869	584	1
869	585	1
869	587	1
869	590	1
869	591	1
869	593	1
869	595	1
869	596	1
869	598	1
869	599	1
869	600	1
869	601	1
869	602	1
869	603	1
869	604	1
869	606	1
869	607	1
869	608	1
869	609	1
869	610	1
869	611	1
869	612	1
869	613	1
869	614	1
869	617	1
869	618	1
869	619	1
869	620	1
869	621	1
869	622	1
869	623	1
870	228	1
870	264	1
870	285	1
870	293	1
870	299	1
870	301	1
870	316	1
870	331	1
870	337	1
870	344	1
870	363	1
870	385	1
870	392	1
870	396	1
870	410	1
870	412	1
870	422	1
870	425	1
870	429	1
870	432	1
870	438	1
870	441	1
870	442	1
870	445	1
870	451	1
870	452	1
870	454	1
870	458	1
870	461	1
870	462	1
870	465	1
870	468	1
870	469	1
870	471	1
870	477	1
870	478	1
870	479	1
870	480	1
870	493	1
870	496	1
870	499	1
870	500	1
870	502	1
870	503	1
870	504	1
870	505	1
870	507	1
870	508	1
870	511	1
870	512	1
870	514	1
870	515	1
870	517	1
870	518	1
870	519	1
870	521	1
870	523	1
870	529	1
870	530	1
870	531	1
870	532	1
870	533	1
870	534	1
870	538	1
870	541	1
870	542	1
870	543	1
870	544	1
870	545	1
870	546	1
870	547	1
870	548	1
870	549	1
870	550	1
870	552	1
870	556	1
870	558	1
870	559	1
870	560	1
870	561	1
870	563	1
870	564	1
870	566	1
870	567	1
870	568	1
870	569	1
870	570	1
870	572	1
870	573	1
870	574	1
870	575	1
870	577	1
870	578	1
870	579	1
870	580	1
870	582	1
870	583	1
870	584	1
870	587	1
870	593	1
870	594	1
870	596	1
870	597	1
870	598	1
870	599	1
870	602	1
870	603	1
870	604	1
870	605	1
870	606	1
870	608	1
870	609	1
870	610	1
870	611	1
870	612	1
870	613	1
870	614	1
870	615	1
870	616	1
870	617	1
870	618	1
870	619	1
870	620	1
870	621	1
871	114	1
871	186	1
871	202	1
871	232	1
871	260	1
871	285	1
871	287	1
871	308	1
871	329	1
871	333	1
871	342	1
871	346	1
871	361	1
871	370	1
871	378	1
871	381	1
871	391	1
871	394	1
871	400	1
871	405	1
871	415	1
871	416	1
871	419	1
871	428	1
871	435	1
871	437	1
871	439	1
871	440	1
871	442	1
871	443	1
871	444	1
871	445	1
871	449	1
871	452	1
871	454	1
871	455	1
871	458	1
871	466	1
871	467	1
871	470	1
871	473	1
871	475	1
871	476	1
871	478	1
871	481	1
871	482	1
871	488	1
871	491	1
871	493	1
871	497	1
871	501	1
871	502	1
871	507	1
871	508	1
871	509	1
871	510	1
871	512	1
871	515	1
871	517	1
871	518	1
871	519	1
871	521	1
871	522	1
871	525	1
871	527	1
871	529	1
871	530	1
871	536	1
871	541	1
871	542	1
871	543	1
871	544	1
871	545	1
871	547	1
871	549	1
871	550	1
871	551	1
871	553	1
871	554	1
871	555	1
871	560	1
871	563	1
871	564	1
871	565	1
871	568	1
871	571	1
871	572	1
871	574	1
871	576	1
871	579	1
871	580	1
871	581	1
871	583	1
871	584	1
871	585	1
871	586	1
871	588	1
871	590	1
871	591	1
871	592	1
871	594	1
871	595	1
871	596	1
871	599	1
871	600	1
871	601	1
871	602	1
871	603	1
871	604	1
871	605	1
871	606	1
871	609	1
871	610	1
871	611	1
871	612	1
871	613	1
871	614	1
871	615	1
871	616	1
871	618	1
871	619	1
871	620	1
871	621	1
871	623	1
872	239	1
872	258	1
872	278	1
872	327	1
872	328	1
872	330	1
872	336	1
872	337	1
872	359	1
872	374	1
872	392	1
872	401	1
872	402	1
872	404	1
872	408	1
872	409	1
872	410	1
872	411	1
872	413	1
872	416	1
872	417	1
872	419	1
872	420	1
872	424	1
872	427	1
872	429	1
872	430	1
872	442	1
872	444	1
872	445	1
872	454	1
872	455	1
872	457	1
872	459	1
872	463	1
872	465	1
872	466	1
872	468	1
872	472	1
872	474	1
872	476	1
872	477	1
872	483	1
872	484	1
872	485	1
872	488	1
872	491	1
872	493	1
872	494	1
872	497	1
872	499	1
872	501	1
872	505	1
872	510	1
872	513	1
872	515	1
872	518	1
872	519	1
872	520	1
872	521	1
872	524	1
872	525	1
872	527	1
872	529	1
872	530	1
872	531	1
872	532	1
872	534	1
872	537	1
872	539	1
872	540	1
872	541	1
872	544	1
872	547	1
872	549	1
872	553	1
872	557	1
872	558	1
872	559	1
872	560	1
872	561	1
872	562	1
872	563	1
872	564	1
872	566	1
872	567	1
872	568	1
872	571	1
872	573	1
872	574	1
872	575	1
872	576	1
872	577	1
872	578	1
872	579	1
872	581	1
872	582	1
872	584	1
872	585	1
872	587	1
872	589	1
872	591	1
872	595	1
872	596	1
872	597	1
872	598	1
872	599	1
872	600	1
872	601	1
872	602	1
872	603	1
872	605	1
872	606	1
872	607	1
872	608	1
872	609	1
872	612	1
872	613	1
872	615	1
872	616	1
872	618	1
872	619	1
872	621	1
872	623	1
873	55	1
873	233	1
873	256	1
873	284	1
873	292	1
873	301	1
873	302	1
873	333	1
873	354	1
873	362	1
873	365	1
873	370	1
873	383	1
873	392	1
873	396	1
873	401	1
873	406	1
873	409	1
873	410	1
873	422	1
873	424	1
873	426	1
873	428	1
873	433	1
873	444	1
873	446	1
873	448	1
873	454	1
873	457	1
873	460	1
873	462	1
873	464	1
873	465	1
873	466	1
873	470	1
873	472	1
873	474	1
873	475	1
873	476	1
873	477	1
873	480	1
873	486	1
873	487	1
873	488	1
873	490	1
873	494	1
873	497	1
873	500	1
873	501	1
873	502	1
873	503	1
873	509	1
873	510	1
873	511	1
873	514	1
873	517	1
873	519	1
873	520	1
873	521	1
873	522	1
873	523	1
873	526	1
873	528	1
873	529	1
873	530	1
873	531	1
873	532	1
873	533	1
873	536	1
873	537	1
873	538	1
873	539	1
873	540	1
873	542	1
873	543	1
873	544	1
873	547	1
873	548	1
873	552	1
873	553	1
873	556	1
873	557	1
873	558	1
873	559	1
873	562	1
873	564	1
873	565	1
873	566	1
873	572	1
873	573	1
873	575	1
873	578	1
873	579	1
873	580	1
873	583	1
873	587	1
873	588	1
873	590	1
873	591	1
873	592	1
873	595	1
873	596	1
873	597	1
873	598	1
873	599	1
873	600	1
873	601	1
873	602	1
873	603	1
873	604	1
873	605	1
873	606	1
873	608	1
873	610	1
873	611	1
873	613	1
873	615	1
873	616	1
873	617	1
873	618	1
873	619	1
873	620	1
873	621	1
873	622	1
873	623	1
874	54	1
874	126	1
874	152	1
874	166	1
874	226	1
874	251	1
874	267	1
874	292	1
874	307	1
874	341	1
874	349	1
874	352	1
874	373	1
874	377	1
874	384	1
874	389	1
874	403	1
874	412	1
874	415	1
874	423	1
874	426	1
874	435	1
874	439	1
874	442	1
874	443	1
874	445	1
874	447	1
874	448	1
874	452	1
874	455	1
874	456	1
874	459	1
874	461	1
874	463	1
874	465	1
874	468	1
874	470	1
874	471	1
874	474	1
874	475	1
874	478	1
874	482	1
874	485	1
874	486	1
874	499	1
874	501	1
874	502	1
874	504	1
874	507	1
874	508	1
874	510	1
874	514	1
874	515	1
874	516	1
874	519	1
874	521	1
874	523	1
874	524	1
874	525	1
874	526	1
874	527	1
874	530	1
874	533	1
874	535	1
874	538	1
874	539	1
874	542	1
874	543	1
874	546	1
874	547	1
874	548	1
874	550	1
874	551	1
874	552	1
874	553	1
874	554	1
874	555	1
874	556	1
874	557	1
874	558	1
874	562	1
874	563	1
874	569	1
874	571	1
874	572	1
874	573	1
874	574	1
874	576	1
874	578	1
874	580	1
874	581	1
874	582	1
874	583	1
874	584	1
874	585	1
874	586	1
874	587	1
874	589	1
874	591	1
874	593	1
874	594	1
874	595	1
874	596	1
874	597	1
874	600	1
874	601	1
874	602	1
874	603	1
874	605	1
874	606	1
874	607	1
874	608	1
874	609	1
874	611	1
874	612	1
874	613	1
874	614	1
874	616	1
874	617	1
874	618	1
874	619	1
874	620	1
874	621	1
874	622	1
874	623	1
875	140	1
875	257	1
875	261	1
875	337	1
875	344	1
875	381	1
875	392	1
875	394	1
875	395	1
875	401	1
875	403	1
875	404	1
875	413	1
875	414	1
875	415	1
875	417	1
875	420	1
875	423	1
875	424	1
875	434	1
875	438	1
875	440	1
875	441	1
875	443	1
875	444	1
875	445	1
875	457	1
875	458	1
875	464	1
875	470	1
875	472	1
875	476	1
875	478	1
875	479	1
875	480	1
875	481	1
875	483	1
875	485	1
875	490	1
875	491	1
875	492	1
875	493	1
875	494	1
875	497	1
875	498	1
875	500	1
875	505	1
875	508	1
875	510	1
875	516	1
875	518	1
875	522	1
875	523	1
875	524	1
875	525	1
875	527	1
875	528	1
875	531	1
875	532	1
875	539	1
875	541	1
875	543	1
875	544	1
875	546	1
875	553	1
875	554	1
875	555	1
875	556	1
875	559	1
875	562	1
875	563	1
875	565	1
875	566	1
875	567	1
875	568	1
875	569	1
875	572	1
875	573	1
875	574	1
875	575	1
875	576	1
875	577	1
875	578	1
875	579	1
875	581	1
875	582	1
875	583	1
875	584	1
875	585	1
875	586	1
875	588	1
875	589	1
875	590	1
875	591	1
875	592	1
875	593	1
875	594	1
875	595	1
875	596	1
875	597	1
875	598	1
875	599	1
875	601	1
875	602	1
875	603	1
875	604	1
875	605	1
875	606	1
875	607	1
875	608	1
875	609	1
875	610	1
875	611	1
875	612	1
875	613	1
875	614	1
875	615	1
875	616	1
875	617	1
875	618	1
875	619	1
875	620	1
875	622	1
875	623	1
876	64	1
876	118	1
876	176	1
876	231	1
876	260	1
876	274	1
876	284	1
876	297	1
876	305	1
876	310	1
876	315	1
876	336	1
876	386	1
876	410	1
876	413	1
876	425	1
876	431	1
876	435	1
876	436	1
876	443	1
876	448	1
876	449	1
876	455	1
876	460	1
876	462	1
876	465	1
876	470	1
876	471	1
876	474	1
876	477	1
876	478	1
876	482	1
876	485	1
876	487	1
876	488	1
876	491	1
876	492	1
876	493	1
876	494	1
876	495	1
876	497	1
876	498	1
876	499	1
876	502	1
876	505	1
876	506	1
876	508	1
876	511	1
876	514	1
876	516	1
876	517	1
876	518	1
876	519	1
876	520	1
876	522	1
876	523	1
876	525	1
876	526	1
876	527	1
876	528	1
876	529	1
876	530	1
876	532	1
876	535	1
876	536	1
876	537	1
876	538	1
876	540	1
876	541	1
876	542	1
876	543	1
876	546	1
876	547	1
876	548	1
876	549	1
876	551	1
876	552	1
876	553	1
876	554	1
876	555	1
876	556	1
876	558	1
876	559	1
876	560	1
876	562	1
876	564	1
876	566	1
876	567	1
876	570	1
876	571	1
876	572	1
876	574	1
876	577	1
876	578	1
876	580	1
876	581	1
876	584	1
876	585	1
876	586	1
876	587	1
876	588	1
876	589	1
876	590	1
876	591	1
876	594	1
876	596	1
876	598	1
876	599	1
876	600	1
876	601	1
876	605	1
876	606	1
876	607	1
876	608	1
876	610	1
876	611	1
876	612	1
876	613	1
876	614	1
876	615	1
876	616	1
876	619	1
876	620	1
876	622	1
876	623	1
877	42	1
877	138	1
877	233	1
877	260	1
877	292	1
877	294	1
877	303	1
877	317	1
877	332	1
877	340	1
877	345	1
877	347	1
877	348	1
877	355	1
877	377	1
877	378	1
877	379	1
877	381	1
877	383	1
877	385	1
877	387	1
877	397	1
877	411	1
877	412	1
877	415	1
877	419	1
877	420	1
877	427	1
877	429	1
877	430	1
877	437	1
877	438	1
877	442	1
877	447	1
877	448	1
877	450	1
877	453	1
877	454	1
877	457	1
877	458	1
877	459	1
877	461	1
877	468	1
877	472	1
877	478	1
877	482	1
877	493	1
877	495	1
877	498	1
877	501	1
877	503	1
877	504	1
877	506	1
877	507	1
877	513	1
877	515	1
877	517	1
877	519	1
877	520	1
877	523	1
877	524	1
877	529	1
877	531	1
877	535	1
877	538	1
877	539	1
877	542	1
877	543	1
877	545	1
877	546	1
877	547	1
877	549	1
877	551	1
877	553	1
877	554	1
877	558	1
877	560	1
877	563	1
877	564	1
877	565	1
877	566	1
877	567	1
877	572	1
877	573	1
877	574	1
877	575	1
877	576	1
877	577	1
877	578	1
877	579	1
877	580	1
877	581	1
877	582	1
877	583	1
877	585	1
877	587	1
877	589	1
877	591	1
877	592	1
877	593	1
877	596	1
877	597	1
877	598	1
877	599	1
877	600	1
877	602	1
877	603	1
877	604	1
877	606	1
877	607	1
877	608	1
877	609	1
877	610	1
877	611	1
877	612	1
877	614	1
877	616	1
877	617	1
877	618	1
877	619	1
877	620	1
877	621	1
877	622	1
877	623	1
878	210	1
878	229	1
878	231	1
878	309	1
878	314	1
878	326	1
878	328	1
878	348	1
878	354	1
878	357	1
878	363	1
878	371	1
878	373	1
878	375	1
878	399	1
878	406	1
878	413	1
878	415	1
878	422	1
878	423	1
878	427	1
878	431	1
878	434	1
878	436	1
878	445	1
878	454	1
878	460	1
878	463	1
878	464	1
878	466	1
878	467	1
878	469	1
878	471	1
878	474	1
878	476	1
878	480	1
878	482	1
878	483	1
878	485	1
878	486	1
878	492	1
878	496	1
878	499	1
878	500	1
878	504	1
878	506	1
878	508	1
878	509	1
878	512	1
878	513	1
878	515	1
878	517	1
878	519	1
878	520	1
878	521	1
878	522	1
878	523	1
878	525	1
878	528	1
878	529	1
878	530	1
878	531	1
878	532	1
878	533	1
878	534	1
878	535	1
878	540	1
878	541	1
878	542	1
878	543	1
878	544	1
878	547	1
878	549	1
878	550	1
878	551	1
878	554	1
878	555	1
878	556	1
878	558	1
878	560	1
878	563	1
878	565	1
878	566	1
878	567	1
878	569	1
878	571	1
878	572	1
878	575	1
878	576	1
878	578	1
878	579	1
878	580	1
878	581	1
878	582	1
878	583	1
878	584	1
878	586	1
878	588	1
878	589	1
878	590	1
878	591	1
878	593	1
878	594	1
878	595	1
878	596	1
878	598	1
878	599	1
878	600	1
878	602	1
878	603	1
878	605	1
878	606	1
878	607	1
878	608	1
878	609	1
878	611	1
878	612	1
878	615	1
878	616	1
878	617	1
878	618	1
878	619	1
878	621	1
878	622	1
878	623	1
879	111	1
879	161	1
879	168	1
879	175	1
879	210	1
879	229	1
879	237	1
879	292	1
879	299	1
879	308	1
879	333	1
879	337	1
879	346	1
879	347	1
879	369	1
879	387	1
879	388	1
879	397	1
879	404	1
879	411	1
879	413	1
879	420	1
879	429	1
879	439	1
879	440	1
879	441	1
879	442	1
879	446	1
879	448	1
879	449	1
879	451	1
879	454	1
879	456	1
879	459	1
879	461	1
879	464	1
879	467	1
879	470	1
879	471	1
879	480	1
879	485	1
879	488	1
879	489	1
879	492	1
879	493	1
879	495	1
879	496	1
879	497	1
879	499	1
879	500	1
879	503	1
879	505	1
879	506	1
879	507	1
879	510	1
879	511	1
879	513	1
879	515	1
879	516	1
879	517	1
879	520	1
879	521	1
879	523	1
879	529	1
879	534	1
879	536	1
879	537	1
879	539	1
879	541	1
879	542	1
879	545	1
879	546	1
879	549	1
879	550	1
879	551	1
879	553	1
879	557	1
879	558	1
879	559	1
879	562	1
879	564	1
879	565	1
879	566	1
879	567	1
879	568	1
879	569	1
879	571	1
879	573	1
879	577	1
879	578	1
879	579	1
879	580	1
879	581	1
879	583	1
879	584	1
879	585	1
879	588	1
879	593	1
879	594	1
879	595	1
879	596	1
879	597	1
879	598	1
879	599	1
879	600	1
879	601	1
879	602	1
879	603	1
879	607	1
879	608	1
879	609	1
879	610	1
879	611	1
879	612	1
879	613	1
879	614	1
879	615	1
879	616	1
879	617	1
879	618	1
879	619	1
879	620	1
879	621	1
879	622	1
879	623	1
880	16	1
880	72	1
880	188	1
880	256	1
880	276	1
880	285	1
880	287	1
880	290	1
880	291	1
880	297	1
880	298	1
880	320	1
880	331	1
880	338	1
880	343	1
880	364	1
880	366	1
880	367	1
880	368	1
880	370	1
880	373	1
880	379	1
880	388	1
880	391	1
880	400	1
880	410	1
880	415	1
880	416	1
880	423	1
880	429	1
880	432	1
880	437	1
880	444	1
880	452	1
880	456	1
880	464	1
880	467	1
880	473	1
880	476	1
880	477	1
880	483	1
880	494	1
880	496	1
880	497	1
880	498	1
880	502	1
880	504	1
880	505	1
880	507	1
880	508	1
880	510	1
880	511	1
880	512	1
880	514	1
880	515	1
880	517	1
880	519	1
880	521	1
880	523	1
880	527	1
880	529	1
880	531	1
880	533	1
880	535	1
880	538	1
880	539	1
880	541	1
880	543	1
880	544	1
880	545	1
880	546	1
880	548	1
880	549	1
880	551	1
880	554	1
880	556	1
880	559	1
880	560	1
880	561	1
880	562	1
880	564	1
880	565	1
880	567	1
880	569	1
880	570	1
880	572	1
880	573	1
880	574	1
880	575	1
880	576	1
880	580	1
880	582	1
880	583	1
880	584	1
880	585	1
880	588	1
880	589	1
880	590	1
880	593	1
880	594	1
880	595	1
880	597	1
880	598	1
880	600	1
880	601	1
880	602	1
880	604	1
880	606	1
880	607	1
880	608	1
880	609	1
880	610	1
880	611	1
880	612	1
880	613	1
880	614	1
880	615	1
880	616	1
880	617	1
880	618	1
880	619	1
880	620	1
880	621	1
880	622	1
880	623	1
881	247	1
881	285	1
881	290	1
881	296	1
881	303	1
881	320	1
881	335	1
881	336	1
881	337	1
881	338	1
881	349	1
881	357	1
881	359	1
881	366	1
881	382	1
881	383	1
881	386	1
881	394	1
881	397	1
881	406	1
881	409	1
881	413	1
881	418	1
881	419	1
881	421	1
881	423	1
881	428	1
881	430	1
881	431	1
881	435	1
881	438	1
881	447	1
881	455	1
881	456	1
881	462	1
881	468	1
881	469	1
881	470	1
881	472	1
881	475	1
881	481	1
881	482	1
881	486	1
881	487	1
881	488	1
881	490	1
881	492	1
881	496	1
881	497	1
881	502	1
881	509	1
881	511	1
881	515	1
881	516	1
881	517	1
881	519	1
881	522	1
881	524	1
881	526	1
881	528	1
881	529	1
881	530	1
881	532	1
881	536	1
881	537	1
881	538	1
881	542	1
881	543	1
881	545	1
881	546	1
881	548	1
881	551	1
881	553	1
881	554	1
881	555	1
881	556	1
881	557	1
881	560	1
881	562	1
881	563	1
881	564	1
881	565	1
881	567	1
881	569	1
881	572	1
881	573	1
881	575	1
881	576	1
881	577	1
881	578	1
881	580	1
881	582	1
881	583	1
881	584	1
881	585	1
881	586	1
881	588	1
881	589	1
881	592	1
881	593	1
881	594	1
881	595	1
881	596	1
881	597	1
881	598	1
881	599	1
881	600	1
881	601	1
881	603	1
881	605	1
881	606	1
881	607	1
881	608	1
881	609	1
881	610	1
881	611	1
881	612	1
881	614	1
881	615	1
881	616	1
881	617	1
881	618	1
881	619	1
881	620	1
881	621	1
882	18	1
882	226	1
882	261	1
882	272	1
882	296	1
882	331	1
882	340	1
882	349	1
882	363	1
882	371	1
882	373	1
882	380	1
882	391	1
882	394	1
882	399	1
882	404	1
882	405	1
882	410	1
882	411	1
882	417	1
882	418	1
882	424	1
882	425	1
882	426	1
882	428	1
882	431	1
882	436	1
882	449	1
882	452	1
882	455	1
882	459	1
882	460	1
882	464	1
882	465	1
882	468	1
882	470	1
882	473	1
882	475	1
882	476	1
882	477	1
882	478	1
882	480	1
882	482	1
882	486	1
882	487	1
882	490	1
882	491	1
882	492	1
882	493	1
882	494	1
882	496	1
882	498	1
882	500	1
882	501	1
882	502	1
882	505	1
882	509	1
882	510	1
882	512	1
882	514	1
882	519	1
882	521	1
882	522	1
882	524	1
882	526	1
882	529	1
882	530	1
882	531	1
882	534	1
882	535	1
882	538	1
882	543	1
882	546	1
882	548	1
882	549	1
882	551	1
882	552	1
882	553	1
882	555	1
882	556	1
882	557	1
882	563	1
882	564	1
882	565	1
882	567	1
882	568	1
882	569	1
882	570	1
882	572	1
882	573	1
882	575	1
882	579	1
882	580	1
882	581	1
882	582	1
882	584	1
882	585	1
882	587	1
882	591	1
882	592	1
882	593	1
882	594	1
882	597	1
882	598	1
882	600	1
882	601	1
882	603	1
882	605	1
882	606	1
882	607	1
882	608	1
882	609	1
882	610	1
882	611	1
882	612	1
882	613	1
882	614	1
882	615	1
882	616	1
882	618	1
882	619	1
882	620	1
882	621	1
882	622	1
882	623	1
883	92	1
883	94	1
883	179	1
883	236	1
883	270	1
883	281	1
883	307	1
883	324	1
883	376	1
883	378	1
883	381	1
883	383	1
883	391	1
883	392	1
883	396	1
883	403	1
883	415	1
883	420	1
883	427	1
883	429	1
883	436	1
883	438	1
883	440	1
883	444	1
883	446	1
883	449	1
883	452	1
883	453	1
883	455	1
883	456	1
883	460	1
883	466	1
883	473	1
883	475	1
883	480	1
883	484	1
883	485	1
883	486	1
883	487	1
883	488	1
883	494	1
883	496	1
883	499	1
883	501	1
883	502	1
883	504	1
883	506	1
883	507	1
883	508	1
883	513	1
883	515	1
883	516	1
883	518	1
883	520	1
883	521	1
883	522	1
883	524	1
883	527	1
883	529	1
883	533	1
883	537	1
883	538	1
883	542	1
883	543	1
883	545	1
883	547	1
883	548	1
883	549	1
883	550	1
883	551	1
883	553	1
883	554	1
883	557	1
883	558	1
883	559	1
883	560	1
883	562	1
883	563	1
883	565	1
883	566	1
883	567	1
883	569	1
883	570	1
883	572	1
883	573	1
883	578	1
883	579	1
883	582	1
883	583	1
883	584	1
883	585	1
883	586	1
883	587	1
883	588	1
883	589	1
883	591	1
883	593	1
883	595	1
883	596	1
883	597	1
883	598	1
883	599	1
883	600	1
883	601	1
883	602	1
883	603	1
883	604	1
883	606	1
883	607	1
883	608	1
883	609	1
883	610	1
883	611	1
883	612	1
883	613	1
883	614	1
883	615	1
883	616	1
883	617	1
883	618	1
883	619	1
883	620	1
883	621	1
883	622	1
883	623	1
884	237	1
884	288	1
884	294	1
884	329	1
884	340	1
884	342	1
884	353	1
884	355	1
884	367	1
884	368	1
884	371	1
884	376	1
884	389	1
884	396	1
884	401	1
884	404	1
884	413	1
884	415	1
884	416	1
884	417	1
884	418	1
884	420	1
884	428	1
884	430	1
884	431	1
884	437	1
884	438	1
884	439	1
884	442	1
884	445	1
884	446	1
884	448	1
884	453	1
884	457	1
884	467	1
884	471	1
884	472	1
884	475	1
884	479	1
884	484	1
884	489	1
884	491	1
884	494	1
884	498	1
884	501	1
884	502	1
884	506	1
884	509	1
884	510	1
884	511	1
884	517	1
884	519	1
884	520	1
884	522	1
884	523	1
884	525	1
884	526	1
884	527	1
884	528	1
884	529	1
884	530	1
884	531	1
884	533	1
884	535	1
884	536	1
884	539	1
884	540	1
884	542	1
884	543	1
884	545	1
884	546	1
884	547	1
884	549	1
884	552	1
884	554	1
884	556	1
884	557	1
884	558	1
884	560	1
884	561	1
884	562	1
884	568	1
884	569	1
884	571	1
884	572	1
884	573	1
884	574	1
884	577	1
884	578	1
884	579	1
884	580	1
884	583	1
884	584	1
884	585	1
884	587	1
884	588	1
884	589	1
884	590	1
884	591	1
884	594	1
884	596	1
884	597	1
884	600	1
884	601	1
884	602	1
884	603	1
884	604	1
884	605	1
884	606	1
884	607	1
884	608	1
884	609	1
884	610	1
884	611	1
884	612	1
884	613	1
884	614	1
884	615	1
884	616	1
884	618	1
884	619	1
884	620	1
884	621	1
884	622	1
884	623	1
885	31	1
885	85	1
885	261	1
885	306	1
885	314	1
885	320	1
885	322	1
885	338	1
885	363	1
885	365	1
885	395	1
885	399	1
885	400	1
885	402	1
885	408	1
885	410	1
885	416	1
885	426	1
885	441	1
885	443	1
885	458	1
885	460	1
885	465	1
885	467	1
885	468	1
885	469	1
885	472	1
885	476	1
885	477	1
885	478	1
885	480	1
885	481	1
885	482	1
885	483	1
885	484	1
885	488	1
885	489	1
885	492	1
885	494	1
885	495	1
885	496	1
885	501	1
885	504	1
885	509	1
885	513	1
885	516	1
885	520	1
885	522	1
885	525	1
885	527	1
885	529	1
885	530	1
885	532	1
885	533	1
885	536	1
885	537	1
885	538	1
885	539	1
885	541	1
885	542	1
885	543	1
885	545	1
885	547	1
885	548	1
885	549	1
885	550	1
885	552	1
885	553	1
885	554	1
885	555	1
885	557	1
885	559	1
885	560	1
885	561	1
885	563	1
885	564	1
885	565	1
885	566	1
885	567	1
885	568	1
885	569	1
885	570	1
885	572	1
885	573	1
885	574	1
885	575	1
885	576	1
885	577	1
885	578	1
885	579	1
885	580	1
885	581	1
885	582	1
885	583	1
885	584	1
885	585	1
885	587	1
885	589	1
885	590	1
885	591	1
885	592	1
885	593	1
885	595	1
885	596	1
885	597	1
885	598	1
885	599	1
885	600	1
885	602	1
885	603	1
885	604	1
885	606	1
885	608	1
885	609	1
885	610	1
885	612	1
885	613	1
885	615	1
885	616	1
885	617	1
885	619	1
885	620	1
885	621	1
885	622	1
885	623	1
886	96	1
886	131	1
886	141	1
886	172	1
886	174	1
886	209	1
886	245	1
886	290	1
886	295	1
886	324	1
886	329	1
886	336	1
886	351	1
886	363	1
886	379	1
886	381	1
886	383	1
886	384	1
886	389	1
886	398	1
886	412	1
886	413	1
886	426	1
886	428	1
886	429	1
886	437	1
886	441	1
886	450	1
886	455	1
886	463	1
886	464	1
886	471	1
886	477	1
886	482	1
886	483	1
886	484	1
886	489	1
886	492	1
886	493	1
886	496	1
886	497	1
886	500	1
886	501	1
886	504	1
886	506	1
886	508	1
886	510	1
886	512	1
886	513	1
886	514	1
886	515	1
886	516	1
886	519	1
886	524	1
886	526	1
886	527	1
886	528	1
886	530	1
886	533	1
886	534	1
886	535	1
886	538	1
886	539	1
886	542	1
886	543	1
886	545	1
886	546	1
886	547	1
886	549	1
886	552	1
886	553	1
886	556	1
886	557	1
886	558	1
886	559	1
886	560	1
886	563	1
886	564	1
886	565	1
886	566	1
886	567	1
886	568	1
886	571	1
886	572	1
886	573	1
886	575	1
886	576	1
886	577	1
886	578	1
886	580	1
886	582	1
886	583	1
886	584	1
886	585	1
886	586	1
886	587	1
886	588	1
886	589	1
886	590	1
886	591	1
886	592	1
886	593	1
886	594	1
886	595	1
886	597	1
886	598	1
886	599	1
886	600	1
886	601	1
886	603	1
886	605	1
886	607	1
886	609	1
886	610	1
886	611	1
886	612	1
886	613	1
886	614	1
886	615	1
886	616	1
886	617	1
886	620	1
886	621	1
886	622	1
886	623	1
887	107	1
887	140	1
887	236	1
887	266	1
887	278	1
887	282	1
887	302	1
887	305	1
887	318	1
887	321	1
887	322	1
887	338	1
887	350	1
887	355	1
887	359	1
887	385	1
887	387	1
887	400	1
887	406	1
887	409	1
887	414	1
887	416	1
887	417	1
887	419	1
887	427	1
887	431	1
887	441	1
887	442	1
887	447	1
887	450	1
887	452	1
887	459	1
887	460	1
887	462	1
887	464	1
887	468	1
887	471	1
887	472	1
887	474	1
887	480	1
887	481	1
887	483	1
887	484	1
887	485	1
887	486	1
887	488	1
887	489	1
887	490	1
887	491	1
887	493	1
887	500	1
887	502	1
887	503	1
887	504	1
887	506	1
887	507	1
887	508	1
887	509	1
887	512	1
887	515	1
887	521	1
887	522	1
887	523	1
887	526	1
887	527	1
887	528	1
887	531	1
887	532	1
887	536	1
887	537	1
887	540	1
887	542	1
887	543	1
887	544	1
887	545	1
887	547	1
887	549	1
887	550	1
887	552	1
887	553	1
887	555	1
887	556	1
887	558	1
887	561	1
887	562	1
887	565	1
887	566	1
887	567	1
887	568	1
887	569	1
887	570	1
887	571	1
887	573	1
887	575	1
887	576	1
887	577	1
887	578	1
887	581	1
887	583	1
887	586	1
887	587	1
887	590	1
887	592	1
887	596	1
887	597	1
887	598	1
887	599	1
887	602	1
887	603	1
887	605	1
887	606	1
887	607	1
887	609	1
887	610	1
887	611	1
887	612	1
887	613	1
887	614	1
887	616	1
887	617	1
887	619	1
887	620	1
887	621	1
887	622	1
887	623	1
888	235	1
888	247	1
888	267	1
888	280	1
888	299	1
888	331	1
888	358	1
888	360	1
888	370	1
888	373	1
888	374	1
888	378	1
888	388	1
888	392	1
888	398	1
888	401	1
888	403	1
888	413	1
888	414	1
888	416	1
888	417	1
888	424	1
888	425	1
888	433	1
888	439	1
888	440	1
888	442	1
888	447	1
888	448	1
888	450	1
888	454	1
888	461	1
888	463	1
888	464	1
888	467	1
888	470	1
888	474	1
888	478	1
888	484	1
888	487	1
888	490	1
888	492	1
888	494	1
888	500	1
888	501	1
888	505	1
888	507	1
888	509	1
888	510	1
888	511	1
888	514	1
888	516	1
888	522	1
888	524	1
888	525	1
888	528	1
888	529	1
888	531	1
888	532	1
888	533	1
888	536	1
888	537	1
888	543	1
888	544	1
888	545	1
888	548	1
888	549	1
888	550	1
888	552	1
888	553	1
888	554	1
888	555	1
888	556	1
888	557	1
888	558	1
888	560	1
888	561	1
888	562	1
888	563	1
888	564	1
888	566	1
888	567	1
888	569	1
888	570	1
888	572	1
888	573	1
888	574	1
888	576	1
888	577	1
888	578	1
888	579	1
888	580	1
888	581	1
888	582	1
888	583	1
888	584	1
888	585	1
888	588	1
888	590	1
888	591	1
888	592	1
888	593	1
888	594	1
888	595	1
888	596	1
888	597	1
888	603	1
888	604	1
888	605	1
888	607	1
888	608	1
888	609	1
888	610	1
888	611	1
888	612	1
888	613	1
888	614	1
888	616	1
888	617	1
888	618	1
888	619	1
888	620	1
888	621	1
888	622	1
888	623	1
889	110	1
889	123	1
889	132	1
889	157	1
889	209	1
889	211	1
889	225	1
889	227	1
889	267	1
889	275	1
889	312	1
889	327	1
889	353	1
889	355	1
889	357	1
889	380	1
889	382	1
889	386	1
889	393	1
889	395	1
889	405	1
889	409	1
889	414	1
889	415	1
889	440	1
889	449	1
889	450	1
889	456	1
889	465	1
889	467	1
889	468	1
889	469	1
889	470	1
889	477	1
889	481	1
889	482	1
889	485	1
889	488	1
889	490	1
889	493	1
889	497	1
889	499	1
889	500	1
889	504	1
889	508	1
889	509	1
889	510	1
889	511	1
889	515	1
889	516	1
889	519	1
889	521	1
889	522	1
889	523	1
889	524	1
889	525	1
889	528	1
889	529	1
889	530	1
889	531	1
889	532	1
889	533	1
889	534	1
889	536	1
889	538	1
889	539	1
889	542	1
889	544	1
889	545	1
889	547	1
889	548	1
889	551	1
889	553	1
889	554	1
889	555	1
889	556	1
889	557	1
889	558	1
889	559	1
889	560	1
889	561	1
889	563	1
889	565	1
889	566	1
889	567	1
889	568	1
889	572	1
889	573	1
889	576	1
889	577	1
889	579	1
889	580	1
889	581	1
889	582	1
889	583	1
889	586	1
889	589	1
889	590	1
889	591	1
889	592	1
889	593	1
889	595	1
889	596	1
889	597	1
889	600	1
889	601	1
889	602	1
889	603	1
889	604	1
889	605	1
889	606	1
889	607	1
889	609	1
889	610	1
889	611	1
889	612	1
889	613	1
889	615	1
889	616	1
889	617	1
889	620	1
889	621	1
889	622	1
889	623	1
890	199	1
890	308	1
890	314	1
890	321	1
890	331	1
890	345	1
890	346	1
890	358	1
890	370	1
890	377	1
890	379	1
890	385	1
890	395	1
890	397	1
890	398	1
890	409	1
890	410	1
890	411	1
890	418	1
890	421	1
890	426	1
890	434	1
890	438	1
890	439	1
890	440	1
890	446	1
890	450	1
890	452	1
890	455	1
890	458	1
890	462	1
890	463	1
890	468	1
890	469	1
890	471	1
890	472	1
890	475	1
890	476	1
890	480	1
890	481	1
890	483	1
890	487	1
890	489	1
890	490	1
890	493	1
890	494	1
890	495	1
890	496	1
890	497	1
890	498	1
890	500	1
890	505	1
890	507	1
890	509	1
890	510	1
890	511	1
890	513	1
890	514	1
890	518	1
890	522	1
890	526	1
890	527	1
890	531	1
890	534	1
890	536	1
890	539	1
890	542	1
890	543	1
890	546	1
890	547	1
890	548	1
890	549	1
890	551	1
890	554	1
890	555	1
890	556	1
890	557	1
890	558	1
890	561	1
890	562	1
890	563	1
890	564	1
890	565	1
890	566	1
890	567	1
890	568	1
890	569	1
890	570	1
890	571	1
890	572	1
890	573	1
890	574	1
890	576	1
890	578	1
890	579	1
890	581	1
890	582	1
890	583	1
890	584	1
890	585	1
890	586	1
890	588	1
890	590	1
890	593	1
890	594	1
890	595	1
890	598	1
890	599	1
890	601	1
890	602	1
890	604	1
890	607	1
890	608	1
890	612	1
890	613	1
890	614	1
890	615	1
890	616	1
890	617	1
890	618	1
890	619	1
890	620	1
890	621	1
890	622	1
890	623	1
891	166	1
891	196	1
891	271	1
891	310	1
891	320	1
891	326	1
891	338	1
891	345	1
891	372	1
891	377	1
891	380	1
891	382	1
891	383	1
891	390	1
891	403	1
891	406	1
891	414	1
891	417	1
891	426	1
891	428	1
891	434	1
891	442	1
891	444	1
891	445	1
891	446	1
891	447	1
891	448	1
891	449	1
891	451	1
891	454	1
891	456	1
891	461	1
891	465	1
891	467	1
891	469	1
891	470	1
891	471	1
891	479	1
891	480	1
891	483	1
891	487	1
891	488	1
891	491	1
891	492	1
891	493	1
891	495	1
891	498	1
891	499	1
891	505	1
891	506	1
891	507	1
891	508	1
891	509	1
891	510	1
891	511	1
891	512	1
891	513	1
891	514	1
891	518	1
891	519	1
891	520	1
891	521	1
891	524	1
891	525	1
891	529	1
891	533	1
891	534	1
891	535	1
891	536	1
891	537	1
891	541	1
891	542	1
891	545	1
891	546	1
891	547	1
891	548	1
891	550	1
891	551	1
891	553	1
891	554	1
891	555	1
891	556	1
891	558	1
891	559	1
891	560	1
891	561	1
891	562	1
891	563	1
891	564	1
891	565	1
891	566	1
891	567	1
891	572	1
891	573	1
891	574	1
891	579	1
891	580	1
891	582	1
891	583	1
891	584	1
891	586	1
891	587	1
891	588	1
891	589	1
891	591	1
891	593	1
891	595	1
891	596	1
891	599	1
891	600	1
891	601	1
891	603	1
891	604	1
891	605	1
891	607	1
891	609	1
891	610	1
891	612	1
891	613	1
891	614	1
891	615	1
891	616	1
891	618	1
891	622	1
891	623	1
892	81	1
892	221	1
892	237	1
892	301	1
892	306	1
892	312	1
892	321	1
892	340	1
892	369	1
892	376	1
892	388	1
892	394	1
892	399	1
892	406	1
892	407	1
892	421	1
892	423	1
892	425	1
892	434	1
892	437	1
892	440	1
892	441	1
892	447	1
892	450	1
892	454	1
892	456	1
892	457	1
892	458	1
892	463	1
892	468	1
892	473	1
892	478	1
892	479	1
892	481	1
892	483	1
892	484	1
892	486	1
892	488	1
892	489	1
892	490	1
892	491	1
892	493	1
892	494	1
892	500	1
892	502	1
892	503	1
892	504	1
892	506	1
892	510	1
892	512	1
892	514	1
892	516	1
892	517	1
892	519	1
892	520	1
892	522	1
892	527	1
892	529	1
892	530	1
892	532	1
892	533	1
892	534	1
892	535	1
892	536	1
892	538	1
892	541	1
892	542	1
892	543	1
892	546	1
892	547	1
892	548	1
892	550	1
892	551	1
892	553	1
892	554	1
892	555	1
892	556	1
892	559	1
892	560	1
892	561	1
892	563	1
892	565	1
892	566	1
892	567	1
892	568	1
892	571	1
892	572	1
892	573	1
892	575	1
892	576	1
892	577	1
892	578	1
892	579	1
892	580	1
892	581	1
892	582	1
892	583	1
892	585	1
892	587	1
892	588	1
892	589	1
892	590	1
892	591	1
892	592	1
892	594	1
892	595	1
892	596	1
892	598	1
892	600	1
892	601	1
892	603	1
892	604	1
892	605	1
892	606	1
892	607	1
892	608	1
892	609	1
892	611	1
892	613	1
892	616	1
892	617	1
892	618	1
892	621	1
892	623	1
893	90	1
893	206	1
893	214	1
893	226	1
893	319	1
893	321	1
893	332	1
893	335	1
893	343	1
893	345	1
893	358	1
893	360	1
893	362	1
893	406	1
893	411	1
893	418	1
893	426	1
893	429	1
893	435	1
893	438	1
893	441	1
893	448	1
893	451	1
893	456	1
893	460	1
893	461	1
893	462	1
893	464	1
893	470	1
893	471	1
893	475	1
893	478	1
893	479	1
893	488	1
893	489	1
893	491	1
893	493	1
893	498	1
893	501	1
893	504	1
893	506	1
893	508	1
893	509	1
893	510	1
893	511	1
893	514	1
893	516	1
893	517	1
893	518	1
893	519	1
893	520	1
893	523	1
893	524	1
893	527	1
893	528	1
893	529	1
893	530	1
893	531	1
893	533	1
893	535	1
893	536	1
893	539	1
893	540	1
893	543	1
893	544	1
893	546	1
893	547	1
893	548	1
893	550	1
893	551	1
893	553	1
893	554	1
893	555	1
893	556	1
893	557	1
893	558	1
893	559	1
893	560	1
893	562	1
893	566	1
893	569	1
893	570	1
893	571	1
893	572	1
893	573	1
893	574	1
893	577	1
893	579	1
893	580	1
893	581	1
893	584	1
893	585	1
893	586	1
893	588	1
893	589	1
893	590	1
893	591	1
893	593	1
893	594	1
893	595	1
893	596	1
893	598	1
893	599	1
893	600	1
893	601	1
893	602	1
893	603	1
893	604	1
893	605	1
893	606	1
893	607	1
893	608	1
893	609	1
893	611	1
893	612	1
893	614	1
893	615	1
893	616	1
893	617	1
893	618	1
893	619	1
893	620	1
893	621	1
893	623	1
894	144	1
894	217	1
894	240	1
894	273	1
894	277	1
894	317	1
894	318	1
894	319	1
894	359	1
894	367	1
894	368	1
894	373	1
894	376	1
894	380	1
894	387	1
894	390	1
894	392	1
894	403	1
894	407	1
894	412	1
894	415	1
894	419	1
894	421	1
894	422	1
894	423	1
894	427	1
894	429	1
894	436	1
894	440	1
894	443	1
894	445	1
894	447	1
894	448	1
894	450	1
894	454	1
894	456	1
894	458	1
894	459	1
894	464	1
894	469	1
894	471	1
894	473	1
894	476	1
894	478	1
894	481	1
894	483	1
894	484	1
894	486	1
894	491	1
894	492	1
894	494	1
894	497	1
894	499	1
894	505	1
894	507	1
894	512	1
894	513	1
894	514	1
894	515	1
894	517	1
894	520	1
894	526	1
894	529	1
894	530	1
894	532	1
894	533	1
894	534	1
894	535	1
894	536	1
894	537	1
894	539	1
894	540	1
894	541	1
894	542	1
894	544	1
894	546	1
894	549	1
894	551	1
894	552	1
894	553	1
894	554	1
894	555	1
894	557	1
894	558	1
894	560	1
894	562	1
894	563	1
894	564	1
894	566	1
894	568	1
894	569	1
894	571	1
894	572	1
894	575	1
894	576	1
894	578	1
894	579	1
894	580	1
894	581	1
894	582	1
894	588	1
894	590	1
894	591	1
894	592	1
894	594	1
894	595	1
894	596	1
894	599	1
894	601	1
894	603	1
894	604	1
894	605	1
894	606	1
894	607	1
894	609	1
894	610	1
894	612	1
894	613	1
894	614	1
894	616	1
894	617	1
894	618	1
894	621	1
894	622	1
894	623	1
895	7	1
895	80	1
895	164	1
895	175	1
895	300	1
895	306	1
895	307	1
895	317	1
895	367	1
895	375	1
895	380	1
895	388	1
895	392	1
895	398	1
895	405	1
895	406	1
895	410	1
895	430	1
895	433	1
895	434	1
895	443	1
895	446	1
895	447	1
895	452	1
895	456	1
895	459	1
895	460	1
895	462	1
895	464	1
895	473	1
895	474	1
895	475	1
895	476	1
895	477	1
895	478	1
895	482	1
895	484	1
895	486	1
895	488	1
895	490	1
895	493	1
895	494	1
895	500	1
895	501	1
895	503	1
895	504	1
895	505	1
895	506	1
895	513	1
895	515	1
895	516	1
895	520	1
895	521	1
895	523	1
895	525	1
895	526	1
895	527	1
895	529	1
895	530	1
895	531	1
895	535	1
895	537	1
895	539	1
895	540	1
895	544	1
895	549	1
895	550	1
895	552	1
895	553	1
895	554	1
895	555	1
895	557	1
895	558	1
895	560	1
895	562	1
895	564	1
895	565	1
895	566	1
895	567	1
895	568	1
895	569	1
895	570	1
895	572	1
895	573	1
895	574	1
895	576	1
895	577	1
895	579	1
895	580	1
895	581	1
895	582	1
895	583	1
895	584	1
895	585	1
895	587	1
895	588	1
895	589	1
895	592	1
895	593	1
895	594	1
895	596	1
895	597	1
895	598	1
895	599	1
895	600	1
895	601	1
895	602	1
895	604	1
895	605	1
895	606	1
895	607	1
895	608	1
895	609	1
895	610	1
895	611	1
895	612	1
895	613	1
895	614	1
895	615	1
895	617	1
895	619	1
895	620	1
895	622	1
895	623	1
896	58	1
896	70	1
896	164	1
896	243	1
896	244	1
896	246	1
896	250	1
896	257	1
896	277	1
896	305	1
896	339	1
896	346	1
896	366	1
896	368	1
896	395	1
896	402	1
896	419	1
896	423	1
896	426	1
896	427	1
896	431	1
896	434	1
896	438	1
896	440	1
896	455	1
896	457	1
896	459	1
896	465	1
896	466	1
896	467	1
896	469	1
896	471	1
896	472	1
896	473	1
896	477	1
896	482	1
896	484	1
896	488	1
896	491	1
896	492	1
896	498	1
896	501	1
896	502	1
896	503	1
896	505	1
896	506	1
896	507	1
896	508	1
896	509	1
896	510	1
896	512	1
896	516	1
896	518	1
896	519	1
896	521	1
896	522	1
896	523	1
896	524	1
896	525	1
896	527	1
896	529	1
896	530	1
896	534	1
896	535	1
896	538	1
896	541	1
896	542	1
896	547	1
896	548	1
896	549	1
896	550	1
896	552	1
896	553	1
896	554	1
896	557	1
896	559	1
896	560	1
896	562	1
896	563	1
896	564	1
896	565	1
896	567	1
896	568	1
896	570	1
896	571	1
896	572	1
896	574	1
896	575	1
896	577	1
896	578	1
896	580	1
896	581	1
896	582	1
896	583	1
896	584	1
896	585	1
896	586	1
896	587	1
896	588	1
896	589	1
896	590	1
896	592	1
896	596	1
896	598	1
896	599	1
896	600	1
896	602	1
896	604	1
896	605	1
896	606	1
896	607	1
896	609	1
896	610	1
896	612	1
896	613	1
896	614	1
896	615	1
896	616	1
896	617	1
896	618	1
896	619	1
896	620	1
896	621	1
896	622	1
896	623	1
897	15	1
897	45	1
897	182	1
897	275	1
897	304	1
897	322	1
897	336	1
897	356	1
897	371	1
897	372	1
897	392	1
897	394	1
897	395	1
897	397	1
897	398	1
897	400	1
897	401	1
897	406	1
897	407	1
897	413	1
897	414	1
897	418	1
897	419	1
897	421	1
897	427	1
897	435	1
897	438	1
897	439	1
897	442	1
897	445	1
897	455	1
897	460	1
897	461	1
897	473	1
897	478	1
897	479	1
897	480	1
897	484	1
897	485	1
897	486	1
897	487	1
897	490	1
897	491	1
897	498	1
897	499	1
897	501	1
897	505	1
897	509	1
897	510	1
897	511	1
897	513	1
897	514	1
897	520	1
897	521	1
897	522	1
897	523	1
897	526	1
897	527	1
897	528	1
897	531	1
897	534	1
897	535	1
897	536	1
897	537	1
897	542	1
897	543	1
897	546	1
897	547	1
897	550	1
897	551	1
897	552	1
897	553	1
897	555	1
897	556	1
897	557	1
897	558	1
897	560	1
897	561	1
897	562	1
897	564	1
897	565	1
897	566	1
897	567	1
897	569	1
897	570	1
897	571	1
897	572	1
897	573	1
897	574	1
897	576	1
897	577	1
897	579	1
897	580	1
897	581	1
897	582	1
897	584	1
897	586	1
897	588	1
897	589	1
897	590	1
897	591	1
897	593	1
897	594	1
897	595	1
897	596	1
897	597	1
897	599	1
897	601	1
897	602	1
897	607	1
897	608	1
897	609	1
897	610	1
897	611	1
897	612	1
897	614	1
897	615	1
897	616	1
897	617	1
897	618	1
897	619	1
897	620	1
897	621	1
897	622	1
897	623	1
898	6	1
898	38	1
898	121	1
898	309	1
898	328	1
898	333	1
898	354	1
898	364	1
898	371	1
898	378	1
898	385	1
898	386	1
898	403	1
898	409	1
898	411	1
898	416	1
898	422	1
898	428	1
898	435	1
898	440	1
898	441	1
898	442	1
898	444	1
898	445	1
898	454	1
898	455	1
898	457	1
898	458	1
898	460	1
898	464	1
898	465	1
898	466	1
898	469	1
898	471	1
898	477	1
898	479	1
898	487	1
898	490	1
898	491	1
898	493	1
898	496	1
898	497	1
898	499	1
898	501	1
898	503	1
898	504	1
898	510	1
898	511	1
898	512	1
898	513	1
898	514	1
898	516	1
898	517	1
898	523	1
898	524	1
898	525	1
898	528	1
898	529	1
898	531	1
898	532	1
898	533	1
898	534	1
898	535	1
898	536	1
898	538	1
898	539	1
898	542	1
898	543	1
898	544	1
898	545	1
898	546	1
898	548	1
898	549	1
898	550	1
898	551	1
898	552	1
898	554	1
898	556	1
898	558	1
898	559	1
898	561	1
898	563	1
898	565	1
898	567	1
898	568	1
898	569	1
898	570	1
898	571	1
898	572	1
898	574	1
898	575	1
898	576	1
898	577	1
898	578	1
898	579	1
898	581	1
898	583	1
898	584	1
898	586	1
898	587	1
898	588	1
898	590	1
898	591	1
898	592	1
898	594	1
898	600	1
898	601	1
898	602	1
898	604	1
898	606	1
898	607	1
898	608	1
898	609	1
898	610	1
898	611	1
898	612	1
898	613	1
898	616	1
898	617	1
898	618	1
898	619	1
898	621	1
898	622	1
898	623	1
899	34	1
899	281	1
899	286	1
899	299	1
899	334	1
899	341	1
899	347	1
899	370	1
899	371	1
899	378	1
899	385	1
899	392	1
899	393	1
899	398	1
899	411	1
899	412	1
899	413	1
899	416	1
899	420	1
899	430	1
899	431	1
899	434	1
899	438	1
899	439	1
899	442	1
899	443	1
899	446	1
899	447	1
899	452	1
899	454	1
899	458	1
899	459	1
899	460	1
899	461	1
899	469	1
899	471	1
899	472	1
899	477	1
899	480	1
899	482	1
899	483	1
899	485	1
899	490	1
899	491	1
899	492	1
899	495	1
899	497	1
899	498	1
899	499	1
899	501	1
899	502	1
899	504	1
899	505	1
899	507	1
899	509	1
899	511	1
899	515	1
899	520	1
899	521	1
899	522	1
899	525	1
899	528	1
899	531	1
899	534	1
899	537	1
899	538	1
899	539	1
899	540	1
899	542	1
899	545	1
899	548	1
899	550	1
899	551	1
899	553	1
899	554	1
899	557	1
899	559	1
899	561	1
899	562	1
899	563	1
899	564	1
899	568	1
899	571	1
899	572	1
899	573	1
899	574	1
899	576	1
899	577	1
899	578	1
899	579	1
899	580	1
899	581	1
899	582	1
899	583	1
899	584	1
899	585	1
899	586	1
899	587	1
899	588	1
899	590	1
899	591	1
899	594	1
899	595	1
899	596	1
899	597	1
899	598	1
899	599	1
899	600	1
899	601	1
899	602	1
899	603	1
899	604	1
899	606	1
899	608	1
899	609	1
899	610	1
899	611	1
899	612	1
899	613	1
899	614	1
899	616	1
899	619	1
899	620	1
899	622	1
900	43	1
900	176	1
900	182	1
900	212	1
900	297	1
900	314	1
900	318	1
900	331	1
900	334	1
900	356	1
900	357	1
900	359	1
900	360	1
900	366	1
900	369	1
900	374	1
900	375	1
900	376	1
900	385	1
900	390	1
900	392	1
900	400	1
900	407	1
900	408	1
900	411	1
900	412	1
900	416	1
900	417	1
900	419	1
900	420	1
900	422	1
900	433	1
900	435	1
900	438	1
900	439	1
900	444	1
900	451	1
900	453	1
900	457	1
900	460	1
900	463	1
900	467	1
900	471	1
900	474	1
900	476	1
900	477	1
900	479	1
900	480	1
900	481	1
900	484	1
900	490	1
900	491	1
900	493	1
900	496	1
900	502	1
900	509	1
900	510	1
900	511	1
900	512	1
900	513	1
900	516	1
900	517	1
900	519	1
900	522	1
900	523	1
900	524	1
900	525	1
900	529	1
900	531	1
900	532	1
900	541	1
900	543	1
900	548	1
900	550	1
900	551	1
900	552	1
900	554	1
900	555	1
900	556	1
900	559	1
900	561	1
900	562	1
900	564	1
900	565	1
900	567	1
900	569	1
900	570	1
900	571	1
900	573	1
900	575	1
900	576	1
900	577	1
900	578	1
900	579	1
900	581	1
900	583	1
900	585	1
900	587	1
900	588	1
900	590	1
900	591	1
900	592	1
900	593	1
900	595	1
900	596	1
900	597	1
900	599	1
900	601	1
900	602	1
900	603	1
900	605	1
900	606	1
900	607	1
900	608	1
900	609	1
900	610	1
900	611	1
900	613	1
900	614	1
900	615	1
900	618	1
900	619	1
900	621	1
900	622	1
900	623	1
901	116	1
901	166	1
901	176	1
901	185	1
901	201	1
901	259	1
901	295	1
901	299	1
901	317	1
901	328	1
901	340	1
901	351	1
901	363	1
901	374	1
901	388	1
901	399	1
901	422	1
901	424	1
901	432	1
901	439	1
901	440	1
901	441	1
901	445	1
901	448	1
901	454	1
901	465	1
901	468	1
901	469	1
901	471	1
901	472	1
901	473	1
901	474	1
901	475	1
901	478	1
901	492	1
901	493	1
901	498	1
901	501	1
901	505	1
901	507	1
901	508	1
901	511	1
901	514	1
901	515	1
901	517	1
901	519	1
901	521	1
901	522	1
901	526	1
901	527	1
901	528	1
901	529	1
901	530	1
901	532	1
901	533	1
901	534	1
901	537	1
901	542	1
901	544	1
901	545	1
901	548	1
901	550	1
901	552	1
901	553	1
901	555	1
901	556	1
901	557	1
901	558	1
901	559	1
901	560	1
901	561	1
901	563	1
901	565	1
901	566	1
901	567	1
901	568	1
901	569	1
901	570	1
901	571	1
901	572	1
901	573	1
901	575	1
901	576	1
901	577	1
901	578	1
901	580	1
901	581	1
901	582	1
901	583	1
901	584	1
901	585	1
901	586	1
901	587	1
901	588	1
901	589	1
901	590	1
901	591	1
901	592	1
901	593	1
901	595	1
901	596	1
901	597	1
901	598	1
901	599	1
901	600	1
901	601	1
901	602	1
901	603	1
901	604	1
901	605	1
901	607	1
901	608	1
901	609	1
901	612	1
901	613	1
901	614	1
901	615	1
901	616	1
901	617	1
901	618	1
901	619	1
901	620	1
901	621	1
901	622	1
901	623	1
902	92	1
902	99	1
902	137	1
902	155	1
902	215	1
902	247	1
902	309	1
902	349	1
902	356	1
902	366	1
902	380	1
902	388	1
902	393	1
902	398	1
902	399	1
902	402	1
902	405	1
902	408	1
902	417	1
902	427	1
902	428	1
902	431	1
902	437	1
902	441	1
902	445	1
902	446	1
902	449	1
902	454	1
902	457	1
902	461	1
902	465	1
902	467	1
902	469	1
902	470	1
902	475	1
902	477	1
902	479	1
902	481	1
902	482	1
902	486	1
902	494	1
902	495	1
902	497	1
902	499	1
902	501	1
902	503	1
902	506	1
902	508	1
902	510	1
902	512	1
902	513	1
902	514	1
902	517	1
902	519	1
902	523	1
902	526	1
902	527	1
902	528	1
902	531	1
902	533	1
902	535	1
902	536	1
902	540	1
902	542	1
902	543	1
902	544	1
902	545	1
902	546	1
902	547	1
902	548	1
902	549	1
902	550	1
902	553	1
902	555	1
902	556	1
902	557	1
902	558	1
902	559	1
902	561	1
902	562	1
902	563	1
902	564	1
902	565	1
902	566	1
902	567	1
902	569	1
902	570	1
902	571	1
902	574	1
902	575	1
902	577	1
902	578	1
902	581	1
902	582	1
902	587	1
902	589	1
902	591	1
902	593	1
902	594	1
902	595	1
902	596	1
902	597	1
902	598	1
902	599	1
902	600	1
902	602	1
902	603	1
902	604	1
902	605	1
902	608	1
902	609	1
902	610	1
902	611	1
902	612	1
902	613	1
902	614	1
902	615	1
902	616	1
902	617	1
902	618	1
902	619	1
902	620	1
902	621	1
902	622	1
902	623	1
903	148	1
903	187	1
903	233	1
903	300	1
903	323	1
903	327	1
903	377	1
903	380	1
903	398	1
903	399	1
903	403	1
903	406	1
903	411	1
903	417	1
903	436	1
903	437	1
903	438	1
903	439	1
903	443	1
903	445	1
903	447	1
903	448	1
903	452	1
903	454	1
903	455	1
903	456	1
903	458	1
903	461	1
903	462	1
903	464	1
903	465	1
903	466	1
903	467	1
903	476	1
903	479	1
903	480	1
903	481	1
903	485	1
903	487	1
903	488	1
903	489	1
903	490	1
903	493	1
903	494	1
903	497	1
903	502	1
903	504	1
903	505	1
903	510	1
903	511	1
903	512	1
903	513	1
903	515	1
903	518	1
903	520	1
903	522	1
903	524	1
903	525	1
903	526	1
903	528	1
903	530	1
903	531	1
903	532	1
903	533	1
903	534	1
903	535	1
903	537	1
903	538	1
903	540	1
903	541	1
903	543	1
903	548	1
903	550	1
903	552	1
903	553	1
903	554	1
903	555	1
903	557	1
903	559	1
903	560	1
903	561	1
903	562	1
903	563	1
903	564	1
903	566	1
903	571	1
903	575	1
903	577	1
903	578	1
903	579	1
903	580	1
903	581	1
903	582	1
903	587	1
903	588	1
903	589	1
903	591	1
903	593	1
903	594	1
903	596	1
903	597	1
903	598	1
903	599	1
903	600	1
903	601	1
903	602	1
903	603	1
903	604	1
903	605	1
903	606	1
903	607	1
903	608	1
903	610	1
903	611	1
903	612	1
903	614	1
903	615	1
903	616	1
903	618	1
903	619	1
903	620	1
903	621	1
903	622	1
903	623	1
904	163	1
904	255	1
904	263	1
904	306	1
904	312	1
904	324	1
904	340	1
904	354	1
904	356	1
904	369	1
904	372	1
904	392	1
904	393	1
904	397	1
904	398	1
904	402	1
904	413	1
904	420	1
904	423	1
904	428	1
904	432	1
904	433	1
904	439	1
904	449	1
904	451	1
904	452	1
904	456	1
904	457	1
904	464	1
904	465	1
904	467	1
904	469	1
904	471	1
904	474	1
904	475	1
904	476	1
904	477	1
904	479	1
904	480	1
904	481	1
904	486	1
904	488	1
904	495	1
904	500	1
904	501	1
904	507	1
904	514	1
904	516	1
904	518	1
904	520	1
904	521	1
904	523	1
904	527	1
904	528	1
904	529	1
904	532	1
904	533	1
904	534	1
904	535	1
904	536	1
904	539	1
904	540	1
904	541	1
904	543	1
904	544	1
904	545	1
904	547	1
904	548	1
904	549	1
904	550	1
904	552	1
904	553	1
904	555	1
904	556	1
904	557	1
904	558	1
904	559	1
904	561	1
904	562	1
904	563	1
904	564	1
904	565	1
904	567	1
904	568	1
904	569	1
904	571	1
904	575	1
904	576	1
904	577	1
904	578	1
904	580	1
904	581	1
904	582	1
904	583	1
904	585	1
904	586	1
904	587	1
904	588	1
904	590	1
904	591	1
904	595	1
904	596	1
904	597	1
904	598	1
904	600	1
904	601	1
904	602	1
904	604	1
904	605	1
904	606	1
904	607	1
904	608	1
904	610	1
904	611	1
904	612	1
904	613	1
904	614	1
904	615	1
904	616	1
904	617	1
904	619	1
904	620	1
904	621	1
904	622	1
904	623	1
905	8	1
905	38	1
905	72	1
905	136	1
905	184	1
905	207	1
905	272	1
905	286	1
905	288	1
905	340	1
905	341	1
905	346	1
905	352	1
905	355	1
905	366	1
905	375	1
905	380	1
905	384	1
905	387	1
905	393	1
905	408	1
905	414	1
905	417	1
905	419	1
905	429	1
905	434	1
905	435	1
905	437	1
905	440	1
905	442	1
905	444	1
905	461	1
905	464	1
905	469	1
905	471	1
905	476	1
905	479	1
905	482	1
905	485	1
905	487	1
905	489	1
905	490	1
905	493	1
905	495	1
905	497	1
905	502	1
905	506	1
905	508	1
905	509	1
905	511	1
905	512	1
905	516	1
905	517	1
905	519	1
905	521	1
905	523	1
905	524	1
905	526	1
905	527	1
905	531	1
905	532	1
905	533	1
905	535	1
905	536	1
905	537	1
905	538	1
905	539	1
905	542	1
905	543	1
905	544	1
905	545	1
905	548	1
905	549	1
905	553	1
905	554	1
905	558	1
905	559	1
905	561	1
905	563	1
905	564	1
905	565	1
905	566	1
905	567	1
905	568	1
905	569	1
905	571	1
905	572	1
905	573	1
905	575	1
905	577	1
905	578	1
905	579	1
905	580	1
905	582	1
905	583	1
905	584	1
905	585	1
905	586	1
905	587	1
905	589	1
905	592	1
905	593	1
905	594	1
905	597	1
905	598	1
905	599	1
905	600	1
905	601	1
905	603	1
905	604	1
905	605	1
905	606	1
905	607	1
905	609	1
905	612	1
905	614	1
905	615	1
905	616	1
905	617	1
905	618	1
905	619	1
905	620	1
905	621	1
905	622	1
905	623	1
906	119	1
906	135	1
906	145	1
906	146	1
906	155	1
906	214	1
906	240	1
906	278	1
906	302	1
906	323	1
906	325	1
906	337	1
906	339	1
906	362	1
906	364	1
906	378	1
906	388	1
906	389	1
906	391	1
906	396	1
906	399	1
906	402	1
906	403	1
906	406	1
906	409	1
906	420	1
906	426	1
906	428	1
906	434	1
906	435	1
906	438	1
906	441	1
906	443	1
906	444	1
906	445	1
906	446	1
906	447	1
906	448	1
906	452	1
906	455	1
906	460	1
906	463	1
906	464	1
906	466	1
906	469	1
906	470	1
906	473	1
906	475	1
906	476	1
906	478	1
906	480	1
906	482	1
906	489	1
906	492	1
906	494	1
906	495	1
906	498	1
906	500	1
906	502	1
906	506	1
906	507	1
906	513	1
906	515	1
906	519	1
906	524	1
906	525	1
906	527	1
906	529	1
906	530	1
906	535	1
906	536	1
906	537	1
906	541	1
906	542	1
906	543	1
906	546	1
906	554	1
906	555	1
906	556	1
906	558	1
906	561	1
906	562	1
906	563	1
906	565	1
906	566	1
906	567	1
906	568	1
906	570	1
906	571	1
906	572	1
906	573	1
906	576	1
906	577	1
906	578	1
906	580	1
906	585	1
906	587	1
906	588	1
906	589	1
906	592	1
906	593	1
906	594	1
906	595	1
906	596	1
906	598	1
906	599	1
906	601	1
906	602	1
906	603	1
906	604	1
906	605	1
906	606	1
906	608	1
906	611	1
906	612	1
906	613	1
906	614	1
906	615	1
906	616	1
906	617	1
906	618	1
906	619	1
906	621	1
906	622	1
906	623	1
907	139	1
907	183	1
907	202	1
907	266	1
907	286	1
907	290	1
907	324	1
907	350	1
907	360	1
907	370	1
907	371	1
907	372	1
907	374	1
907	384	1
907	389	1
907	390	1
907	393	1
907	394	1
907	398	1
907	402	1
907	413	1
907	417	1
907	419	1
907	421	1
907	422	1
907	423	1
907	425	1
907	427	1
907	428	1
907	440	1
907	441	1
907	445	1
907	446	1
907	449	1
907	450	1
907	451	1
907	452	1
907	456	1
907	458	1
907	465	1
907	474	1
907	475	1
907	486	1
907	487	1
907	490	1
907	491	1
907	493	1
907	494	1
907	500	1
907	503	1
907	505	1
907	509	1
907	510	1
907	511	1
907	512	1
907	516	1
907	520	1
907	522	1
907	525	1
907	526	1
907	530	1
907	531	1
907	534	1
907	535	1
907	537	1
907	538	1
907	539	1
907	540	1
907	541	1
907	545	1
907	547	1
907	548	1
907	549	1
907	551	1
907	552	1
907	555	1
907	557	1
907	559	1
907	560	1
907	562	1
907	564	1
907	567	1
907	568	1
907	569	1
907	570	1
907	571	1
907	572	1
907	573	1
907	574	1
907	577	1
907	578	1
907	579	1
907	580	1
907	581	1
907	583	1
907	586	1
907	587	1
907	588	1
907	590	1
907	591	1
907	592	1
907	594	1
907	595	1
907	596	1
907	597	1
907	599	1
907	601	1
907	603	1
907	604	1
907	605	1
907	606	1
907	607	1
907	608	1
907	609	1
907	610	1
907	612	1
907	613	1
907	614	1
907	616	1
907	617	1
907	619	1
907	621	1
907	622	1
907	623	1
908	125	1
908	201	1
908	276	1
908	278	1
908	282	1
908	284	1
908	296	1
908	322	1
908	332	1
908	372	1
908	386	1
908	387	1
908	389	1
908	401	1
908	409	1
908	411	1
908	424	1
908	430	1
908	433	1
908	435	1
908	436	1
908	439	1
908	440	1
908	441	1
908	445	1
908	446	1
908	447	1
908	462	1
908	463	1
908	465	1
908	466	1
908	469	1
908	470	1
908	472	1
908	481	1
908	485	1
908	490	1
908	491	1
908	498	1
908	499	1
908	500	1
908	501	1
908	502	1
908	503	1
908	504	1
908	505	1
908	506	1
908	507	1
908	509	1
908	511	1
908	513	1
908	517	1
908	520	1
908	523	1
908	524	1
908	526	1
908	528	1
908	530	1
908	533	1
908	535	1
908	536	1
908	537	1
908	538	1
908	540	1
908	542	1
908	543	1
908	544	1
908	545	1
908	546	1
908	547	1
908	548	1
908	550	1
908	551	1
908	552	1
908	553	1
908	554	1
908	555	1
908	557	1
908	558	1
908	560	1
908	561	1
908	562	1
908	563	1
908	570	1
908	574	1
908	575	1
908	576	1
908	577	1
908	578	1
908	579	1
908	580	1
908	581	1
908	582	1
908	583	1
908	584	1
908	585	1
908	586	1
908	587	1
908	588	1
908	590	1
908	592	1
908	593	1
908	594	1
908	597	1
908	598	1
908	599	1
908	600	1
908	601	1
908	602	1
908	603	1
908	604	1
908	606	1
908	607	1
908	609	1
908	610	1
908	611	1
908	612	1
908	613	1
908	614	1
908	616	1
908	618	1
908	619	1
908	620	1
908	621	1
908	623	1
909	127	1
909	223	1
909	241	1
909	245	1
909	270	1
909	273	1
909	299	1
909	324	1
909	367	1
909	370	1
909	385	1
909	394	1
909	397	1
909	404	1
909	410	1
909	412	1
909	421	1
909	432	1
909	437	1
909	438	1
909	440	1
909	441	1
909	444	1
909	446	1
909	447	1
909	454	1
909	459	1
909	462	1
909	463	1
909	467	1
909	469	1
909	471	1
909	472	1
909	474	1
909	479	1
909	483	1
909	487	1
909	493	1
909	494	1
909	497	1
909	502	1
909	503	1
909	504	1
909	507	1
909	509	1
909	510	1
909	512	1
909	514	1
909	518	1
909	519	1
909	520	1
909	522	1
909	523	1
909	525	1
909	527	1
909	528	1
909	533	1
909	534	1
909	539	1
909	540	1
909	541	1
909	544	1
909	545	1
909	546	1
909	547	1
909	550	1
909	551	1
909	552	1
909	555	1
909	557	1
909	558	1
909	559	1
909	560	1
909	562	1
909	563	1
909	566	1
909	568	1
909	569	1
909	570	1
909	571	1
909	572	1
909	573	1
909	574	1
909	576	1
909	577	1
909	579	1
909	580	1
909	581	1
909	582	1
909	583	1
909	586	1
909	587	1
909	590	1
909	591	1
909	592	1
909	593	1
909	594	1
909	595	1
909	596	1
909	597	1
909	598	1
909	599	1
909	600	1
909	601	1
909	602	1
909	603	1
909	605	1
909	606	1
909	607	1
909	608	1
909	609	1
909	610	1
909	611	1
909	612	1
909	613	1
909	614	1
909	615	1
909	616	1
909	617	1
909	618	1
909	619	1
909	620	1
909	621	1
909	622	1
909	623	1
910	33	1
910	127	1
910	130	1
910	151	1
910	246	1
910	311	1
910	313	1
910	348	1
910	360	1
910	369	1
910	377	1
910	378	1
910	385	1
910	402	1
910	407	1
910	410	1
910	417	1
910	423	1
910	428	1
910	432	1
910	434	1
910	438	1
910	445	1
910	449	1
910	450	1
910	451	1
910	452	1
910	453	1
910	460	1
910	463	1
910	465	1
910	468	1
910	469	1
910	472	1
910	474	1
910	475	1
910	478	1
910	483	1
910	485	1
910	488	1
910	489	1
910	494	1
910	497	1
910	498	1
910	499	1
910	502	1
910	504	1
910	507	1
910	508	1
910	509	1
910	511	1
910	512	1
910	513	1
910	514	1
910	515	1
910	519	1
910	520	1
910	522	1
910	524	1
910	525	1
910	526	1
910	530	1
910	531	1
910	533	1
910	534	1
910	536	1
910	539	1
910	540	1
910	541	1
910	542	1
910	545	1
910	546	1
910	548	1
910	550	1
910	552	1
910	554	1
910	555	1
910	557	1
910	558	1
910	559	1
910	563	1
910	564	1
910	568	1
910	569	1
910	570	1
910	571	1
910	573	1
910	576	1
910	578	1
910	579	1
910	580	1
910	582	1
910	584	1
910	585	1
910	587	1
910	588	1
910	589	1
910	591	1
910	592	1
910	593	1
910	596	1
910	597	1
910	599	1
910	601	1
910	602	1
910	603	1
910	604	1
910	605	1
910	606	1
910	607	1
910	608	1
910	610	1
910	612	1
910	613	1
910	614	1
910	615	1
910	616	1
910	617	1
910	618	1
910	619	1
910	620	1
910	621	1
910	622	1
910	623	1
911	190	1
911	198	1
911	224	1
911	260	1
911	307	1
911	316	1
911	325	1
911	339	1
911	346	1
911	351	1
911	352	1
911	363	1
911	374	1
911	375	1
911	377	1
911	382	1
911	383	1
911	386	1
911	388	1
911	392	1
911	401	1
911	409	1
911	410	1
911	423	1
911	437	1
911	438	1
911	440	1
911	456	1
911	458	1
911	462	1
911	467	1
911	468	1
911	469	1
911	471	1
911	473	1
911	475	1
911	477	1
911	479	1
911	480	1
911	486	1
911	488	1
911	494	1
911	495	1
911	500	1
911	502	1
911	504	1
911	505	1
911	507	1
911	512	1
911	513	1
911	515	1
911	516	1
911	518	1
911	519	1
911	520	1
911	522	1
911	527	1
911	528	1
911	530	1
911	531	1
911	533	1
911	534	1
911	535	1
911	536	1
911	537	1
911	538	1
911	541	1
911	542	1
911	544	1
911	545	1
911	546	1
911	549	1
911	550	1
911	552	1
911	554	1
911	558	1
911	559	1
911	561	1
911	562	1
911	564	1
911	565	1
911	566	1
911	568	1
911	569	1
911	570	1
911	571	1
911	573	1
911	574	1
911	575	1
911	576	1
911	577	1
911	578	1
911	579	1
911	581	1
911	582	1
911	585	1
911	586	1
911	587	1
911	588	1
911	590	1
911	591	1
911	593	1
911	594	1
911	595	1
911	597	1
911	598	1
911	600	1
911	601	1
911	602	1
911	603	1
911	604	1
911	605	1
911	606	1
911	607	1
911	611	1
911	612	1
911	613	1
911	616	1
911	617	1
911	618	1
911	619	1
911	620	1
911	622	1
911	623	1
912	160	1
912	293	1
912	325	1
912	338	1
912	342	1
912	352	1
912	360	1
912	379	1
912	388	1
912	394	1
912	395	1
912	402	1
912	403	1
912	404	1
912	405	1
912	406	1
912	409	1
912	411	1
912	414	1
912	420	1
912	424	1
912	430	1
912	433	1
912	435	1
912	440	1
912	447	1
912	450	1
912	451	1
912	458	1
912	459	1
912	461	1
912	465	1
912	467	1
912	472	1
912	473	1
912	481	1
912	483	1
912	485	1
912	492	1
912	494	1
912	496	1
912	497	1
912	501	1
912	503	1
912	504	1
912	509	1
912	513	1
912	514	1
912	515	1
912	516	1
912	518	1
912	519	1
912	521	1
912	522	1
912	525	1
912	526	1
912	527	1
912	528	1
912	532	1
912	533	1
912	534	1
912	535	1
912	536	1
912	537	1
912	540	1
912	542	1
912	543	1
912	544	1
912	545	1
912	546	1
912	547	1
912	548	1
912	552	1
912	553	1
912	558	1
912	559	1
912	562	1
912	567	1
912	568	1
912	569	1
912	570	1
912	571	1
912	572	1
912	573	1
912	575	1
912	576	1
912	577	1
912	578	1
912	581	1
912	582	1
912	583	1
912	584	1
912	585	1
912	587	1
912	588	1
912	589	1
912	590	1
912	593	1
912	594	1
912	595	1
912	596	1
912	597	1
912	598	1
912	599	1
912	600	1
912	601	1
912	602	1
912	603	1
912	605	1
912	606	1
912	607	1
912	608	1
912	609	1
912	610	1
912	611	1
912	614	1
912	616	1
912	617	1
912	618	1
912	619	1
912	620	1
912	621	1
912	622	1
912	623	1
913	172	1
913	195	1
913	214	1
913	229	1
913	322	1
913	331	1
913	336	1
913	353	1
913	359	1
913	360	1
913	365	1
913	385	1
913	390	1
913	391	1
913	401	1
913	405	1
913	408	1
913	417	1
913	420	1
913	428	1
913	431	1
913	435	1
913	450	1
913	451	1
913	456	1
913	460	1
913	462	1
913	464	1
913	467	1
913	471	1
913	472	1
913	473	1
913	475	1
913	477	1
913	480	1
913	481	1
913	482	1
913	484	1
913	485	1
913	488	1
913	492	1
913	493	1
913	496	1
913	498	1
913	504	1
913	505	1
913	506	1
913	507	1
913	508	1
913	512	1
913	514	1
913	516	1
913	519	1
913	521	1
913	523	1
913	525	1
913	526	1
913	527	1
913	528	1
913	529	1
913	533	1
913	536	1
913	537	1
913	538	1
913	539	1
913	540	1
913	541	1
913	542	1
913	544	1
913	545	1
913	547	1
913	550	1
913	552	1
913	553	1
913	556	1
913	557	1
913	558	1
913	559	1
913	560	1
913	562	1
913	565	1
913	568	1
913	569	1
913	570	1
913	571	1
913	572	1
913	574	1
913	577	1
913	580	1
913	581	1
913	582	1
913	583	1
913	584	1
913	585	1
913	586	1
913	587	1
913	588	1
913	589	1
913	590	1
913	591	1
913	592	1
913	593	1
913	594	1
913	596	1
913	597	1
913	598	1
913	599	1
913	600	1
913	601	1
913	602	1
913	604	1
913	605	1
913	606	1
913	608	1
913	610	1
913	611	1
913	612	1
913	613	1
913	615	1
913	616	1
913	617	1
913	619	1
913	620	1
913	622	1
913	623	1
914	25	1
914	98	1
914	126	1
914	163	1
914	223	1
914	236	1
914	291	1
914	298	1
914	316	1
914	319	1
914	323	1
914	332	1
914	334	1
914	347	1
914	354	1
914	358	1
914	381	1
914	399	1
914	414	1
914	418	1
914	428	1
914	429	1
914	431	1
914	432	1
914	434	1
914	439	1
914	441	1
914	444	1
914	449	1
914	450	1
914	452	1
914	457	1
914	458	1
914	463	1
914	473	1
914	474	1
914	475	1
914	476	1
914	477	1
914	485	1
914	487	1
914	489	1
914	498	1
914	503	1
914	505	1
914	508	1
914	513	1
914	515	1
914	517	1
914	518	1
914	524	1
914	527	1
914	528	1
914	532	1
914	533	1
914	534	1
914	535	1
914	537	1
914	538	1
914	539	1
914	540	1
914	542	1
914	544	1
914	545	1
914	548	1
914	549	1
914	550	1
914	551	1
914	552	1
914	558	1
914	559	1
914	562	1
914	563	1
914	565	1
914	566	1
914	568	1
914	569	1
914	570	1
914	572	1
914	573	1
914	574	1
914	575	1
914	576	1
914	577	1
914	578	1
914	580	1
914	581	1
914	582	1
914	583	1
914	584	1
914	586	1
914	587	1
914	588	1
914	589	1
914	590	1
914	592	1
914	593	1
914	594	1
914	595	1
914	597	1
914	598	1
914	599	1
914	600	1
914	601	1
914	602	1
914	603	1
914	604	1
914	605	1
914	606	1
914	607	1
914	608	1
914	610	1
914	611	1
914	612	1
914	613	1
914	614	1
914	615	1
914	616	1
914	617	1
914	618	1
914	619	1
914	620	1
914	621	1
914	622	1
914	623	1
915	19	1
915	50	1
915	91	1
915	121	1
915	168	1
915	198	1
915	203	1
915	204	1
915	205	1
915	266	1
915	305	1
915	343	1
915	351	1
915	352	1
915	362	1
915	365	1
915	378	1
915	382	1
915	389	1
915	393	1
915	394	1
915	401	1
915	407	1
915	412	1
915	430	1
915	433	1
915	435	1
915	442	1
915	444	1
915	448	1
915	453	1
915	457	1
915	458	1
915	464	1
915	469	1
915	471	1
915	476	1
915	477	1
915	479	1
915	483	1
915	486	1
915	489	1
915	492	1
915	493	1
915	497	1
915	498	1
915	499	1
915	500	1
915	506	1
915	507	1
915	510	1
915	512	1
915	514	1
915	517	1
915	519	1
915	520	1
915	521	1
915	523	1
915	526	1
915	528	1
915	529	1
915	530	1
915	537	1
915	538	1
915	541	1
915	542	1
915	544	1
915	546	1
915	547	1
915	549	1
915	550	1
915	551	1
915	552	1
915	553	1
915	554	1
915	555	1
915	557	1
915	559	1
915	562	1
915	563	1
915	566	1
915	567	1
915	568	1
915	571	1
915	572	1
915	573	1
915	574	1
915	575	1
915	577	1
915	578	1
915	579	1
915	581	1
915	583	1
915	585	1
915	586	1
915	587	1
915	588	1
915	589	1
915	590	1
915	591	1
915	595	1
915	597	1
915	598	1
915	599	1
915	600	1
915	601	1
915	603	1
915	604	1
915	605	1
915	606	1
915	607	1
915	608	1
915	609	1
915	611	1
915	613	1
915	614	1
915	615	1
915	616	1
915	617	1
915	618	1
915	619	1
915	620	1
915	621	1
915	622	1
915	623	1
916	191	1
916	212	1
916	254	1
916	265	1
916	277	1
916	309	1
916	330	1
916	357	1
916	359	1
916	361	1
916	371	1
916	383	1
916	401	1
916	403	1
916	407	1
916	410	1
916	415	1
916	417	1
916	421	1
916	422	1
916	426	1
916	430	1
916	432	1
916	437	1
916	440	1
916	442	1
916	448	1
916	449	1
916	450	1
916	454	1
916	455	1
916	456	1
916	457	1
916	460	1
916	465	1
916	467	1
916	468	1
916	472	1
916	474	1
916	478	1
916	479	1
916	481	1
916	485	1
916	487	1
916	488	1
916	491	1
916	493	1
916	494	1
916	496	1
916	497	1
916	500	1
916	503	1
916	504	1
916	505	1
916	506	1
916	507	1
916	508	1
916	509	1
916	517	1
916	518	1
916	522	1
916	523	1
916	524	1
916	528	1
916	529	1
916	531	1
916	532	1
916	533	1
916	536	1
916	538	1
916	540	1
916	541	1
916	543	1
916	548	1
916	549	1
916	550	1
916	551	1
916	553	1
916	555	1
916	557	1
916	559	1
916	560	1
916	561	1
916	564	1
916	565	1
916	566	1
916	568	1
916	569	1
916	570	1
916	571	1
916	575	1
916	576	1
916	577	1
916	580	1
916	581	1
916	582	1
916	584	1
916	587	1
916	588	1
916	590	1
916	592	1
916	593	1
916	596	1
916	598	1
916	599	1
916	601	1
916	602	1
916	604	1
916	605	1
916	606	1
916	607	1
916	611	1
916	612	1
916	613	1
916	614	1
916	615	1
916	616	1
916	617	1
916	618	1
916	619	1
916	620	1
916	621	1
916	622	1
916	623	1
917	29	1
917	31	1
917	159	1
917	194	1
917	212	1
917	227	1
917	279	1
917	294	1
917	322	1
917	334	1
917	340	1
917	349	1
917	360	1
917	361	1
917	368	1
917	381	1
917	395	1
917	401	1
917	409	1
917	421	1
917	422	1
917	425	1
917	427	1
917	429	1
917	430	1
917	434	1
917	441	1
917	443	1
917	446	1
917	454	1
917	456	1
917	458	1
917	459	1
917	460	1
917	466	1
917	471	1
917	475	1
917	479	1
917	481	1
917	484	1
917	486	1
917	487	1
917	488	1
917	494	1
917	500	1
917	501	1
917	502	1
917	503	1
917	504	1
917	507	1
917	508	1
917	510	1
917	513	1
917	515	1
917	518	1
917	519	1
917	521	1
917	523	1
917	524	1
917	526	1
917	527	1
917	528	1
917	530	1
917	532	1
917	533	1
917	537	1
917	544	1
917	545	1
917	546	1
917	547	1
917	548	1
917	549	1
917	551	1
917	554	1
917	555	1
917	556	1
917	558	1
917	561	1
917	563	1
917	564	1
917	566	1
917	567	1
917	568	1
917	569	1
917	572	1
917	573	1
917	576	1
917	577	1
917	578	1
917	579	1
917	580	1
917	581	1
917	582	1
917	583	1
917	584	1
917	585	1
917	586	1
917	587	1
917	588	1
917	589	1
917	590	1
917	591	1
917	592	1
917	593	1
917	598	1
917	599	1
917	600	1
917	601	1
917	602	1
917	603	1
917	604	1
917	606	1
917	607	1
917	608	1
917	610	1
917	611	1
917	612	1
917	614	1
917	615	1
917	616	1
917	617	1
917	619	1
917	621	1
917	622	1
917	623	1
918	71	1
918	91	1
918	186	1
918	265	1
918	274	1
918	288	1
918	321	1
918	328	1
918	333	1
918	338	1
918	342	1
918	355	1
918	382	1
918	390	1
918	391	1
918	400	1
918	408	1
918	410	1
918	414	1
918	416	1
918	423	1
918	427	1
918	432	1
918	433	1
918	434	1
918	437	1
918	441	1
918	442	1
918	449	1
918	450	1
918	452	1
918	458	1
918	461	1
918	464	1
918	469	1
918	470	1
918	477	1
918	478	1
918	485	1
918	487	1
918	489	1
918	490	1
918	491	1
918	497	1
918	498	1
918	501	1
918	504	1
918	505	1
918	506	1
918	507	1
918	508	1
918	511	1
918	514	1
918	518	1
918	520	1
918	521	1
918	523	1
918	528	1
918	529	1
918	533	1
918	534	1
918	535	1
918	536	1
918	539	1
918	541	1
918	542	1
918	544	1
918	546	1
918	548	1
918	550	1
918	551	1
918	552	1
918	554	1
918	555	1
918	558	1
918	559	1
918	560	1
918	563	1
918	564	1
918	565	1
918	567	1
918	568	1
918	570	1
918	571	1
918	572	1
918	573	1
918	574	1
918	575	1
918	576	1
918	577	1
918	578	1
918	580	1
918	582	1
918	583	1
918	586	1
918	587	1
918	588	1
918	590	1
918	591	1
918	593	1
918	594	1
918	595	1
918	597	1
918	598	1
918	599	1
918	600	1
918	601	1
918	602	1
918	603	1
918	604	1
918	605	1
918	606	1
918	609	1
918	611	1
918	612	1
918	614	1
918	615	1
918	616	1
918	617	1
918	618	1
918	619	1
918	620	1
918	621	1
918	622	1
918	623	1
919	107	1
919	260	1
919	311	1
919	331	1
919	338	1
919	346	1
919	347	1
919	360	1
919	375	1
919	379	1
919	395	1
919	399	1
919	402	1
919	406	1
919	416	1
919	419	1
919	423	1
919	425	1
919	427	1
919	433	1
919	439	1
919	447	1
919	452	1
919	462	1
919	463	1
919	468	1
919	471	1
919	472	1
919	473	1
919	479	1
919	482	1
919	486	1
919	490	1
919	495	1
919	498	1
919	500	1
919	501	1
919	502	1
919	503	1
919	505	1
919	507	1
919	508	1
919	511	1
919	512	1
919	513	1
919	514	1
919	518	1
919	519	1
919	523	1
919	524	1
919	529	1
919	530	1
919	531	1
919	532	1
919	533	1
919	534	1
919	537	1
919	539	1
919	540	1
919	541	1
919	544	1
919	545	1
919	547	1
919	549	1
919	551	1
919	552	1
919	554	1
919	555	1
919	556	1
919	559	1
919	560	1
919	561	1
919	562	1
919	565	1
919	566	1
919	568	1
919	570	1
919	571	1
919	573	1
919	574	1
919	575	1
919	576	1
919	577	1
919	579	1
919	580	1
919	581	1
919	582	1
919	583	1
919	584	1
919	585	1
919	586	1
919	587	1
919	588	1
919	589	1
919	590	1
919	591	1
919	592	1
919	593	1
919	594	1
919	595	1
919	597	1
919	598	1
919	599	1
919	600	1
919	601	1
919	602	1
919	603	1
919	604	1
919	605	1
919	606	1
919	609	1
919	610	1
919	611	1
919	612	1
919	613	1
919	614	1
919	615	1
919	616	1
919	617	1
919	618	1
919	619	1
919	620	1
919	621	1
919	622	1
919	623	1
920	153	1
920	173	1
920	218	1
920	254	1
920	266	1
920	288	1
920	298	1
920	326	1
920	341	1
920	343	1
920	344	1
920	352	1
920	353	1
920	360	1
920	367	1
920	368	1
920	372	1
920	379	1
920	387	1
920	395	1
920	398	1
920	404	1
920	406	1
920	413	1
920	421	1
920	424	1
920	427	1
920	436	1
920	439	1
920	454	1
920	456	1
920	469	1
920	475	1
920	480	1
920	484	1
920	487	1
920	488	1
920	489	1
920	490	1
920	494	1
920	496	1
920	500	1
920	501	1
920	503	1
920	505	1
920	507	1
920	508	1
920	511	1
920	512	1
920	513	1
920	514	1
920	515	1
920	516	1
920	520	1
920	522	1
920	531	1
920	532	1
920	533	1
920	534	1
920	538	1
920	539	1
920	540	1
920	543	1
920	544	1
920	547	1
920	548	1
920	550	1
920	551	1
920	552	1
920	554	1
920	555	1
920	558	1
920	559	1
920	560	1
920	562	1
920	564	1
920	566	1
920	567	1
920	570	1
920	572	1
920	574	1
920	575	1
920	576	1
920	578	1
920	580	1
920	581	1
920	583	1
920	584	1
920	585	1
920	586	1
920	587	1
920	588	1
920	589	1
920	590	1
920	591	1
920	592	1
920	593	1
920	594	1
920	595	1
920	596	1
920	597	1
920	598	1
920	599	1
920	600	1
920	601	1
920	602	1
920	603	1
920	604	1
920	605	1
920	606	1
920	607	1
920	608	1
920	609	1
920	611	1
920	612	1
920	613	1
920	614	1
920	615	1
920	616	1
920	617	1
920	618	1
920	620	1
920	621	1
920	622	1
920	623	1
921	35	1
921	50	1
921	54	1
921	168	1
921	245	1
921	256	1
921	294	1
921	297	1
921	311	1
921	315	1
921	323	1
921	338	1
921	344	1
921	361	1
921	371	1
921	380	1
921	396	1
921	403	1
921	405	1
921	406	1
921	407	1
921	412	1
921	415	1
921	416	1
921	419	1
921	421	1
921	429	1
921	430	1
921	431	1
921	437	1
921	443	1
921	444	1
921	445	1
921	450	1
921	454	1
921	460	1
921	465	1
921	466	1
921	472	1
921	474	1
921	477	1
921	485	1
921	487	1
921	488	1
921	490	1
921	491	1
921	494	1
921	496	1
921	501	1
921	502	1
921	503	1
921	505	1
921	507	1
921	513	1
921	514	1
921	521	1
921	523	1
921	524	1
921	528	1
921	529	1
921	531	1
921	533	1
921	534	1
921	536	1
921	537	1
921	538	1
921	539	1
921	540	1
921	542	1
921	545	1
921	546	1
921	547	1
921	548	1
921	549	1
921	551	1
921	552	1
921	553	1
921	555	1
921	561	1
921	563	1
921	564	1
921	565	1
921	566	1
921	567	1
921	568	1
921	570	1
921	571	1
921	572	1
921	575	1
921	576	1
921	577	1
921	578	1
921	580	1
921	581	1
921	583	1
921	586	1
921	587	1
921	588	1
921	589	1
921	591	1
921	592	1
921	593	1
921	595	1
921	596	1
921	597	1
921	598	1
921	600	1
921	601	1
921	602	1
921	603	1
921	604	1
921	605	1
921	606	1
921	607	1
921	610	1
921	612	1
921	613	1
921	614	1
921	615	1
921	616	1
921	617	1
921	618	1
921	619	1
921	621	1
921	622	1
922	32	1
922	66	1
922	159	1
922	218	1
922	262	1
922	286	1
922	306	1
922	310	1
922	330	1
922	333	1
922	337	1
922	344	1
922	345	1
922	347	1
922	348	1
922	354	1
922	357	1
922	363	1
922	374	1
922	380	1
922	392	1
922	399	1
922	400	1
922	408	1
922	411	1
922	420	1
922	422	1
922	423	1
922	424	1
922	433	1
922	434	1
922	442	1
922	445	1
922	446	1
922	448	1
922	449	1
922	450	1
922	452	1
922	454	1
922	456	1
922	464	1
922	465	1
922	470	1
922	473	1
922	479	1
922	480	1
922	484	1
922	488	1
922	489	1
922	495	1
922	496	1
922	499	1
922	504	1
922	505	1
922	507	1
922	510	1
922	512	1
922	513	1
922	515	1
922	516	1
922	517	1
922	520	1
922	525	1
922	527	1
922	529	1
922	530	1
922	532	1
922	533	1
922	534	1
922	543	1
922	544	1
922	545	1
922	546	1
922	550	1
922	551	1
922	552	1
922	553	1
922	554	1
922	555	1
922	556	1
922	557	1
922	560	1
922	561	1
922	563	1
922	564	1
922	565	1
922	566	1
922	567	1
922	568	1
922	573	1
922	576	1
922	578	1
922	582	1
922	583	1
922	584	1
922	586	1
922	587	1
922	589	1
922	590	1
922	592	1
922	593	1
922	596	1
922	597	1
922	598	1
922	600	1
922	602	1
922	603	1
922	604	1
922	605	1
922	606	1
922	607	1
922	608	1
922	609	1
922	610	1
922	611	1
922	612	1
922	614	1
922	615	1
922	616	1
922	619	1
922	620	1
922	621	1
922	622	1
922	623	1
923	216	1
923	233	1
923	283	1
923	300	1
923	320	1
923	362	1
923	364	1
923	365	1
923	370	1
923	376	1
923	381	1
923	382	1
923	389	1
923	392	1
923	395	1
923	399	1
923	403	1
923	405	1
923	407	1
923	412	1
923	413	1
923	416	1
923	417	1
923	418	1
923	421	1
923	424	1
923	426	1
923	429	1
923	434	1
923	439	1
923	444	1
923	445	1
923	448	1
923	453	1
923	458	1
923	460	1
923	461	1
923	473	1
923	478	1
923	479	1
923	482	1
923	485	1
923	486	1
923	489	1
923	490	1
923	494	1
923	497	1
923	502	1
923	505	1
923	506	1
923	507	1
923	508	1
923	510	1
923	511	1
923	512	1
923	517	1
923	518	1
923	519	1
923	520	1
923	521	1
923	523	1
923	524	1
923	526	1
923	528	1
923	529	1
923	531	1
923	535	1
923	536	1
923	537	1
923	540	1
923	543	1
923	545	1
923	546	1
923	547	1
923	550	1
923	551	1
923	552	1
923	553	1
923	556	1
923	557	1
923	558	1
923	559	1
923	560	1
923	561	1
923	562	1
923	563	1
923	564	1
923	567	1
923	569	1
923	570	1
923	573	1
923	574	1
923	575	1
923	577	1
923	578	1
923	579	1
923	580	1
923	581	1
923	582	1
923	583	1
923	585	1
923	587	1
923	589	1
923	590	1
923	591	1
923	592	1
923	593	1
923	596	1
923	597	1
923	598	1
923	600	1
923	601	1
923	603	1
923	604	1
923	605	1
923	606	1
923	608	1
923	611	1
923	612	1
923	614	1
923	615	1
923	617	1
923	618	1
923	621	1
924	21	1
924	93	1
924	240	1
924	285	1
924	294	1
924	319	1
924	331	1
924	332	1
924	333	1
924	335	1
924	343	1
924	350	1
924	354	1
924	363	1
924	366	1
924	372	1
924	374	1
924	376	1
924	377	1
924	379	1
924	393	1
924	397	1
924	402	1
924	409	1
924	414	1
924	417	1
924	418	1
924	425	1
924	427	1
924	430	1
924	432	1
924	436	1
924	437	1
924	438	1
924	441	1
924	443	1
924	445	1
924	447	1
924	452	1
924	453	1
924	454	1
924	458	1
924	463	1
924	468	1
924	472	1
924	475	1
924	479	1
924	481	1
924	484	1
924	487	1
924	488	1
924	491	1
924	492	1
924	494	1
924	496	1
924	498	1
924	499	1
924	500	1
924	501	1
924	504	1
924	507	1
924	509	1
924	512	1
924	515	1
924	516	1
924	517	1
924	518	1
924	520	1
924	521	1
924	522	1
924	523	1
924	525	1
924	526	1
924	527	1
924	528	1
924	530	1
924	533	1
924	535	1
924	538	1
924	543	1
924	546	1
924	547	1
924	554	1
924	555	1
924	556	1
924	558	1
924	559	1
924	567	1
924	568	1
924	569	1
924	570	1
924	571	1
924	573	1
924	574	1
924	577	1
924	581	1
924	582	1
924	587	1
924	588	1
924	589	1
924	592	1
924	593	1
924	594	1
924	597	1
924	598	1
924	599	1
924	600	1
924	603	1
924	605	1
924	607	1
924	608	1
924	609	1
924	610	1
924	612	1
924	613	1
924	614	1
924	615	1
924	616	1
924	617	1
924	618	1
924	619	1
924	620	1
924	621	1
924	622	1
925	150	1
925	215	1
925	230	1
925	332	1
925	346	1
925	362	1
925	364	1
925	370	1
925	372	1
925	374	1
925	375	1
925	377	1
925	380	1
925	382	1
925	387	1
925	390	1
925	399	1
925	400	1
925	401	1
925	402	1
925	410	1
925	416	1
925	429	1
925	433	1
925	438	1
925	452	1
925	454	1
925	455	1
925	460	1
925	461	1
925	463	1
925	465	1
925	470	1
925	471	1
925	474	1
925	475	1
925	477	1
925	478	1
925	479	1
925	484	1
925	486	1
925	487	1
925	488	1
925	490	1
925	492	1
925	494	1
925	496	1
925	498	1
925	499	1
925	501	1
925	504	1
925	512	1
925	513	1
925	515	1
925	526	1
925	527	1
925	529	1
925	531	1
925	533	1
925	534	1
925	535	1
925	536	1
925	537	1
925	539	1
925	540	1
925	541	1
925	542	1
925	544	1
925	545	1
925	547	1
925	548	1
925	549	1
925	551	1
925	552	1
925	553	1
925	554	1
925	555	1
925	556	1
925	557	1
925	558	1
925	561	1
925	562	1
925	566	1
925	569	1
925	570	1
925	574	1
925	576	1
925	577	1
925	578	1
925	579	1
925	580	1
925	583	1
925	584	1
925	585	1
925	586	1
925	587	1
925	588	1
925	589	1
925	590	1
925	591	1
925	592	1
925	594	1
925	595	1
925	596	1
925	597	1
925	601	1
925	602	1
925	603	1
925	604	1
925	605	1
925	607	1
925	608	1
925	609	1
925	610	1
925	612	1
925	613	1
925	614	1
925	615	1
925	616	1
925	617	1
925	618	1
925	620	1
925	621	1
925	622	1
926	14	1
926	36	1
926	186	1
926	239	1
926	271	1
926	299	1
926	304	1
926	326	1
926	327	1
926	341	1
926	342	1
926	348	1
926	355	1
926	364	1
926	373	1
926	399	1
926	401	1
926	402	1
926	405	1
926	409	1
926	410	1
926	411	1
926	418	1
926	421	1
926	427	1
926	428	1
926	431	1
926	432	1
926	442	1
926	443	1
926	444	1
926	453	1
926	458	1
926	464	1
926	466	1
926	470	1
926	471	1
926	474	1
926	476	1
926	477	1
926	478	1
926	483	1
926	486	1
926	487	1
926	492	1
926	494	1
926	495	1
926	496	1
926	497	1
926	498	1
926	501	1
926	504	1
926	506	1
926	509	1
926	513	1
926	516	1
926	518	1
926	520	1
926	521	1
926	522	1
926	523	1
926	524	1
926	527	1
926	530	1
926	532	1
926	536	1
926	542	1
926	545	1
926	547	1
926	549	1
926	550	1
926	551	1
926	553	1
926	555	1
926	556	1
926	557	1
926	558	1
926	559	1
926	560	1
926	563	1
926	565	1
926	568	1
926	570	1
926	571	1
926	573	1
926	577	1
926	579	1
926	580	1
926	581	1
926	582	1
926	583	1
926	586	1
926	587	1
926	588	1
926	589	1
926	590	1
926	592	1
926	594	1
926	595	1
926	596	1
926	597	1
926	598	1
926	599	1
926	600	1
926	601	1
926	602	1
926	604	1
926	605	1
926	606	1
926	607	1
926	608	1
926	609	1
926	610	1
926	611	1
926	612	1
926	613	1
926	614	1
926	615	1
926	616	1
926	618	1
926	619	1
926	620	1
926	621	1
926	622	1
926	623	1
927	83	1
927	184	1
927	197	1
927	262	1
927	281	1
927	296	1
927	323	1
927	339	1
927	347	1
927	351	1
927	361	1
927	364	1
927	367	1
927	375	1
927	378	1
927	383	1
927	391	1
927	396	1
927	400	1
927	415	1
927	420	1
927	422	1
927	432	1
927	433	1
927	436	1
927	441	1
927	443	1
927	449	1
927	451	1
927	453	1
927	456	1
927	462	1
927	466	1
927	467	1
927	468	1
927	470	1
927	472	1
927	486	1
927	488	1
927	489	1
927	490	1
927	491	1
927	493	1
927	496	1
927	497	1
927	498	1
927	499	1
927	502	1
927	506	1
927	507	1
927	509	1
927	510	1
927	511	1
927	512	1
927	514	1
927	516	1
927	518	1
927	519	1
927	520	1
927	524	1
927	526	1
927	529	1
927	533	1
927	535	1
927	536	1
927	537	1
927	539	1
927	541	1
927	542	1
927	543	1
927	544	1
927	545	1
927	547	1
927	548	1
927	549	1
927	551	1
927	553	1
927	556	1
927	557	1
927	559	1
927	561	1
927	562	1
927	563	1
927	564	1
927	567	1
927	568	1
927	569	1
927	570	1
927	571	1
927	574	1
927	577	1
927	578	1
927	579	1
927	580	1
927	583	1
927	584	1
927	587	1
927	589	1
927	591	1
927	592	1
927	593	1
927	594	1
927	596	1
927	599	1
927	600	1
927	601	1
927	602	1
927	604	1
927	605	1
927	606	1
927	607	1
927	608	1
927	609	1
927	610	1
927	611	1
927	612	1
927	613	1
927	615	1
927	618	1
927	619	1
927	620	1
927	621	1
927	622	1
927	623	1
928	124	1
928	283	1
928	310	1
928	340	1
928	352	1
928	357	1
928	368	1
928	377	1
928	380	1
928	383	1
928	387	1
928	389	1
928	391	1
928	395	1
928	397	1
928	403	1
928	405	1
928	414	1
928	417	1
928	423	1
928	424	1
928	425	1
928	440	1
928	444	1
928	445	1
928	447	1
928	455	1
928	458	1
928	464	1
928	465	1
928	468	1
928	469	1
928	470	1
928	472	1
928	474	1
928	477	1
928	479	1
928	480	1
928	481	1
928	482	1
928	483	1
928	484	1
928	487	1
928	488	1
928	491	1
928	492	1
928	499	1
928	503	1
928	504	1
928	510	1
928	511	1
928	512	1
928	515	1
928	518	1
928	520	1
928	521	1
928	522	1
928	524	1
928	525	1
928	526	1
928	527	1
928	528	1
928	529	1
928	531	1
928	535	1
928	540	1
928	543	1
928	545	1
928	546	1
928	547	1
928	549	1
928	551	1
928	552	1
928	553	1
928	556	1
928	557	1
928	558	1
928	559	1
928	561	1
928	562	1
928	566	1
928	567	1
928	569	1
928	570	1
928	572	1
928	573	1
928	574	1
928	575	1
928	577	1
928	578	1
928	579	1
928	580	1
928	581	1
928	582	1
928	583	1
928	585	1
928	586	1
928	587	1
928	589	1
928	590	1
928	591	1
928	592	1
928	593	1
928	594	1
928	595	1
928	596	1
928	598	1
928	599	1
928	602	1
928	604	1
928	605	1
928	607	1
928	609	1
928	610	1
928	611	1
928	612	1
928	613	1
928	614	1
928	615	1
928	616	1
928	617	1
928	619	1
928	621	1
928	622	1
928	623	1
929	232	1
929	243	1
929	249	1
929	284	1
929	286	1
929	305	1
929	331	1
929	337	1
929	339	1
929	344	1
929	359	1
929	388	1
929	390	1
929	396	1
929	405	1
929	408	1
929	413	1
929	416	1
929	417	1
929	426	1
929	427	1
929	430	1
929	433	1
929	441	1
929	443	1
929	450	1
929	452	1
929	456	1
929	459	1
929	461	1
929	462	1
929	465	1
929	466	1
929	467	1
929	469	1
929	472	1
929	477	1
929	478	1
929	479	1
929	480	1
929	481	1
929	483	1
929	484	1
929	487	1
929	488	1
929	489	1
929	491	1
929	492	1
929	494	1
929	497	1
929	498	1
929	500	1
929	501	1
929	503	1
929	506	1
929	508	1
929	511	1
929	512	1
929	513	1
929	518	1
929	519	1
929	521	1
929	524	1
929	528	1
929	529	1
929	533	1
929	534	1
929	536	1
929	537	1
929	538	1
929	539	1
929	542	1
929	544	1
929	546	1
929	550	1
929	551	1
929	553	1
929	554	1
929	557	1
929	558	1
929	559	1
929	560	1
929	561	1
929	563	1
929	565	1
929	566	1
929	567	1
929	568	1
929	569	1
929	570	1
929	571	1
929	572	1
929	573	1
929	578	1
929	579	1
929	584	1
929	585	1
929	588	1
929	589	1
929	590	1
929	591	1
929	594	1
929	595	1
929	596	1
929	598	1
929	599	1
929	600	1
929	602	1
929	604	1
929	606	1
929	607	1
929	608	1
929	609	1
929	610	1
929	611	1
929	613	1
929	614	1
929	615	1
929	616	1
929	617	1
929	619	1
929	620	1
929	621	1
929	622	1
929	623	1
930	12	1
930	120	1
930	161	1
930	189	1
930	224	1
930	230	1
930	313	1
930	352	1
930	354	1
930	362	1
930	379	1
930	387	1
930	395	1
930	397	1
930	406	1
930	408	1
930	415	1
930	417	1
930	426	1
930	428	1
930	430	1
930	432	1
930	437	1
930	438	1
930	439	1
930	440	1
930	444	1
930	445	1
930	447	1
930	461	1
930	464	1
930	465	1
930	469	1
930	471	1
930	472	1
930	473	1
930	477	1
930	479	1
930	480	1
930	483	1
930	486	1
930	488	1
930	492	1
930	495	1
930	498	1
930	505	1
930	509	1
930	514	1
930	515	1
930	516	1
930	518	1
930	520	1
930	523	1
930	525	1
930	527	1
930	528	1
930	529	1
930	530	1
930	531	1
930	532	1
930	533	1
930	534	1
930	536	1
930	538	1
930	539	1
930	540	1
930	541	1
930	542	1
930	544	1
930	545	1
930	550	1
930	553	1
930	554	1
930	556	1
930	559	1
930	560	1
930	561	1
930	562	1
930	563	1
930	564	1
930	565	1
930	567	1
930	569	1
930	570	1
930	572	1
930	573	1
930	574	1
930	575	1
930	576	1
930	579	1
930	581	1
930	584	1
930	585	1
930	586	1
930	587	1
930	589	1
930	591	1
930	592	1
930	593	1
930	594	1
930	595	1
930	597	1
930	598	1
930	599	1
930	600	1
930	601	1
930	602	1
930	603	1
930	604	1
930	605	1
930	607	1
930	609	1
930	610	1
930	612	1
930	614	1
930	615	1
930	616	1
930	617	1
930	618	1
930	619	1
930	620	1
930	621	1
930	622	1
930	623	1
931	276	1
931	277	1
931	291	1
931	295	1
931	296	1
931	307	1
931	314	1
931	317	1
931	323	1
931	332	1
931	333	1
931	348	1
931	350	1
931	362	1
931	367	1
931	380	1
931	385	1
931	386	1
931	392	1
931	394	1
931	402	1
931	410	1
931	413	1
931	414	1
931	418	1
931	420	1
931	422	1
931	429	1
931	432	1
931	435	1
931	443	1
931	453	1
931	457	1
931	462	1
931	464	1
931	467	1
931	471	1
931	472	1
931	474	1
931	481	1
931	483	1
931	484	1
931	486	1
931	487	1
931	489	1
931	490	1
931	491	1
931	492	1
931	494	1
931	495	1
931	496	1
931	500	1
931	502	1
931	509	1
931	510	1
931	514	1
931	515	1
931	516	1
931	521	1
931	523	1
931	524	1
931	525	1
931	526	1
931	527	1
931	528	1
931	531	1
931	533	1
931	534	1
931	535	1
931	540	1
931	543	1
931	544	1
931	546	1
931	547	1
931	549	1
931	550	1
931	552	1
931	553	1
931	554	1
931	555	1
931	557	1
931	558	1
931	560	1
931	562	1
931	563	1
931	566	1
931	567	1
931	569	1
931	570	1
931	571	1
931	574	1
931	575	1
931	576	1
931	577	1
931	578	1
931	579	1
931	580	1
931	581	1
931	582	1
931	583	1
931	584	1
931	585	1
931	586	1
931	589	1
931	590	1
931	591	1
931	596	1
931	598	1
931	599	1
931	601	1
931	602	1
931	603	1
931	604	1
931	606	1
931	608	1
931	609	1
931	610	1
931	611	1
931	613	1
931	615	1
931	617	1
931	618	1
931	619	1
931	620	1
931	621	1
932	17	1
932	45	1
932	154	1
932	167	1
932	198	1
932	300	1
932	307	1
932	309	1
932	321	1
932	339	1
932	377	1
932	381	1
932	384	1
932	387	1
932	389	1
932	390	1
932	392	1
932	394	1
932	402	1
932	418	1
932	419	1
932	429	1
932	430	1
932	432	1
932	437	1
932	443	1
932	447	1
932	449	1
932	451	1
932	454	1
932	456	1
932	460	1
932	462	1
932	464	1
932	466	1
932	467	1
932	469	1
932	471	1
932	472	1
932	476	1
932	477	1
932	479	1
932	480	1
932	481	1
932	485	1
932	486	1
932	487	1
932	489	1
932	490	1
932	497	1
932	498	1
932	499	1
932	501	1
932	504	1
932	506	1
932	510	1
932	511	1
932	514	1
932	515	1
932	519	1
932	524	1
932	525	1
932	526	1
932	528	1
932	533	1
932	535	1
932	536	1
932	538	1
932	540	1
932	541	1
932	542	1
932	544	1
932	546	1
932	548	1
932	549	1
932	551	1
932	553	1
932	555	1
932	556	1
932	558	1
932	563	1
932	569	1
932	571	1
932	572	1
932	573	1
932	574	1
932	575	1
932	576	1
932	578	1
932	579	1
932	580	1
932	582	1
932	584	1
932	585	1
932	586	1
932	587	1
932	589	1
932	590	1
932	592	1
932	594	1
932	595	1
932	596	1
932	597	1
932	598	1
932	599	1
932	600	1
932	601	1
932	603	1
932	604	1
932	605	1
932	607	1
932	609	1
932	611	1
932	612	1
932	613	1
932	614	1
932	615	1
932	616	1
932	617	1
932	618	1
932	619	1
932	620	1
932	622	1
932	623	1
933	41	1
933	73	1
933	102	1
933	176	1
933	262	1
933	282	1
933	321	1
933	335	1
933	345	1
933	365	1
933	368	1
933	369	1
933	376	1
933	381	1
933	396	1
933	399	1
933	404	1
933	405	1
933	412	1
933	420	1
933	422	1
933	427	1
933	429	1
933	434	1
933	435	1
933	436	1
933	440	1
933	441	1
933	444	1
933	451	1
933	458	1
933	459	1
933	461	1
933	467	1
933	468	1
933	471	1
933	476	1
933	477	1
933	482	1
933	483	1
933	486	1
933	491	1
933	493	1
933	494	1
933	496	1
933	501	1
933	502	1
933	504	1
933	508	1
933	510	1
933	511	1
933	513	1
933	514	1
933	516	1
933	517	1
933	518	1
933	522	1
933	523	1
933	524	1
933	526	1
933	527	1
933	529	1
933	530	1
933	531	1
933	532	1
933	533	1
933	535	1
933	536	1
933	538	1
933	540	1
933	541	1
933	543	1
933	548	1
933	550	1
933	551	1
933	552	1
933	555	1
933	556	1
933	557	1
933	558	1
933	559	1
933	561	1
933	562	1
933	563	1
933	565	1
933	566	1
933	569	1
933	570	1
933	572	1
933	573	1
933	574	1
933	575	1
933	578	1
933	579	1
933	582	1
933	583	1
933	584	1
933	586	1
933	591	1
933	593	1
933	595	1
933	596	1
933	597	1
933	600	1
933	601	1
933	602	1
933	603	1
933	604	1
933	605	1
933	606	1
933	607	1
933	608	1
933	609	1
933	610	1
933	611	1
933	612	1
933	613	1
933	615	1
933	616	1
933	617	1
933	618	1
933	619	1
933	621	1
933	622	1
933	623	1
934	12	1
934	135	1
934	154	1
934	171	1
934	210	1
934	336	1
934	343	1
934	346	1
934	349	1
934	365	1
934	370	1
934	382	1
934	396	1
934	406	1
934	409	1
934	411	1
934	416	1
934	420	1
934	426	1
934	429	1
934	430	1
934	433	1
934	435	1
934	436	1
934	445	1
934	446	1
934	448	1
934	449	1
934	456	1
934	457	1
934	460	1
934	467	1
934	474	1
934	476	1
934	478	1
934	479	1
934	481	1
934	485	1
934	486	1
934	489	1
934	490	1
934	491	1
934	494	1
934	495	1
934	496	1
934	497	1
934	498	1
934	500	1
934	501	1
934	507	1
934	513	1
934	514	1
934	515	1
934	519	1
934	520	1
934	521	1
934	524	1
934	525	1
934	526	1
934	527	1
934	529	1
934	530	1
934	531	1
934	533	1
934	534	1
934	535	1
934	540	1
934	541	1
934	542	1
934	546	1
934	547	1
934	548	1
934	550	1
934	552	1
934	553	1
934	554	1
934	555	1
934	558	1
934	559	1
934	560	1
934	561	1
934	563	1
934	564	1
934	565	1
934	568	1
934	570	1
934	572	1
934	573	1
934	574	1
934	575	1
934	576	1
934	577	1
934	578	1
934	579	1
934	580	1
934	581	1
934	582	1
934	583	1
934	584	1
934	585	1
934	586	1
934	589	1
934	591	1
934	594	1
934	597	1
934	598	1
934	599	1
934	600	1
934	601	1
934	604	1
934	605	1
934	607	1
934	608	1
934	609	1
934	610	1
934	611	1
934	612	1
934	613	1
934	616	1
934	617	1
934	619	1
934	620	1
934	621	1
934	622	1
934	623	1
935	118	1
935	130	1
935	142	1
935	189	1
935	212	1
935	273	1
935	289	1
935	291	1
935	323	1
935	325	1
935	338	1
935	340	1
935	347	1
935	350	1
935	353	1
935	362	1
935	379	1
935	382	1
935	391	1
935	394	1
935	398	1
935	399	1
935	403	1
935	405	1
935	408	1
935	411	1
935	412	1
935	414	1
935	422	1
935	423	1
935	425	1
935	426	1
935	429	1
935	439	1
935	440	1
935	444	1
935	447	1
935	451	1
935	456	1
935	457	1
935	462	1
935	464	1
935	465	1
935	468	1
935	474	1
935	482	1
935	485	1
935	491	1
935	495	1
935	497	1
935	499	1
935	500	1
935	502	1
935	505	1
935	506	1
935	508	1
935	511	1
935	512	1
935	513	1
935	517	1
935	519	1
935	522	1
935	527	1
935	533	1
935	534	1
935	539	1
935	541	1
935	543	1
935	548	1
935	549	1
935	550	1
935	551	1
935	553	1
935	554	1
935	555	1
935	556	1
935	558	1
935	561	1
935	562	1
935	563	1
935	564	1
935	565	1
935	566	1
935	568	1
935	569	1
935	571	1
935	573	1
935	575	1
935	577	1
935	579	1
935	580	1
935	581	1
935	582	1
935	583	1
935	584	1
935	586	1
935	587	1
935	588	1
935	589	1
935	592	1
935	593	1
935	594	1
935	595	1
935	596	1
935	600	1
935	602	1
935	603	1
935	604	1
935	605	1
935	606	1
935	607	1
935	608	1
935	609	1
935	611	1
935	612	1
935	613	1
935	614	1
935	615	1
935	616	1
935	617	1
935	619	1
935	620	1
935	621	1
935	622	1
936	109	1
936	118	1
936	158	1
936	255	1
936	270	1
936	297	1
936	309	1
936	323	1
936	334	1
936	337	1
936	348	1
936	362	1
936	364	1
936	369	1
936	379	1
936	384	1
936	387	1
936	391	1
936	392	1
936	394	1
936	399	1
936	403	1
936	406	1
936	410	1
936	411	1
936	426	1
936	427	1
936	430	1
936	431	1
936	437	1
936	438	1
936	449	1
936	456	1
936	465	1
936	468	1
936	469	1
936	472	1
936	475	1
936	476	1
936	479	1
936	484	1
936	489	1
936	490	1
936	492	1
936	498	1
936	499	1
936	501	1
936	502	1
936	504	1
936	509	1
936	510	1
936	511	1
936	512	1
936	513	1
936	516	1
936	517	1
936	521	1
936	524	1
936	527	1
936	528	1
936	529	1
936	530	1
936	532	1
936	534	1
936	535	1
936	538	1
936	542	1
936	543	1
936	544	1
936	545	1
936	550	1
936	552	1
936	554	1
936	555	1
936	557	1
936	558	1
936	559	1
936	560	1
936	561	1
936	562	1
936	563	1
936	564	1
936	565	1
936	566	1
936	567	1
936	568	1
936	569	1
936	570	1
936	571	1
936	572	1
936	573	1
936	574	1
936	575	1
936	576	1
936	581	1
936	582	1
936	586	1
936	587	1
936	588	1
936	589	1
936	590	1
936	591	1
936	592	1
936	593	1
936	594	1
936	595	1
936	596	1
936	597	1
936	600	1
936	601	1
936	602	1
936	603	1
936	604	1
936	606	1
936	609	1
936	611	1
936	612	1
936	613	1
936	615	1
936	617	1
936	619	1
936	620	1
936	621	1
936	622	1
936	623	1
937	69	1
937	147	1
937	227	1
937	268	1
937	307	1
937	315	1
937	326	1
937	329	1
937	349	1
937	355	1
937	360	1
937	365	1
937	375	1
937	382	1
937	390	1
937	400	1
937	403	1
937	409	1
937	411	1
937	416	1
937	421	1
937	424	1
937	425	1
937	431	1
937	433	1
937	435	1
937	445	1
937	452	1
937	453	1
937	455	1
937	456	1
937	457	1
937	458	1
937	459	1
937	460	1
937	461	1
937	462	1
937	463	1
937	465	1
937	469	1
937	470	1
937	473	1
937	475	1
937	476	1
937	478	1
937	482	1
937	485	1
937	489	1
937	491	1
937	492	1
937	500	1
937	503	1
937	506	1
937	507	1
937	508	1
937	512	1
937	513	1
937	514	1
937	516	1
937	518	1
937	521	1
937	524	1
937	526	1
937	530	1
937	531	1
937	532	1
937	536	1
937	538	1
937	539	1
937	540	1
937	541	1
937	542	1
937	548	1
937	549	1
937	550	1
937	552	1
937	553	1
937	555	1
937	556	1
937	557	1
937	558	1
937	560	1
937	562	1
937	563	1
937	566	1
937	567	1
937	568	1
937	571	1
937	572	1
937	574	1
937	576	1
937	578	1
937	581	1
937	582	1
937	583	1
937	584	1
937	585	1
937	586	1
937	587	1
937	588	1
937	589	1
937	590	1
937	591	1
937	593	1
937	594	1
937	596	1
937	597	1
937	598	1
937	599	1
937	601	1
937	602	1
937	604	1
937	605	1
937	607	1
937	608	1
937	610	1
937	611	1
937	612	1
937	613	1
937	615	1
937	616	1
937	618	1
937	620	1
937	621	1
937	623	1
938	46	1
938	60	1
938	89	1
938	91	1
938	134	1
938	139	1
938	180	1
938	213	1
938	250	1
938	302	1
938	318	1
938	337	1
938	347	1
938	349	1
938	360	1
938	363	1
938	365	1
938	367	1
938	368	1
938	374	1
938	377	1
938	383	1
938	416	1
938	420	1
938	428	1
938	438	1
938	442	1
938	446	1
938	454	1
938	463	1
938	464	1
938	468	1
938	469	1
938	470	1
938	472	1
938	473	1
938	475	1
938	476	1
938	479	1
938	483	1
938	485	1
938	491	1
938	494	1
938	496	1
938	499	1
938	506	1
938	508	1
938	509	1
938	516	1
938	519	1
938	522	1
938	523	1
938	524	1
938	525	1
938	527	1
938	530	1
938	531	1
938	532	1
938	533	1
938	534	1
938	536	1
938	540	1
938	541	1
938	545	1
938	546	1
938	549	1
938	552	1
938	554	1
938	555	1
938	556	1
938	558	1
938	559	1
938	562	1
938	563	1
938	565	1
938	566	1
938	568	1
938	569	1
938	570	1
938	571	1
938	572	1
938	573	1
938	574	1
938	575	1
938	576	1
938	577	1
938	578	1
938	579	1
938	581	1
938	582	1
938	584	1
938	585	1
938	586	1
938	587	1
938	588	1
938	589	1
938	590	1
938	591	1
938	594	1
938	596	1
938	597	1
938	598	1
938	599	1
938	600	1
938	601	1
938	603	1
938	604	1
938	605	1
938	606	1
938	607	1
938	608	1
938	609	1
938	610	1
938	611	1
938	612	1
938	613	1
938	614	1
938	615	1
938	616	1
938	617	1
938	618	1
938	620	1
938	621	1
938	622	1
938	623	1
939	35	1
939	39	1
939	58	1
939	224	1
939	233	1
939	260	1
939	300	1
939	308	1
939	321	1
939	347	1
939	378	1
939	381	1
939	384	1
939	393	1
939	399	1
939	402	1
939	412	1
939	416	1
939	419	1
939	420	1
939	422	1
939	424	1
939	428	1
939	433	1
939	436	1
939	444	1
939	451	1
939	457	1
939	458	1
939	461	1
939	465	1
939	470	1
939	472	1
939	473	1
939	475	1
939	476	1
939	478	1
939	480	1
939	482	1
939	483	1
939	487	1
939	490	1
939	491	1
939	493	1
939	496	1
939	500	1
939	506	1
939	507	1
939	509	1
939	511	1
939	512	1
939	513	1
939	518	1
939	519	1
939	526	1
939	527	1
939	529	1
939	531	1
939	534	1
939	535	1
939	537	1
939	538	1
939	539	1
939	540	1
939	541	1
939	542	1
939	545	1
939	546	1
939	548	1
939	550	1
939	551	1
939	552	1
939	553	1
939	554	1
939	557	1
939	559	1
939	562	1
939	564	1
939	565	1
939	568	1
939	569	1
939	572	1
939	573	1
939	575	1
939	576	1
939	577	1
939	578	1
939	580	1
939	581	1
939	583	1
939	584	1
939	587	1
939	588	1
939	589	1
939	590	1
939	591	1
939	593	1
939	594	1
939	595	1
939	596	1
939	598	1
939	600	1
939	601	1
939	602	1
939	603	1
939	604	1
939	605	1
939	607	1
939	608	1
939	609	1
939	610	1
939	611	1
939	612	1
939	613	1
939	614	1
939	615	1
939	616	1
939	617	1
939	618	1
939	619	1
939	620	1
939	621	1
939	622	1
939	623	1
940	44	1
940	213	1
940	259	1
940	277	1
940	341	1
940	342	1
940	347	1
940	364	1
940	367	1
940	370	1
940	374	1
940	388	1
940	391	1
940	393	1
940	394	1
940	395	1
940	396	1
940	397	1
940	412	1
940	419	1
940	425	1
940	429	1
940	433	1
940	437	1
940	438	1
940	440	1
940	444	1
940	447	1
940	451	1
940	452	1
940	453	1
940	454	1
940	455	1
940	457	1
940	459	1
940	464	1
940	467	1
940	472	1
940	478	1
940	479	1
940	481	1
940	482	1
940	483	1
940	488	1
940	489	1
940	493	1
940	497	1
940	498	1
940	500	1
940	501	1
940	502	1
940	504	1
940	514	1
940	517	1
940	518	1
940	519	1
940	521	1
940	523	1
940	524	1
940	526	1
940	530	1
940	536	1
940	537	1
940	538	1
940	539	1
940	540	1
940	542	1
940	543	1
940	544	1
940	548	1
940	549	1
940	550	1
940	551	1
940	552	1
940	554	1
940	559	1
940	560	1
940	561	1
940	563	1
940	564	1
940	565	1
940	566	1
940	569	1
940	571	1
940	572	1
940	573	1
940	577	1
940	578	1
940	579	1
940	581	1
940	582	1
940	584	1
940	585	1
940	587	1
940	588	1
940	589	1
940	590	1
940	591	1
940	592	1
940	594	1
940	595	1
940	596	1
940	597	1
940	598	1
940	599	1
940	600	1
940	601	1
940	602	1
940	603	1
940	604	1
940	605	1
940	607	1
940	608	1
940	609	1
940	611	1
940	613	1
940	614	1
940	616	1
940	617	1
940	618	1
940	619	1
940	620	1
940	621	1
940	622	1
940	623	1
941	261	1
941	296	1
941	298	1
941	311	1
941	315	1
941	360	1
941	372	1
941	373	1
941	382	1
941	387	1
941	391	1
941	395	1
941	396	1
941	405	1
941	406	1
941	407	1
941	415	1
941	422	1
941	431	1
941	434	1
941	435	1
941	438	1
941	440	1
941	443	1
941	446	1
941	447	1
941	451	1
941	454	1
941	459	1
941	462	1
941	463	1
941	468	1
941	469	1
941	472	1
941	478	1
941	480	1
941	481	1
941	482	1
941	485	1
941	486	1
941	488	1
941	489	1
941	495	1
941	499	1
941	500	1
941	501	1
941	505	1
941	509	1
941	510	1
941	512	1
941	513	1
941	516	1
941	518	1
941	519	1
941	521	1
941	522	1
941	524	1
941	526	1
941	528	1
941	529	1
941	531	1
941	532	1
941	541	1
941	542	1
941	543	1
941	546	1
941	547	1
941	552	1
941	554	1
941	555	1
941	556	1
941	558	1
941	559	1
941	560	1
941	561	1
941	563	1
941	564	1
941	565	1
941	566	1
941	567	1
941	569	1
941	570	1
941	571	1
941	572	1
941	573	1
941	575	1
941	576	1
941	577	1
941	578	1
941	579	1
941	580	1
941	583	1
941	584	1
941	585	1
941	586	1
941	587	1
941	588	1
941	589	1
941	590	1
941	592	1
941	593	1
941	595	1
941	596	1
941	597	1
941	598	1
941	599	1
941	602	1
941	604	1
941	605	1
941	606	1
941	607	1
941	609	1
941	610	1
941	611	1
941	612	1
941	613	1
941	614	1
941	615	1
941	616	1
941	617	1
941	619	1
941	620	1
941	621	1
941	622	1
941	623	1
942	1	1
942	107	1
942	201	1
942	225	1
942	297	1
942	298	1
942	310	1
942	332	1
942	340	1
942	343	1
942	344	1
942	349	1
942	351	1
942	365	1
942	372	1
942	380	1
942	382	1
942	390	1
942	401	1
942	405	1
942	418	1
942	421	1
942	422	1
942	423	1
942	424	1
942	426	1
942	429	1
942	434	1
942	436	1
942	439	1
942	445	1
942	448	1
942	451	1
942	457	1
942	461	1
942	462	1
942	466	1
942	467	1
942	470	1
942	474	1
942	477	1
942	481	1
942	485	1
942	486	1
942	487	1
942	488	1
942	489	1
942	490	1
942	492	1
942	493	1
942	497	1
942	498	1
942	499	1
942	502	1
942	503	1
942	505	1
942	506	1
942	508	1
942	509	1
942	512	1
942	515	1
942	516	1
942	518	1
942	519	1
942	523	1
942	525	1
942	526	1
942	528	1
942	529	1
942	530	1
942	533	1
942	534	1
942	537	1
942	540	1
942	541	1
942	543	1
942	544	1
942	545	1
942	546	1
942	548	1
942	550	1
942	552	1
942	554	1
942	555	1
942	557	1
942	559	1
942	560	1
942	561	1
942	562	1
942	563	1
942	565	1
942	566	1
942	571	1
942	572	1
942	573	1
942	574	1
942	575	1
942	580	1
942	581	1
942	583	1
942	585	1
942	586	1
942	588	1
942	590	1
942	592	1
942	593	1
942	594	1
942	596	1
942	597	1
942	598	1
942	599	1
942	600	1
942	601	1
942	602	1
942	604	1
942	607	1
942	609	1
942	611	1
942	613	1
942	614	1
942	615	1
942	616	1
942	617	1
942	618	1
942	621	1
943	184	1
943	215	1
943	303	1
943	322	1
943	325	1
943	358	1
943	361	1
943	366	1
943	368	1
943	380	1
943	384	1
943	394	1
943	410	1
943	419	1
943	420	1
943	422	1
943	423	1
943	425	1
943	428	1
943	432	1
943	436	1
943	438	1
943	442	1
943	444	1
943	445	1
943	448	1
943	449	1
943	450	1
943	457	1
943	461	1
943	463	1
943	470	1
943	477	1
943	479	1
943	481	1
943	482	1
943	485	1
943	489	1
943	490	1
943	497	1
943	499	1
943	500	1
943	503	1
943	504	1
943	505	1
943	508	1
943	509	1
943	511	1
943	515	1
943	516	1
943	518	1
943	520	1
943	522	1
943	525	1
943	527	1
943	529	1
943	530	1
943	531	1
943	532	1
943	533	1
943	534	1
943	536	1
943	538	1
943	540	1
943	541	1
943	543	1
943	544	1
943	545	1
943	546	1
943	548	1
943	549	1
943	551	1
943	554	1
943	556	1
943	557	1
943	559	1
943	560	1
943	561	1
943	562	1
943	564	1
943	565	1
943	566	1
943	568	1
943	569	1
943	570	1
943	572	1
943	574	1
943	575	1
943	576	1
943	578	1
943	579	1
943	580	1
943	583	1
943	586	1
943	587	1
943	588	1
943	590	1
943	591	1
943	592	1
943	593	1
943	594	1
943	595	1
943	596	1
943	597	1
943	598	1
943	600	1
943	601	1
943	602	1
943	603	1
943	604	1
943	605	1
943	606	1
943	607	1
943	609	1
943	610	1
943	612	1
943	613	1
943	614	1
943	615	1
943	616	1
943	617	1
943	618	1
943	621	1
943	622	1
944	57	1
944	130	1
944	288	1
944	308	1
944	312	1
944	341	1
944	355	1
944	359	1
944	368	1
944	371	1
944	380	1
944	382	1
944	383	1
944	390	1
944	394	1
944	395	1
944	405	1
944	408	1
944	414	1
944	416	1
944	431	1
944	448	1
944	449	1
944	455	1
944	456	1
944	458	1
944	460	1
944	463	1
944	464	1
944	474	1
944	476	1
944	482	1
944	486	1
944	487	1
944	488	1
944	492	1
944	495	1
944	499	1
944	500	1
944	503	1
944	504	1
944	506	1
944	507	1
944	508	1
944	509	1
944	511	1
944	513	1
944	514	1
944	515	1
944	517	1
944	518	1
944	520	1
944	521	1
944	522	1
944	525	1
944	530	1
944	534	1
944	537	1
944	539	1
944	542	1
944	543	1
944	544	1
944	546	1
944	549	1
944	550	1
944	551	1
944	552	1
944	553	1
944	556	1
944	557	1
944	558	1
944	559	1
944	561	1
944	562	1
944	563	1
944	564	1
944	565	1
944	566	1
944	568	1
944	569	1
944	570	1
944	573	1
944	575	1
944	576	1
944	578	1
944	579	1
944	581	1
944	582	1
944	583	1
944	584	1
944	585	1
944	586	1
944	587	1
944	589	1
944	590	1
944	591	1
944	593	1
944	594	1
944	595	1
944	596	1
944	597	1
944	599	1
944	600	1
944	601	1
944	602	1
944	603	1
944	604	1
944	605	1
944	606	1
944	608	1
944	609	1
944	610	1
944	611	1
944	613	1
944	614	1
944	615	1
944	616	1
944	617	1
944	618	1
944	619	1
944	620	1
944	621	1
944	622	1
944	623	1
945	182	1
945	187	1
945	190	1
945	231	1
945	314	1
945	343	1
945	344	1
945	358	1
945	363	1
945	364	1
945	386	1
945	391	1
945	394	1
945	397	1
945	399	1
945	413	1
945	415	1
945	416	1
945	422	1
945	429	1
945	435	1
945	447	1
945	448	1
945	449	1
945	450	1
945	457	1
945	458	1
945	462	1
945	464	1
945	466	1
945	467	1
945	471	1
945	473	1
945	480	1
945	482	1
945	484	1
945	485	1
945	488	1
945	491	1
945	492	1
945	493	1
945	494	1
945	497	1
945	498	1
945	502	1
945	504	1
945	505	1
945	506	1
945	512	1
945	515	1
945	517	1
945	519	1
945	520	1
945	522	1
945	523	1
945	525	1
945	526	1
945	529	1
945	530	1
945	533	1
945	535	1
945	536	1
945	537	1
945	538	1
945	540	1
945	541	1
945	542	1
945	544	1
945	545	1
945	546	1
945	548	1
945	549	1
945	553	1
945	554	1
945	556	1
945	558	1
945	561	1
945	564	1
945	565	1
945	566	1
945	568	1
945	570	1
945	571	1
945	572	1
945	573	1
945	575	1
945	576	1
945	577	1
945	578	1
945	579	1
945	580	1
945	581	1
945	582	1
945	583	1
945	584	1
945	585	1
945	586	1
945	587	1
945	589	1
945	590	1
945	591	1
945	592	1
945	594	1
945	595	1
945	596	1
945	597	1
945	599	1
945	604	1
945	605	1
945	606	1
945	607	1
945	610	1
945	611	1
945	612	1
945	613	1
945	614	1
945	615	1
945	616	1
945	618	1
945	619	1
945	620	1
945	621	1
945	622	1
945	623	1
946	54	1
946	209	1
946	299	1
946	302	1
946	331	1
946	337	1
946	344	1
946	345	1
946	355	1
946	370	1
946	373	1
946	375	1
946	379	1
946	389	1
946	391	1
946	392	1
946	393	1
946	398	1
946	400	1
946	404	1
946	405	1
946	415	1
946	419	1
946	421	1
946	424	1
946	427	1
946	429	1
946	437	1
946	440	1
946	451	1
946	452	1
946	454	1
946	459	1
946	466	1
946	469	1
946	472	1
946	473	1
946	474	1
946	478	1
946	483	1
946	487	1
946	488	1
946	489	1
946	492	1
946	495	1
946	496	1
946	497	1
946	498	1
946	500	1
946	501	1
946	508	1
946	509	1
946	510	1
946	511	1
946	512	1
946	514	1
946	515	1
946	516	1
946	517	1
946	520	1
946	521	1
946	522	1
946	523	1
946	524	1
946	525	1
946	526	1
946	527	1
946	529	1
946	530	1
946	531	1
946	532	1
946	535	1
946	538	1
946	541	1
946	542	1
946	545	1
946	546	1
946	547	1
946	549	1
946	550	1
946	551	1
946	552	1
946	555	1
946	557	1
946	558	1
946	561	1
946	564	1
946	566	1
946	571	1
946	575	1
946	577	1
946	578	1
946	579	1
946	580	1
946	581	1
946	582	1
946	583	1
946	584	1
946	585	1
946	586	1
946	588	1
946	590	1
946	593	1
946	594	1
946	595	1
946	596	1
946	597	1
946	599	1
946	603	1
946	604	1
946	606	1
946	607	1
946	608	1
946	609	1
946	610	1
946	611	1
946	612	1
946	613	1
946	614	1
946	616	1
946	617	1
946	618	1
946	620	1
946	621	1
946	623	1
947	180	1
947	192	1
947	234	1
947	262	1
947	272	1
947	359	1
947	361	1
947	388	1
947	390	1
947	398	1
947	403	1
947	410	1
947	413	1
947	416	1
947	424	1
947	431	1
947	435	1
947	436	1
947	438	1
947	439	1
947	444	1
947	455	1
947	457	1
947	462	1
947	464	1
947	466	1
947	469	1
947	472	1
947	473	1
947	476	1
947	477	1
947	480	1
947	481	1
947	489	1
947	490	1
947	493	1
947	494	1
947	495	1
947	498	1
947	503	1
947	504	1
947	506	1
947	510	1
947	512	1
947	513	1
947	516	1
947	517	1
947	522	1
947	523	1
947	525	1
947	532	1
947	534	1
947	535	1
947	537	1
947	538	1
947	539	1
947	540	1
947	541	1
947	542	1
947	543	1
947	544	1
947	545	1
947	546	1
947	547	1
947	549	1
947	551	1
947	554	1
947	555	1
947	557	1
947	558	1
947	560	1
947	561	1
947	562	1
947	563	1
947	564	1
947	565	1
947	570	1
947	571	1
947	572	1
947	573	1
947	574	1
947	575	1
947	576	1
947	577	1
947	578	1
947	579	1
947	580	1
947	581	1
947	582	1
947	583	1
947	584	1
947	586	1
947	587	1
947	588	1
947	589	1
947	590	1
947	591	1
947	592	1
947	593	1
947	594	1
947	595	1
947	597	1
947	598	1
947	599	1
947	600	1
947	601	1
947	603	1
947	604	1
947	605	1
947	606	1
947	607	1
947	608	1
947	609	1
947	610	1
947	612	1
947	613	1
947	614	1
947	615	1
947	616	1
947	618	1
947	620	1
947	621	1
947	622	1
947	623	1
948	196	1
948	228	1
948	246	1
948	290	1
948	297	1
948	301	1
948	305	1
948	315	1
948	335	1
948	352	1
948	366	1
948	372	1
948	376	1
948	381	1
948	383	1
948	390	1
948	395	1
948	396	1
948	404	1
948	413	1
948	425	1
948	431	1
948	432	1
948	433	1
948	434	1
948	438	1
948	439	1
948	447	1
948	456	1
948	460	1
948	464	1
948	466	1
948	468	1
948	469	1
948	471	1
948	472	1
948	473	1
948	475	1
948	480	1
948	481	1
948	485	1
948	486	1
948	488	1
948	489	1
948	492	1
948	493	1
948	494	1
948	496	1
948	499	1
948	502	1
948	504	1
948	505	1
948	506	1
948	507	1
948	508	1
948	510	1
948	511	1
948	512	1
948	513	1
948	514	1
948	518	1
948	520	1
948	521	1
948	522	1
948	524	1
948	525	1
948	526	1
948	527	1
948	529	1
948	531	1
948	534	1
948	536	1
948	537	1
948	539	1
948	541	1
948	542	1
948	543	1
948	546	1
948	547	1
948	548	1
948	552	1
948	556	1
948	559	1
948	560	1
948	562	1
948	565	1
948	567	1
948	568	1
948	569	1
948	571	1
948	573	1
948	575	1
948	576	1
948	579	1
948	580	1
948	582	1
948	584	1
948	585	1
948	586	1
948	588	1
948	589	1
948	590	1
948	591	1
948	592	1
948	593	1
948	596	1
948	597	1
948	600	1
948	601	1
948	602	1
948	606	1
948	607	1
948	608	1
948	609	1
948	610	1
948	611	1
948	613	1
948	614	1
948	616	1
948	618	1
948	620	1
948	621	1
948	622	1
948	623	1
949	30	1
949	78	1
949	79	1
949	126	1
949	189	1
949	247	1
949	282	1
949	312	1
949	314	1
949	320	1
949	330	1
949	332	1
949	338	1
949	345	1
949	356	1
949	363	1
949	375	1
949	379	1
949	401	1
949	406	1
949	409	1
949	410	1
949	421	1
949	425	1
949	426	1
949	427	1
949	443	1
949	444	1
949	451	1
949	455	1
949	469	1
949	471	1
949	475	1
949	478	1
949	483	1
949	485	1
949	486	1
949	487	1
949	491	1
949	494	1
949	497	1
949	500	1
949	501	1
949	503	1
949	508	1
949	514	1
949	515	1
949	516	1
949	517	1
949	518	1
949	519	1
949	520	1
949	521	1
949	523	1
949	528	1
949	529	1
949	531	1
949	532	1
949	535	1
949	536	1
949	538	1
949	539	1
949	540	1
949	541	1
949	544	1
949	545	1
949	546	1
949	553	1
949	554	1
949	555	1
949	557	1
949	559	1
949	562	1
949	564	1
949	565	1
949	566	1
949	567	1
949	568	1
949	572	1
949	573	1
949	574	1
949	575	1
949	576	1
949	577	1
949	578	1
949	579	1
949	580	1
949	581	1
949	582	1
949	583	1
949	584	1
949	585	1
949	586	1
949	587	1
949	590	1
949	591	1
949	592	1
949	593	1
949	594	1
949	595	1
949	596	1
949	597	1
949	598	1
949	599	1
949	601	1
949	602	1
949	604	1
949	605	1
949	606	1
949	607	1
949	608	1
949	609	1
949	610	1
949	611	1
949	613	1
949	615	1
949	616	1
949	617	1
949	618	1
949	619	1
949	620	1
949	621	1
949	622	1
949	623	1
950	28	1
950	77	1
950	193	1
950	235	1
950	288	1
950	316	1
950	318	1
950	320	1
950	353	1
950	358	1
950	371	1
950	372	1
950	387	1
950	389	1
950	390	1
950	394	1
950	402	1
950	406	1
950	409	1
950	419	1
950	435	1
950	448	1
950	449	1
950	450	1
950	451	1
950	454	1
950	455	1
950	461	1
950	462	1
950	466	1
950	468	1
950	477	1
950	478	1
950	479	1
950	482	1
950	484	1
950	485	1
950	487	1
950	490	1
950	493	1
950	494	1
950	495	1
950	498	1
950	503	1
950	506	1
950	507	1
950	512	1
950	515	1
950	517	1
950	519	1
950	520	1
950	525	1
950	526	1
950	532	1
950	533	1
950	534	1
950	535	1
950	536	1
950	537	1
950	539	1
950	540	1
950	542	1
950	544	1
950	546	1
950	548	1
950	549	1
950	554	1
950	555	1
950	556	1
950	557	1
950	558	1
950	559	1
950	560	1
950	561	1
950	562	1
950	565	1
950	566	1
950	567	1
950	568	1
950	569	1
950	570	1
950	571	1
950	572	1
950	573	1
950	574	1
950	575	1
950	577	1
950	579	1
950	580	1
950	581	1
950	582	1
950	583	1
950	585	1
950	587	1
950	588	1
950	590	1
950	591	1
950	593	1
950	594	1
950	595	1
950	596	1
950	598	1
950	599	1
950	600	1
950	601	1
950	602	1
950	603	1
950	604	1
950	605	1
950	606	1
950	607	1
950	608	1
950	610	1
950	611	1
950	612	1
950	613	1
950	614	1
950	615	1
950	616	1
950	618	1
950	619	1
950	620	1
950	621	1
950	623	1
951	28	1
951	165	1
951	175	1
951	246	1
951	250	1
951	264	1
951	302	1
951	321	1
951	337	1
951	354	1
951	363	1
951	375	1
951	394	1
951	398	1
951	401	1
951	414	1
951	417	1
951	432	1
951	433	1
951	436	1
951	439	1
951	441	1
951	445	1
951	447	1
951	456	1
951	461	1
951	462	1
951	464	1
951	465	1
951	466	1
951	467	1
951	469	1
951	470	1
951	476	1
951	478	1
951	481	1
951	482	1
951	486	1
951	487	1
951	488	1
951	490	1
951	492	1
951	493	1
951	494	1
951	495	1
951	496	1
951	498	1
951	499	1
951	501	1
951	504	1
951	513	1
951	516	1
951	517	1
951	520	1
951	521	1
951	522	1
951	523	1
951	528	1
951	529	1
951	530	1
951	531	1
951	534	1
951	535	1
951	538	1
951	539	1
951	540	1
951	542	1
951	544	1
951	546	1
951	547	1
951	550	1
951	552	1
951	554	1
951	556	1
951	557	1
951	558	1
951	559	1
951	560	1
951	561	1
951	562	1
951	563	1
951	565	1
951	566	1
951	567	1
951	569	1
951	570	1
951	571	1
951	574	1
951	575	1
951	576	1
951	577	1
951	579	1
951	581	1
951	582	1
951	583	1
951	584	1
951	587	1
951	588	1
951	589	1
951	591	1
951	592	1
951	594	1
951	596	1
951	597	1
951	599	1
951	600	1
951	601	1
951	602	1
951	603	1
951	604	1
951	605	1
951	606	1
951	607	1
951	608	1
951	609	1
951	610	1
951	611	1
951	613	1
951	614	1
951	615	1
951	616	1
951	617	1
951	620	1
951	621	1
951	623	1
952	101	1
952	146	1
952	194	1
952	235	1
952	319	1
952	320	1
952	330	1
952	344	1
952	357	1
952	364	1
952	369	1
952	373	1
952	384	1
952	389	1
952	393	1
952	400	1
952	408	1
952	417	1
952	423	1
952	428	1
952	431	1
952	433	1
952	442	1
952	445	1
952	448	1
952	449	1
952	450	1
952	452	1
952	454	1
952	456	1
952	457	1
952	462	1
952	464	1
952	465	1
952	466	1
952	471	1
952	475	1
952	477	1
952	479	1
952	482	1
952	483	1
952	484	1
952	486	1
952	489	1
952	494	1
952	497	1
952	498	1
952	503	1
952	505	1
952	508	1
952	510	1
952	512	1
952	513	1
952	514	1
952	516	1
952	519	1
952	522	1
952	523	1
952	525	1
952	527	1
952	529	1
952	533	1
952	535	1
952	536	1
952	537	1
952	538	1
952	539	1
952	540	1
952	541	1
952	542	1
952	543	1
952	545	1
952	546	1
952	549	1
952	551	1
952	552	1
952	553	1
952	555	1
952	556	1
952	557	1
952	559	1
952	560	1
952	561	1
952	562	1
952	563	1
952	564	1
952	565	1
952	568	1
952	569	1
952	571	1
952	572	1
952	575	1
952	577	1
952	578	1
952	579	1
952	582	1
952	586	1
952	588	1
952	589	1
952	591	1
952	593	1
952	594	1
952	595	1
952	596	1
952	597	1
952	600	1
952	601	1
952	603	1
952	605	1
952	606	1
952	607	1
952	608	1
952	610	1
952	611	1
952	612	1
952	613	1
952	614	1
952	615	1
952	617	1
952	618	1
952	619	1
952	620	1
952	621	1
952	622	1
952	623	1
953	141	1
953	157	1
953	254	1
953	274	1
953	288	1
953	323	1
953	329	1
953	334	1
953	340	1
953	342	1
953	343	1
953	380	1
953	387	1
953	424	1
953	427	1
953	432	1
953	438	1
953	439	1
953	443	1
953	447	1
953	449	1
953	452	1
953	454	1
953	458	1
953	460	1
953	461	1
953	462	1
953	467	1
953	469	1
953	471	1
953	474	1
953	475	1
953	476	1
953	478	1
953	481	1
953	482	1
953	486	1
953	487	1
953	488	1
953	489	1
953	493	1
953	495	1
953	497	1
953	501	1
953	502	1
953	503	1
953	507	1
953	510	1
953	511	1
953	512	1
953	513	1
953	514	1
953	518	1
953	519	1
953	521	1
953	523	1
953	524	1
953	525	1
953	527	1
953	531	1
953	534	1
953	537	1
953	540	1
953	546	1
953	547	1
953	548	1
953	549	1
953	551	1
953	552	1
953	553	1
953	554	1
953	555	1
953	556	1
953	557	1
953	559	1
953	560	1
953	561	1
953	562	1
953	563	1
953	565	1
953	567	1
953	569	1
953	570	1
953	572	1
953	573	1
953	576	1
953	577	1
953	579	1
953	580	1
953	582	1
953	583	1
953	585	1
953	586	1
953	589	1
953	592	1
953	593	1
953	594	1
953	595	1
953	596	1
953	597	1
953	598	1
953	600	1
953	601	1
953	602	1
953	603	1
953	604	1
953	605	1
953	606	1
953	608	1
953	609	1
953	610	1
953	611	1
953	612	1
953	613	1
953	614	1
953	615	1
953	616	1
953	617	1
953	618	1
953	619	1
953	620	1
953	621	1
953	622	1
953	623	1
954	68	1
954	99	1
954	140	1
954	267	1
954	295	1
954	298	1
954	343	1
954	383	1
954	391	1
954	396	1
954	407	1
954	410	1
954	411	1
954	420	1
954	423	1
954	431	1
954	432	1
954	438	1
954	439	1
954	440	1
954	446	1
954	451	1
954	452	1
954	456	1
954	457	1
954	466	1
954	468	1
954	469	1
954	470	1
954	475	1
954	478	1
954	480	1
954	481	1
954	483	1
954	486	1
954	487	1
954	492	1
954	495	1
954	496	1
954	497	1
954	500	1
954	504	1
954	505	1
954	507	1
954	508	1
954	509	1
954	511	1
954	512	1
954	513	1
954	514	1
954	517	1
954	518	1
954	519	1
954	520	1
954	521	1
954	523	1
954	525	1
954	526	1
954	528	1
954	530	1
954	531	1
954	534	1
954	535	1
954	537	1
954	538	1
954	539	1
954	540	1
954	541	1
954	543	1
954	544	1
954	546	1
954	547	1
954	548	1
954	549	1
954	551	1
954	552	1
954	556	1
954	558	1
954	559	1
954	560	1
954	561	1
954	562	1
954	563	1
954	564	1
954	566	1
954	567	1
954	568	1
954	569	1
954	570	1
954	571	1
954	572	1
954	574	1
954	575	1
954	576	1
954	577	1
954	578	1
954	579	1
954	582	1
954	584	1
954	585	1
954	586	1
954	588	1
954	589	1
954	590	1
954	591	1
954	594	1
954	597	1
954	598	1
954	600	1
954	602	1
954	604	1
954	605	1
954	607	1
954	610	1
954	611	1
954	612	1
954	613	1
954	614	1
954	617	1
954	618	1
954	620	1
954	621	1
954	622	1
954	623	1
955	57	1
955	108	1
955	191	1
955	205	1
955	230	1
955	307	1
955	335	1
955	345	1
955	350	1
955	359	1
955	374	1
955	378	1
955	389	1
955	393	1
955	399	1
955	401	1
955	402	1
955	411	1
955	412	1
955	418	1
955	427	1
955	434	1
955	438	1
955	443	1
955	445	1
955	446	1
955	447	1
955	452	1
955	453	1
955	454	1
955	457	1
955	462	1
955	466	1
955	470	1
955	472	1
955	473	1
955	474	1
955	479	1
955	484	1
955	486	1
955	489	1
955	496	1
955	497	1
955	498	1
955	500	1
955	502	1
955	503	1
955	505	1
955	507	1
955	509	1
955	510	1
955	518	1
955	519	1
955	521	1
955	524	1
955	525	1
955	526	1
955	530	1
955	531	1
955	536	1
955	538	1
955	539	1
955	541	1
955	542	1
955	544	1
955	545	1
955	546	1
955	547	1
955	548	1
955	549	1
955	550	1
955	551	1
955	553	1
955	554	1
955	555	1
955	557	1
955	558	1
955	561	1
955	563	1
955	564	1
955	565	1
955	566	1
955	568	1
955	572	1
955	573	1
955	574	1
955	575	1
955	576	1
955	577	1
955	578	1
955	580	1
955	583	1
955	585	1
955	587	1
955	589	1
955	590	1
955	591	1
955	592	1
955	593	1
955	594	1
955	595	1
955	596	1
955	597	1
955	598	1
955	599	1
955	601	1
955	602	1
955	606	1
955	607	1
955	608	1
955	609	1
955	610	1
955	612	1
955	613	1
955	614	1
955	615	1
955	616	1
955	617	1
955	618	1
955	619	1
955	620	1
955	621	1
955	622	1
955	623	1
956	51	1
956	204	1
956	242	1
956	265	1
956	266	1
956	282	1
956	283	1
956	285	1
956	290	1
956	306	1
956	328	1
956	335	1
956	351	1
956	358	1
956	360	1
956	366	1
956	373	1
956	395	1
956	397	1
956	398	1
956	401	1
956	404	1
956	413	1
956	422	1
956	425	1
956	427	1
956	432	1
956	435	1
956	444	1
956	447	1
956	452	1
956	453	1
956	454	1
956	455	1
956	456	1
956	457	1
956	459	1
956	464	1
956	465	1
956	471	1
956	475	1
956	479	1
956	480	1
956	483	1
956	484	1
956	485	1
956	487	1
956	488	1
956	489	1
956	496	1
956	500	1
956	501	1
956	502	1
956	504	1
956	505	1
956	506	1
956	508	1
956	510	1
956	514	1
956	518	1
956	521	1
956	522	1
956	524	1
956	526	1
956	527	1
956	528	1
956	529	1
956	531	1
956	534	1
956	535	1
956	536	1
956	539	1
956	540	1
956	541	1
956	542	1
956	543	1
956	544	1
956	550	1
956	551	1
956	552	1
956	559	1
956	560	1
956	561	1
956	564	1
956	567	1
956	568	1
956	569	1
956	571	1
956	573	1
956	575	1
956	576	1
956	577	1
956	578	1
956	579	1
956	580	1
956	582	1
956	583	1
956	585	1
956	588	1
956	589	1
956	590	1
956	591	1
956	594	1
956	595	1
956	596	1
956	600	1
956	601	1
956	605	1
956	606	1
956	607	1
956	609	1
956	610	1
956	611	1
956	612	1
956	613	1
956	614	1
956	615	1
956	616	1
956	617	1
956	618	1
956	619	1
956	620	1
956	621	1
956	622	1
956	623	1
957	32	1
957	48	1
957	89	1
957	221	1
957	258	1
957	282	1
957	287	1
957	300	1
957	325	1
957	326	1
957	347	1
957	358	1
957	361	1
957	400	1
957	414	1
957	420	1
957	424	1
957	425	1
957	431	1
957	433	1
957	440	1
957	444	1
957	446	1
957	458	1
957	465	1
957	468	1
957	470	1
957	473	1
957	474	1
957	475	1
957	478	1
957	480	1
957	481	1
957	484	1
957	486	1
957	488	1
957	489	1
957	490	1
957	495	1
957	497	1
957	498	1
957	499	1
957	500	1
957	503	1
957	505	1
957	506	1
957	509	1
957	510	1
957	512	1
957	514	1
957	518	1
957	519	1
957	520	1
957	525	1
957	529	1
957	530	1
957	531	1
957	532	1
957	534	1
957	536	1
957	537	1
957	538	1
957	539	1
957	540	1
957	543	1
957	546	1
957	548	1
957	549	1
957	550	1
957	551	1
957	552	1
957	553	1
957	554	1
957	555	1
957	556	1
957	557	1
957	558	1
957	559	1
957	563	1
957	564	1
957	565	1
957	567	1
957	568	1
957	571	1
957	572	1
957	573	1
957	574	1
957	576	1
957	577	1
957	578	1
957	579	1
957	580	1
957	581	1
957	582	1
957	583	1
957	585	1
957	586	1
957	587	1
957	588	1
957	589	1
957	590	1
957	592	1
957	593	1
957	594	1
957	595	1
957	596	1
957	598	1
957	599	1
957	601	1
957	603	1
957	604	1
957	605	1
957	606	1
957	609	1
957	610	1
957	611	1
957	612	1
957	614	1
957	615	1
957	617	1
957	618	1
957	619	1
957	620	1
957	622	1
957	623	1
958	19	1
958	149	1
958	248	1
958	303	1
958	315	1
958	318	1
958	319	1
958	329	1
958	352	1
958	356	1
958	362	1
958	370	1
958	389	1
958	394	1
958	407	1
958	420	1
958	422	1
958	425	1
958	430	1
958	432	1
958	433	1
958	435	1
958	445	1
958	449	1
958	450	1
958	452	1
958	458	1
958	460	1
958	461	1
958	463	1
958	466	1
958	469	1
958	474	1
958	475	1
958	478	1
958	479	1
958	481	1
958	484	1
958	485	1
958	486	1
958	487	1
958	488	1
958	489	1
958	490	1
958	491	1
958	492	1
958	493	1
958	497	1
958	499	1
958	500	1
958	501	1
958	503	1
958	504	1
958	505	1
958	507	1
958	508	1
958	509	1
958	511	1
958	514	1
958	516	1
958	519	1
958	520	1
958	524	1
958	527	1
958	529	1
958	533	1
958	535	1
958	541	1
958	542	1
958	544	1
958	545	1
958	546	1
958	547	1
958	552	1
958	556	1
958	558	1
958	559	1
958	560	1
958	561	1
958	564	1
958	565	1
958	567	1
958	568	1
958	569	1
958	570	1
958	571	1
958	573	1
958	577	1
958	578	1
958	579	1
958	580	1
958	582	1
958	583	1
958	584	1
958	585	1
958	587	1
958	588	1
958	589	1
958	590	1
958	592	1
958	595	1
958	596	1
958	597	1
958	598	1
958	599	1
958	602	1
958	603	1
958	604	1
958	605	1
958	606	1
958	607	1
958	608	1
958	609	1
958	610	1
958	611	1
958	612	1
958	613	1
958	614	1
958	615	1
958	616	1
958	617	1
958	618	1
958	619	1
958	621	1
958	623	1
959	232	1
959	311	1
959	312	1
959	352	1
959	365	1
959	372	1
959	375	1
959	381	1
959	387	1
959	397	1
959	404	1
959	405	1
959	406	1
959	418	1
959	420	1
959	422	1
959	426	1
959	429	1
959	439	1
959	441	1
959	450	1
959	455	1
959	459	1
959	460	1
959	463	1
959	465	1
959	469	1
959	471	1
959	476	1
959	483	1
959	484	1
959	486	1
959	487	1
959	488	1
959	491	1
959	493	1
959	495	1
959	496	1
959	497	1
959	498	1
959	501	1
959	503	1
959	505	1
959	506	1
959	507	1
959	510	1
959	511	1
959	512	1
959	513	1
959	515	1
959	517	1
959	518	1
959	519	1
959	521	1
959	522	1
959	526	1
959	527	1
959	528	1
959	529	1
959	534	1
959	535	1
959	536	1
959	538	1
959	539	1
959	541	1
959	542	1
959	544	1
959	545	1
959	546	1
959	548	1
959	550	1
959	551	1
959	552	1
959	555	1
959	556	1
959	557	1
959	558	1
959	560	1
959	561	1
959	562	1
959	563	1
959	566	1
959	567	1
959	568	1
959	570	1
959	571	1
959	572	1
959	573	1
959	574	1
959	576	1
959	577	1
959	578	1
959	580	1
959	581	1
959	582	1
959	584	1
959	587	1
959	588	1
959	589	1
959	590	1
959	591	1
959	593	1
959	594	1
959	596	1
959	597	1
959	599	1
959	600	1
959	602	1
959	603	1
959	604	1
959	605	1
959	606	1
959	608	1
959	609	1
959	610	1
959	611	1
959	613	1
959	614	1
959	615	1
959	618	1
959	619	1
959	620	1
959	621	1
959	622	1
959	623	1
960	108	1
960	181	1
960	216	1
960	241	1
960	275	1
960	281	1
960	345	1
960	346	1
960	352	1
960	354	1
960	359	1
960	362	1
960	367	1
960	395	1
960	396	1
960	407	1
960	409	1
960	410	1
960	416	1
960	418	1
960	422	1
960	424	1
960	429	1
960	430	1
960	431	1
960	433	1
960	434	1
960	435	1
960	437	1
960	443	1
960	454	1
960	456	1
960	461	1
960	463	1
960	464	1
960	467	1
960	468	1
960	470	1
960	475	1
960	479	1
960	482	1
960	485	1
960	486	1
960	492	1
960	494	1
960	496	1
960	498	1
960	501	1
960	502	1
960	503	1
960	504	1
960	506	1
960	508	1
960	510	1
960	511	1
960	512	1
960	519	1
960	521	1
960	522	1
960	523	1
960	524	1
960	525	1
960	526	1
960	527	1
960	528	1
960	530	1
960	532	1
960	536	1
960	537	1
960	541	1
960	544	1
960	545	1
960	547	1
960	551	1
960	552	1
960	554	1
960	556	1
960	557	1
960	561	1
960	562	1
960	563	1
960	564	1
960	565	1
960	567	1
960	570	1
960	571	1
960	572	1
960	574	1
960	575	1
960	577	1
960	578	1
960	580	1
960	581	1
960	583	1
960	584	1
960	585	1
960	587	1
960	588	1
960	589	1
960	590	1
960	591	1
960	592	1
960	595	1
960	596	1
960	597	1
960	599	1
960	600	1
960	601	1
960	602	1
960	603	1
960	604	1
960	605	1
960	606	1
960	608	1
960	609	1
960	610	1
960	611	1
960	612	1
960	613	1
960	615	1
960	617	1
960	619	1
960	620	1
960	622	1
961	160	1
961	194	1
961	211	1
961	255	1
961	336	1
961	343	1
961	380	1
961	392	1
961	394	1
961	401	1
961	408	1
961	410	1
961	419	1
961	420	1
961	422	1
961	427	1
961	428	1
961	439	1
961	442	1
961	444	1
961	446	1
961	447	1
961	448	1
961	449	1
961	452	1
961	453	1
961	455	1
961	456	1
961	458	1
961	459	1
961	461	1
961	466	1
961	468	1
961	469	1
961	470	1
961	471	1
961	475	1
961	478	1
961	482	1
961	486	1
961	487	1
961	488	1
961	489	1
961	491	1
961	492	1
961	494	1
961	498	1
961	499	1
961	504	1
961	506	1
961	508	1
961	509	1
961	512	1
961	514	1
961	515	1
961	516	1
961	517	1
961	518	1
961	519	1
961	520	1
961	524	1
961	525	1
961	526	1
961	527	1
961	528	1
961	532	1
961	534	1
961	537	1
961	539	1
961	540	1
961	543	1
961	544	1
961	546	1
961	547	1
961	548	1
961	549	1
961	550	1
961	551	1
961	552	1
961	554	1
961	555	1
961	557	1
961	558	1
961	560	1
961	563	1
961	566	1
961	568	1
961	571	1
961	572	1
961	574	1
961	575	1
961	576	1
961	577	1
961	580	1
961	581	1
961	582	1
961	583	1
961	587	1
961	589	1
961	591	1
961	592	1
961	593	1
961	595	1
961	596	1
961	597	1
961	598	1
961	601	1
961	602	1
961	604	1
961	605	1
961	607	1
961	609	1
961	610	1
961	611	1
961	612	1
961	613	1
961	614	1
961	615	1
961	616	1
961	617	1
961	619	1
961	620	1
961	621	1
961	622	1
961	623	1
962	203	1
962	205	1
962	208	1
962	218	1
962	293	1
962	306	1
962	329	1
962	346	1
962	350	1
962	363	1
962	371	1
962	387	1
962	389	1
962	391	1
962	400	1
962	402	1
962	406	1
962	422	1
962	424	1
962	425	1
962	436	1
962	439	1
962	440	1
962	444	1
962	448	1
962	449	1
962	452	1
962	459	1
962	462	1
962	463	1
962	464	1
962	466	1
962	468	1
962	469	1
962	471	1
962	474	1
962	478	1
962	479	1
962	480	1
962	482	1
962	485	1
962	487	1
962	490	1
962	493	1
962	501	1
962	507	1
962	508	1
962	512	1
962	513	1
962	516	1
962	518	1
962	520	1
962	521	1
962	523	1
962	524	1
962	526	1
962	527	1
962	528	1
962	530	1
962	531	1
962	532	1
962	533	1
962	534	1
962	535	1
962	541	1
962	542	1
962	544	1
962	545	1
962	548	1
962	552	1
962	554	1
962	555	1
962	556	1
962	558	1
962	563	1
962	564	1
962	565	1
962	566	1
962	568	1
962	569	1
962	570	1
962	572	1
962	573	1
962	577	1
962	578	1
962	579	1
962	580	1
962	581	1
962	582	1
962	583	1
962	584	1
962	586	1
962	587	1
962	588	1
962	590	1
962	592	1
962	593	1
962	595	1
962	596	1
962	597	1
962	598	1
962	599	1
962	600	1
962	601	1
962	602	1
962	603	1
962	604	1
962	605	1
962	606	1
962	607	1
962	608	1
962	610	1
962	611	1
962	612	1
962	613	1
962	615	1
962	616	1
962	617	1
962	618	1
962	619	1
962	620	1
962	621	1
962	622	1
962	623	1
963	63	1
963	127	1
963	203	1
963	222	1
963	292	1
963	308	1
963	321	1
963	337	1
963	340	1
963	345	1
963	351	1
963	354	1
963	368	1
963	378	1
963	379	1
963	388	1
963	391	1
963	394	1
963	414	1
963	417	1
963	418	1
963	434	1
963	435	1
963	439	1
963	440	1
963	442	1
963	449	1
963	454	1
963	457	1
963	458	1
963	462	1
963	463	1
963	466	1
963	467	1
963	469	1
963	471	1
963	474	1
963	476	1
963	486	1
963	487	1
963	493	1
963	495	1
963	503	1
963	504	1
963	505	1
963	508	1
963	510	1
963	511	1
963	513	1
963	514	1
963	515	1
963	516	1
963	517	1
963	518	1
963	519	1
963	521	1
963	522	1
963	528	1
963	533	1
963	535	1
963	537	1
963	538	1
963	539	1
963	540	1
963	541	1
963	543	1
963	544	1
963	545	1
963	547	1
963	548	1
963	549	1
963	552	1
963	554	1
963	555	1
963	556	1
963	559	1
963	561	1
963	563	1
963	564	1
963	566	1
963	567	1
963	569	1
963	570	1
963	571	1
963	573	1
963	574	1
963	575	1
963	576	1
963	577	1
963	579	1
963	581	1
963	582	1
963	584	1
963	586	1
963	587	1
963	588	1
963	589	1
963	590	1
963	591	1
963	592	1
963	593	1
963	595	1
963	596	1
963	597	1
963	598	1
963	600	1
963	601	1
963	603	1
963	604	1
963	605	1
963	606	1
963	607	1
963	608	1
963	609	1
963	610	1
963	611	1
963	612	1
963	614	1
963	615	1
963	616	1
963	619	1
963	620	1
963	622	1
963	623	1
964	68	1
964	131	1
964	171	1
964	306	1
964	348	1
964	355	1
964	356	1
964	359	1
964	374	1
964	375	1
964	389	1
964	395	1
964	402	1
964	412	1
964	422	1
964	423	1
964	428	1
964	435	1
964	437	1
964	439	1
964	443	1
964	445	1
964	447	1
964	448	1
964	449	1
964	451	1
964	452	1
964	453	1
964	459	1
964	462	1
964	464	1
964	466	1
964	469	1
964	470	1
964	473	1
964	474	1
964	482	1
964	483	1
964	484	1
964	485	1
964	486	1
964	490	1
964	491	1
964	493	1
964	495	1
964	496	1
964	500	1
964	504	1
964	505	1
964	506	1
964	507	1
964	509	1
964	510	1
964	511	1
964	512	1
964	513	1
964	515	1
964	516	1
964	517	1
964	520	1
964	524	1
964	525	1
964	526	1
964	527	1
964	530	1
964	532	1
964	533	1
964	534	1
964	538	1
964	543	1
964	545	1
964	547	1
964	548	1
964	550	1
964	552	1
964	553	1
964	554	1
964	556	1
964	557	1
964	558	1
964	559	1
964	560	1
964	561	1
964	562	1
964	563	1
964	565	1
964	568	1
964	569	1
964	570	1
964	571	1
964	572	1
964	576	1
964	577	1
964	578	1
964	579	1
964	582	1
964	583	1
964	584	1
964	585	1
964	586	1
964	587	1
964	589	1
964	590	1
964	591	1
964	592	1
964	593	1
964	594	1
964	595	1
964	598	1
964	602	1
964	604	1
964	606	1
964	607	1
964	609	1
964	611	1
964	612	1
964	614	1
964	615	1
964	616	1
964	617	1
964	618	1
964	619	1
964	621	1
964	623	1
965	142	1
965	162	1
965	260	1
965	274	1
965	275	1
965	309	1
965	318	1
965	322	1
965	342	1
965	343	1
965	354	1
965	373	1
965	384	1
965	385	1
965	387	1
965	390	1
965	399	1
965	407	1
965	416	1
965	419	1
965	422	1
965	424	1
965	425	1
965	428	1
965	431	1
965	432	1
965	434	1
965	437	1
965	444	1
965	448	1
965	450	1
965	452	1
965	456	1
965	457	1
965	462	1
965	463	1
965	464	1
965	465	1
965	467	1
965	468	1
965	470	1
965	474	1
965	477	1
965	479	1
965	480	1
965	481	1
965	487	1
965	489	1
965	492	1
965	493	1
965	494	1
965	496	1
965	497	1
965	506	1
965	507	1
965	509	1
965	512	1
965	515	1
965	517	1
965	519	1
965	521	1
965	522	1
965	523	1
965	531	1
965	532	1
965	534	1
965	535	1
965	536	1
965	537	1
965	539	1
965	540	1
965	541	1
965	542	1
965	545	1
965	546	1
965	547	1
965	551	1
965	554	1
965	555	1
965	556	1
965	557	1
965	559	1
965	560	1
965	566	1
965	569	1
965	570	1
965	571	1
965	574	1
965	575	1
965	576	1
965	577	1
965	580	1
965	581	1
965	582	1
965	583	1
965	584	1
965	587	1
965	590	1
965	591	1
965	592	1
965	593	1
965	595	1
965	596	1
965	597	1
965	599	1
965	600	1
965	602	1
965	603	1
965	604	1
965	605	1
965	606	1
965	607	1
965	609	1
965	610	1
965	611	1
965	612	1
965	613	1
965	614	1
965	615	1
965	616	1
965	618	1
965	619	1
965	620	1
965	621	1
965	622	1
966	10	1
966	17	1
966	35	1
966	39	1
966	115	1
966	268	1
966	282	1
966	293	1
966	296	1
966	298	1
966	317	1
966	320	1
966	331	1
966	349	1
966	351	1
966	356	1
966	369	1
966	370	1
966	371	1
966	388	1
966	391	1
966	402	1
966	408	1
966	411	1
966	412	1
966	419	1
966	420	1
966	422	1
966	425	1
966	433	1
966	435	1
966	437	1
966	442	1
966	446	1
966	448	1
966	451	1
966	452	1
966	456	1
966	457	1
966	459	1
966	460	1
966	463	1
966	469	1
966	471	1
966	476	1
966	479	1
966	480	1
966	481	1
966	482	1
966	484	1
966	487	1
966	489	1
966	491	1
966	498	1
966	501	1
966	502	1
966	503	1
966	511	1
966	512	1
966	513	1
966	515	1
966	517	1
966	521	1
966	522	1
966	523	1
966	524	1
966	525	1
966	526	1
966	527	1
966	532	1
966	533	1
966	536	1
966	537	1
966	538	1
966	541	1
966	544	1
966	545	1
966	546	1
966	547	1
966	549	1
966	550	1
966	552	1
966	554	1
966	558	1
966	561	1
966	562	1
966	563	1
966	564	1
966	566	1
966	568	1
966	570	1
966	574	1
966	575	1
966	578	1
966	580	1
966	581	1
966	582	1
966	583	1
966	584	1
966	585	1
966	587	1
966	588	1
966	589	1
966	590	1
966	591	1
966	592	1
966	596	1
966	599	1
966	600	1
966	601	1
966	602	1
966	603	1
966	605	1
966	607	1
966	609	1
966	611	1
966	612	1
966	613	1
966	614	1
966	615	1
966	616	1
966	618	1
966	620	1
966	621	1
966	623	1
967	75	1
967	117	1
967	122	1
967	152	1
967	178	1
967	181	1
967	189	1
967	254	1
967	287	1
967	294	1
967	298	1
967	305	1
967	312	1
967	314	1
967	334	1
967	335	1
967	339	1
967	352	1
967	362	1
967	384	1
967	386	1
967	391	1
967	394	1
967	415	1
967	418	1
967	427	1
967	428	1
967	431	1
967	434	1
967	435	1
967	453	1
967	454	1
967	457	1
967	464	1
967	468	1
967	469	1
967	470	1
967	471	1
967	478	1
967	480	1
967	489	1
967	490	1
967	494	1
967	496	1
967	500	1
967	501	1
967	502	1
967	503	1
967	505	1
967	510	1
967	512	1
967	514	1
967	517	1
967	518	1
967	520	1
967	521	1
967	523	1
967	526	1
967	527	1
967	529	1
967	532	1
967	533	1
967	534	1
967	536	1
967	537	1
967	538	1
967	539	1
967	540	1
967	543	1
967	546	1
967	547	1
967	548	1
967	551	1
967	552	1
967	555	1
967	556	1
967	560	1
967	561	1
967	563	1
967	564	1
967	568	1
967	572	1
967	574	1
967	575	1
967	576	1
967	580	1
967	582	1
967	584	1
967	585	1
967	586	1
967	588	1
967	589	1
967	590	1
967	592	1
967	593	1
967	595	1
967	596	1
967	597	1
967	598	1
967	599	1
967	600	1
967	601	1
967	602	1
967	603	1
967	604	1
967	605	1
967	606	1
967	607	1
967	608	1
967	609	1
967	610	1
967	611	1
967	612	1
967	613	1
967	614	1
967	615	1
967	616	1
967	617	1
967	618	1
967	619	1
967	620	1
967	621	1
967	622	1
967	623	1
968	23	1
968	190	1
968	227	1
968	239	1
968	243	1
968	252	1
968	272	1
968	280	1
968	317	1
968	319	1
968	358	1
968	369	1
968	370	1
968	373	1
968	382	1
968	396	1
968	401	1
968	409	1
968	411	1
968	413	1
968	417	1
968	419	1
968	421	1
968	424	1
968	427	1
968	434	1
968	435	1
968	437	1
968	440	1
968	442	1
968	443	1
968	452	1
968	459	1
968	461	1
968	462	1
968	466	1
968	470	1
968	473	1
968	474	1
968	475	1
968	477	1
968	478	1
968	484	1
968	486	1
968	489	1
968	490	1
968	492	1
968	496	1
968	498	1
968	504	1
968	508	1
968	511	1
968	512	1
968	514	1
968	517	1
968	518	1
968	519	1
968	520	1
968	523	1
968	525	1
968	527	1
968	532	1
968	534	1
968	536	1
968	538	1
968	541	1
968	542	1
968	543	1
968	544	1
968	550	1
968	551	1
968	552	1
968	553	1
968	555	1
968	557	1
968	560	1
968	562	1
968	564	1
968	566	1
968	567	1
968	568	1
968	569	1
968	571	1
968	573	1
968	574	1
968	575	1
968	576	1
968	577	1
968	579	1
968	582	1
968	583	1
968	587	1
968	588	1
968	589	1
968	590	1
968	591	1
968	593	1
968	594	1
968	595	1
968	597	1
968	598	1
968	599	1
968	600	1
968	601	1
968	602	1
968	603	1
968	605	1
968	606	1
968	607	1
968	608	1
968	609	1
968	610	1
968	611	1
968	612	1
968	613	1
968	614	1
968	615	1
968	616	1
968	617	1
968	618	1
968	619	1
968	620	1
968	621	1
968	622	1
968	623	1
969	24	1
969	113	1
969	188	1
969	269	1
969	286	1
969	295	1
969	297	1
969	307	1
969	308	1
969	317	1
969	332	1
969	336	1
969	346	1
969	367	1
969	376	1
969	386	1
969	395	1
969	396	1
969	404	1
969	408	1
969	417	1
969	419	1
969	421	1
969	426	1
969	429	1
969	434	1
969	436	1
969	440	1
969	441	1
969	443	1
969	459	1
969	460	1
969	477	1
969	478	1
969	479	1
969	488	1
969	491	1
969	495	1
969	497	1
969	499	1
969	500	1
969	501	1
969	502	1
969	503	1
969	504	1
969	505	1
969	506	1
969	507	1
969	509	1
969	512	1
969	513	1
969	517	1
969	519	1
969	520	1
969	525	1
969	527	1
969	528	1
969	531	1
969	532	1
969	533	1
969	535	1
969	536	1
969	538	1
969	540	1
969	541	1
969	542	1
969	544	1
969	545	1
969	546	1
969	547	1
969	548	1
969	549	1
969	552	1
969	553	1
969	554	1
969	555	1
969	557	1
969	558	1
969	559	1
969	560	1
969	563	1
969	565	1
969	568	1
969	569	1
969	570	1
969	571	1
969	572	1
969	574	1
969	575	1
969	579	1
969	581	1
969	582	1
969	583	1
969	584	1
969	585	1
969	586	1
969	587	1
969	588	1
969	590	1
969	591	1
969	592	1
969	596	1
969	597	1
969	600	1
969	602	1
969	603	1
969	605	1
969	606	1
969	607	1
969	608	1
969	609	1
969	610	1
969	611	1
969	612	1
969	613	1
969	614	1
969	615	1
969	616	1
969	617	1
969	618	1
969	619	1
969	620	1
969	621	1
969	622	1
969	623	1
970	225	1
970	254	1
970	269	1
970	294	1
970	296	1
970	311	1
970	314	1
970	342	1
970	343	1
970	351	1
970	356	1
970	358	1
970	365	1
970	372	1
970	374	1
970	393	1
970	401	1
970	403	1
970	417	1
970	419	1
970	422	1
970	423	1
970	430	1
970	435	1
970	436	1
970	440	1
970	441	1
970	444	1
970	446	1
970	448	1
970	452	1
970	455	1
970	457	1
970	469	1
970	472	1
970	475	1
970	478	1
970	479	1
970	483	1
970	485	1
970	490	1
970	494	1
970	499	1
970	502	1
970	504	1
970	506	1
970	512	1
970	515	1
970	516	1
970	518	1
970	520	1
970	521	1
970	523	1
970	526	1
970	527	1
970	528	1
970	529	1
970	530	1
970	531	1
970	533	1
970	535	1
970	537	1
970	539	1
970	540	1
970	544	1
970	546	1
970	548	1
970	549	1
970	550	1
970	551	1
970	552	1
970	553	1
970	554	1
970	555	1
970	557	1
970	559	1
970	560	1
970	561	1
970	562	1
970	563	1
970	564	1
970	565	1
970	566	1
970	567	1
970	569	1
970	573	1
970	574	1
970	575	1
970	576	1
970	577	1
970	578	1
970	580	1
970	581	1
970	582	1
970	583	1
970	584	1
970	587	1
970	588	1
970	589	1
970	590	1
970	592	1
970	593	1
970	595	1
970	596	1
970	598	1
970	599	1
970	600	1
970	601	1
970	604	1
970	605	1
970	606	1
970	607	1
970	608	1
970	609	1
970	611	1
970	612	1
970	613	1
970	616	1
970	617	1
970	619	1
970	620	1
970	621	1
970	622	1
970	623	1
971	116	1
971	117	1
971	123	1
971	188	1
971	216	1
971	306	1
971	309	1
971	312	1
971	318	1
971	342	1
971	350	1
971	356	1
971	358	1
971	368	1
971	378	1
971	382	1
971	385	1
971	390	1
971	396	1
971	401	1
971	408	1
971	412	1
971	415	1
971	416	1
971	418	1
971	421	1
971	422	1
971	424	1
971	427	1
971	433	1
971	435	1
971	436	1
971	439	1
971	444	1
971	445	1
971	446	1
971	448	1
971	449	1
971	453	1
971	466	1
971	467	1
971	474	1
971	479	1
971	481	1
971	486	1
971	488	1
971	489	1
971	492	1
971	498	1
971	499	1
971	500	1
971	501	1
971	503	1
971	504	1
971	505	1
971	507	1
971	509	1
971	510	1
971	513	1
971	516	1
971	517	1
971	520	1
971	522	1
971	523	1
971	531	1
971	532	1
971	534	1
971	535	1
971	539	1
971	540	1
971	541	1
971	542	1
971	544	1
971	546	1
971	548	1
971	551	1
971	552	1
971	554	1
971	555	1
971	556	1
971	559	1
971	561	1
971	564	1
971	569	1
971	570	1
971	573	1
971	575	1
971	576	1
971	578	1
971	579	1
971	581	1
971	582	1
971	583	1
971	584	1
971	588	1
971	589	1
971	590	1
971	592	1
971	593	1
971	594	1
971	595	1
971	596	1
971	597	1
971	599	1
971	601	1
971	602	1
971	603	1
971	604	1
971	606	1
971	607	1
971	609	1
971	610	1
971	611	1
971	612	1
971	613	1
971	614	1
971	615	1
971	616	1
971	617	1
971	618	1
971	619	1
971	620	1
971	621	1
971	622	1
971	623	1
972	147	1
972	184	1
972	262	1
972	275	1
972	299	1
972	318	1
972	323	1
972	327	1
972	330	1
972	332	1
972	344	1
972	362	1
972	364	1
972	367	1
972	373	1
972	375	1
972	384	1
972	388	1
972	391	1
972	393	1
972	403	1
972	410	1
972	411	1
972	428	1
972	437	1
972	438	1
972	439	1
972	440	1
972	453	1
972	454	1
972	456	1
972	457	1
972	461	1
972	462	1
972	468	1
972	471	1
972	477	1
972	480	1
972	487	1
972	488	1
972	490	1
972	493	1
972	494	1
972	496	1
972	497	1
972	499	1
972	502	1
972	503	1
972	504	1
972	507	1
972	509	1
972	510	1
972	511	1
972	514	1
972	516	1
972	518	1
972	519	1
972	524	1
972	526	1
972	529	1
972	531	1
972	533	1
972	536	1
972	537	1
972	538	1
972	539	1
972	540	1
972	541	1
972	543	1
972	544	1
972	547	1
972	548	1
972	551	1
972	554	1
972	555	1
972	557	1
972	558	1
972	559	1
972	560	1
972	562	1
972	563	1
972	565	1
972	567	1
972	568	1
972	569	1
972	570	1
972	571	1
972	572	1
972	573	1
972	574	1
972	575	1
972	576	1
972	578	1
972	580	1
972	581	1
972	582	1
972	583	1
972	584	1
972	585	1
972	588	1
972	589	1
972	590	1
972	591	1
972	592	1
972	593	1
972	594	1
972	600	1
972	601	1
972	602	1
972	603	1
972	606	1
972	607	1
972	608	1
972	610	1
972	612	1
972	613	1
972	615	1
972	616	1
972	617	1
972	618	1
972	619	1
972	620	1
972	621	1
972	622	1
973	74	1
973	163	1
973	251	1
973	265	1
973	285	1
973	308	1
973	313	1
973	346	1
973	348	1
973	358	1
973	360	1
973	370	1
973	376	1
973	377	1
973	396	1
973	398	1
973	401	1
973	403	1
973	404	1
973	411	1
973	418	1
973	422	1
973	430	1
973	433	1
973	436	1
973	440	1
973	443	1
973	446	1
973	447	1
973	453	1
973	457	1
973	460	1
973	461	1
973	463	1
973	468	1
973	473	1
973	474	1
973	475	1
973	476	1
973	478	1
973	482	1
973	484	1
973	485	1
973	486	1
973	490	1
973	492	1
973	493	1
973	497	1
973	498	1
973	504	1
973	505	1
973	507	1
973	508	1
973	511	1
973	512	1
973	516	1
973	518	1
973	519	1
973	520	1
973	525	1
973	526	1
973	528	1
973	530	1
973	531	1
973	532	1
973	533	1
973	536	1
973	542	1
973	543	1
973	544	1
973	546	1
973	548	1
973	549	1
973	551	1
973	553	1
973	555	1
973	556	1
973	558	1
973	559	1
973	560	1
973	561	1
973	562	1
973	563	1
973	565	1
973	567	1
973	568	1
973	569	1
973	570	1
973	571	1
973	572	1
973	573	1
973	575	1
973	576	1
973	578	1
973	579	1
973	581	1
973	582	1
973	585	1
973	586	1
973	587	1
973	588	1
973	589	1
973	590	1
973	591	1
973	592	1
973	594	1
973	595	1
973	596	1
973	600	1
973	602	1
973	603	1
973	604	1
973	606	1
973	609	1
973	611	1
973	612	1
973	613	1
973	615	1
973	617	1
973	619	1
973	620	1
973	621	1
973	622	1
973	623	1
974	26	1
974	105	1
974	114	1
974	179	1
974	209	1
974	233	1
974	247	1
974	317	1
974	343	1
974	354	1
974	357	1
974	364	1
974	366	1
974	369	1
974	377	1
974	395	1
974	397	1
974	401	1
974	408	1
974	409	1
974	411	1
974	415	1
974	417	1
974	420	1
974	423	1
974	428	1
974	434	1
974	437	1
974	438	1
974	439	1
974	440	1
974	446	1
974	447	1
974	453	1
974	454	1
974	456	1
974	457	1
974	460	1
974	463	1
974	465	1
974	466	1
974	469	1
974	471	1
974	476	1
974	478	1
974	480	1
974	482	1
974	485	1
974	492	1
974	493	1
974	494	1
974	497	1
974	498	1
974	499	1
974	504	1
974	506	1
974	509	1
974	513	1
974	514	1
974	520	1
974	522	1
974	523	1
974	527	1
974	528	1
974	530	1
974	535	1
974	536	1
974	537	1
974	538	1
974	540	1
974	541	1
974	543	1
974	544	1
974	545	1
974	546	1
974	548	1
974	551	1
974	552	1
974	553	1
974	554	1
974	555	1
974	556	1
974	557	1
974	558	1
974	561	1
974	562	1
974	563	1
974	564	1
974	567	1
974	569	1
974	570	1
974	571	1
974	573	1
974	575	1
974	576	1
974	577	1
974	578	1
974	580	1
974	581	1
974	583	1
974	584	1
974	585	1
974	586	1
974	588	1
974	589	1
974	591	1
974	596	1
974	597	1
974	598	1
974	600	1
974	601	1
974	602	1
974	605	1
974	606	1
974	607	1
974	609	1
974	610	1
974	613	1
974	614	1
974	616	1
974	617	1
974	618	1
974	622	1
974	623	1
975	128	1
975	192	1
975	232	1
975	241	1
975	278	1
975	293	1
975	303	1
975	340	1
975	343	1
975	350	1
975	351	1
975	375	1
975	382	1
975	384	1
975	388	1
975	399	1
975	402	1
975	407	1
975	413	1
975	414	1
975	419	1
975	421	1
975	424	1
975	429	1
975	431	1
975	432	1
975	444	1
975	446	1
975	451	1
975	454	1
975	455	1
975	457	1
975	458	1
975	462	1
975	463	1
975	464	1
975	465	1
975	466	1
975	471	1
975	472	1
975	475	1
975	483	1
975	484	1
975	488	1
975	490	1
975	493	1
975	494	1
975	495	1
975	505	1
975	509	1
975	510	1
975	512	1
975	513	1
975	515	1
975	516	1
975	524	1
975	527	1
975	528	1
975	530	1
975	531	1
975	532	1
975	533	1
975	535	1
975	536	1
975	537	1
975	538	1
975	539	1
975	541	1
975	543	1
975	544	1
975	545	1
975	546	1
975	549	1
975	550	1
975	552	1
975	553	1
975	554	1
975	556	1
975	557	1
975	558	1
975	563	1
975	564	1
975	566	1
975	567	1
975	569	1
975	570	1
975	571	1
975	572	1
975	573	1
975	574	1
975	576	1
975	579	1
975	580	1
975	581	1
975	582	1
975	583	1
975	586	1
975	589	1
975	591	1
975	594	1
975	595	1
975	596	1
975	597	1
975	598	1
975	599	1
975	600	1
975	601	1
975	602	1
975	603	1
975	605	1
975	606	1
975	608	1
975	609	1
975	610	1
975	611	1
975	612	1
975	613	1
975	614	1
975	615	1
975	618	1
975	619	1
975	620	1
975	621	1
975	622	1
975	623	1
976	14	1
976	34	1
976	133	1
976	179	1
976	308	1
976	324	1
976	325	1
976	332	1
976	337	1
976	338	1
976	339	1
976	346	1
976	350	1
976	351	1
976	358	1
976	369	1
976	373	1
976	376	1
976	385	1
976	401	1
976	406	1
976	419	1
976	424	1
976	426	1
976	428	1
976	429	1
976	430	1
976	431	1
976	432	1
976	434	1
976	436	1
976	441	1
976	442	1
976	444	1
976	451	1
976	459	1
976	460	1
976	463	1
976	469	1
976	470	1
976	471	1
976	483	1
976	485	1
976	486	1
976	487	1
976	490	1
976	491	1
976	492	1
976	495	1
976	496	1
976	503	1
976	505	1
976	507	1
976	509	1
976	510	1
976	511	1
976	516	1
976	519	1
976	520	1
976	521	1
976	525	1
976	527	1
976	528	1
976	531	1
976	534	1
976	535	1
976	538	1
976	539	1
976	540	1
976	542	1
976	546	1
976	547	1
976	549	1
976	552	1
976	553	1
976	556	1
976	557	1
976	558	1
976	559	1
976	562	1
976	565	1
976	567	1
976	568	1
976	569	1
976	570	1
976	571	1
976	572	1
976	573	1
976	574	1
976	575	1
976	576	1
976	582	1
976	583	1
976	585	1
976	586	1
976	587	1
976	588	1
976	590	1
976	593	1
976	594	1
976	595	1
976	596	1
976	598	1
976	599	1
976	601	1
976	602	1
976	603	1
976	604	1
976	605	1
976	606	1
976	608	1
976	609	1
976	610	1
976	611	1
976	612	1
976	613	1
976	615	1
976	616	1
976	617	1
976	618	1
976	619	1
976	620	1
976	621	1
976	622	1
976	623	1
977	120	1
977	294	1
977	313	1
977	323	1
977	355	1
977	364	1
977	375	1
977	380	1
977	388	1
977	389	1
977	395	1
977	402	1
977	404	1
977	414	1
977	416	1
977	417	1
977	418	1
977	421	1
977	428	1
977	437	1
977	448	1
977	450	1
977	454	1
977	455	1
977	456	1
977	457	1
977	464	1
977	467	1
977	468	1
977	476	1
977	479	1
977	481	1
977	482	1
977	485	1
977	486	1
977	488	1
977	490	1
977	493	1
977	495	1
977	497	1
977	499	1
977	500	1
977	503	1
977	504	1
977	505	1
977	507	1
977	508	1
977	509	1
977	512	1
977	515	1
977	516	1
977	517	1
977	519	1
977	522	1
977	523	1
977	524	1
977	525	1
977	526	1
977	527	1
977	530	1
977	533	1
977	534	1
977	535	1
977	536	1
977	537	1
977	538	1
977	540	1
977	541	1
977	542	1
977	544	1
977	546	1
977	548	1
977	549	1
977	552	1
977	554	1
977	555	1
977	556	1
977	557	1
977	560	1
977	561	1
977	563	1
977	565	1
977	566	1
977	568	1
977	569	1
977	570	1
977	571	1
977	573	1
977	575	1
977	577	1
977	578	1
977	580	1
977	582	1
977	584	1
977	588	1
977	590	1
977	591	1
977	592	1
977	593	1
977	595	1
977	596	1
977	597	1
977	598	1
977	599	1
977	600	1
977	601	1
977	602	1
977	604	1
977	605	1
977	606	1
977	607	1
977	609	1
977	610	1
977	611	1
977	613	1
977	614	1
977	615	1
977	616	1
977	617	1
977	618	1
977	619	1
977	620	1
977	621	1
977	622	1
977	623	1
978	46	1
978	84	1
978	89	1
978	122	1
978	238	1
978	316	1
978	339	1
978	349	1
978	351	1
978	353	1
978	368	1
978	373	1
978	375	1
978	376	1
978	411	1
978	412	1
978	416	1
978	423	1
978	427	1
978	434	1
978	436	1
978	444	1
978	446	1
978	451	1
978	452	1
978	456	1
978	457	1
978	460	1
978	461	1
978	469	1
978	470	1
978	471	1
978	473	1
978	474	1
978	476	1
978	483	1
978	484	1
978	486	1
978	487	1
978	488	1
978	489	1
978	490	1
978	491	1
978	496	1
978	498	1
978	501	1
978	503	1
978	505	1
978	506	1
978	507	1
978	509	1
978	510	1
978	512	1
978	513	1
978	517	1
978	518	1
978	520	1
978	523	1
978	524	1
978	528	1
978	529	1
978	530	1
978	531	1
978	533	1
978	534	1
978	535	1
978	536	1
978	540	1
978	542	1
978	543	1
978	545	1
978	547	1
978	548	1
978	549	1
978	550	1
978	552	1
978	554	1
978	556	1
978	557	1
978	559	1
978	561	1
978	562	1
978	563	1
978	564	1
978	565	1
978	566	1
978	567	1
978	569	1
978	570	1
978	574	1
978	576	1
978	577	1
978	578	1
978	580	1
978	581	1
978	584	1
978	586	1
978	587	1
978	589	1
978	590	1
978	592	1
978	594	1
978	596	1
978	597	1
978	598	1
978	599	1
978	600	1
978	601	1
978	602	1
978	604	1
978	605	1
978	607	1
978	610	1
978	611	1
978	612	1
978	613	1
978	614	1
978	615	1
978	616	1
978	617	1
978	618	1
978	619	1
978	620	1
978	621	1
978	623	1
979	40	1
979	44	1
979	100	1
979	270	1
979	285	1
979	308	1
979	313	1
979	327	1
979	351	1
979	369	1
979	371	1
979	383	1
979	388	1
979	390	1
979	404	1
979	407	1
979	408	1
979	412	1
979	414	1
979	420	1
979	421	1
979	422	1
979	431	1
979	432	1
979	446	1
979	448	1
979	453	1
979	457	1
979	460	1
979	465	1
979	468	1
979	469	1
979	470	1
979	472	1
979	476	1
979	479	1
979	484	1
979	485	1
979	488	1
979	490	1
979	493	1
979	494	1
979	499	1
979	501	1
979	504	1
979	506	1
979	507	1
979	508	1
979	509	1
979	513	1
979	514	1
979	515	1
979	520	1
979	521	1
979	527	1
979	528	1
979	532	1
979	533	1
979	535	1
979	537	1
979	539	1
979	540	1
979	544	1
979	545	1
979	546	1
979	548	1
979	549	1
979	551	1
979	552	1
979	553	1
979	554	1
979	555	1
979	556	1
979	558	1
979	559	1
979	561	1
979	563	1
979	565	1
979	566	1
979	567	1
979	568	1
979	571	1
979	572	1
979	574	1
979	575	1
979	576	1
979	578	1
979	580	1
979	581	1
979	582	1
979	583	1
979	585	1
979	586	1
979	587	1
979	589	1
979	590	1
979	591	1
979	592	1
979	593	1
979	594	1
979	595	1
979	596	1
979	597	1
979	598	1
979	599	1
979	600	1
979	601	1
979	602	1
979	603	1
979	604	1
979	605	1
979	606	1
979	608	1
979	610	1
979	612	1
979	613	1
979	614	1
979	615	1
979	617	1
979	618	1
979	619	1
979	620	1
979	621	1
979	622	1
979	623	1
980	138	1
980	178	1
980	187	1
980	259	1
980	265	1
980	299	1
980	314	1
980	324	1
980	327	1
980	368	1
980	382	1
980	385	1
980	387	1
980	392	1
980	394	1
980	404	1
980	409	1
980	415	1
980	417	1
980	419	1
980	420	1
980	424	1
980	430	1
980	434	1
980	436	1
980	443	1
980	445	1
980	453	1
980	456	1
980	460	1
980	461	1
980	467	1
980	468	1
980	474	1
980	479	1
980	485	1
980	486	1
980	488	1
980	489	1
980	492	1
980	494	1
980	495	1
980	496	1
980	499	1
980	500	1
980	501	1
980	504	1
980	507	1
980	508	1
980	509	1
980	511	1
980	513	1
980	514	1
980	516	1
980	519	1
980	521	1
980	525	1
980	526	1
980	528	1
980	529	1
980	531	1
980	532	1
980	533	1
980	534	1
980	536	1
980	537	1
980	540	1
980	543	1
980	544	1
980	545	1
980	546	1
980	548	1
980	550	1
980	553	1
980	554	1
980	555	1
980	558	1
980	559	1
980	561	1
980	564	1
980	565	1
980	566	1
980	567	1
980	568	1
980	569	1
980	570	1
980	572	1
980	573	1
980	574	1
980	578	1
980	580	1
980	582	1
980	583	1
980	584	1
980	585	1
980	586	1
980	587	1
980	589	1
980	592	1
980	594	1
980	596	1
980	598	1
980	599	1
980	600	1
980	602	1
980	603	1
980	604	1
980	606	1
980	607	1
980	608	1
980	610	1
980	611	1
980	612	1
980	613	1
980	614	1
980	615	1
980	616	1
980	617	1
980	618	1
980	619	1
980	620	1
980	621	1
980	622	1
980	623	1
981	117	1
981	131	1
981	196	1
981	216	1
981	229	1
981	277	1
981	294	1
981	336	1
981	337	1
981	338	1
981	339	1
981	342	1
981	359	1
981	364	1
981	366	1
981	381	1
981	383	1
981	385	1
981	401	1
981	406	1
981	410	1
981	421	1
981	422	1
981	423	1
981	428	1
981	441	1
981	442	1
981	447	1
981	449	1
981	451	1
981	454	1
981	459	1
981	460	1
981	461	1
981	466	1
981	467	1
981	469	1
981	483	1
981	484	1
981	485	1
981	486	1
981	487	1
981	488	1
981	489	1
981	491	1
981	493	1
981	497	1
981	499	1
981	501	1
981	502	1
981	503	1
981	504	1
981	506	1
981	509	1
981	511	1
981	513	1
981	516	1
981	517	1
981	518	1
981	520	1
981	522	1
981	526	1
981	528	1
981	530	1
981	533	1
981	536	1
981	539	1
981	543	1
981	544	1
981	546	1
981	547	1
981	548	1
981	549	1
981	550	1
981	552	1
981	553	1
981	555	1
981	556	1
981	558	1
981	559	1
981	560	1
981	562	1
981	563	1
981	565	1
981	567	1
981	568	1
981	571	1
981	575	1
981	576	1
981	577	1
981	578	1
981	579	1
981	580	1
981	582	1
981	583	1
981	585	1
981	586	1
981	588	1
981	589	1
981	590	1
981	593	1
981	595	1
981	596	1
981	598	1
981	599	1
981	600	1
981	601	1
981	602	1
981	603	1
981	604	1
981	605	1
981	607	1
981	608	1
981	609	1
981	610	1
981	611	1
981	612	1
981	614	1
981	616	1
981	619	1
981	620	1
981	621	1
981	622	1
981	623	1
982	183	1
982	197	1
982	211	1
982	247	1
982	283	1
982	294	1
982	305	1
982	322	1
982	330	1
982	347	1
982	349	1
982	368	1
982	369	1
982	371	1
982	380	1
982	399	1
982	400	1
982	402	1
982	405	1
982	409	1
982	414	1
982	415	1
982	423	1
982	429	1
982	430	1
982	431	1
982	434	1
982	439	1
982	440	1
982	441	1
982	449	1
982	450	1
982	454	1
982	456	1
982	458	1
982	459	1
982	463	1
982	466	1
982	468	1
982	470	1
982	471	1
982	472	1
982	473	1
982	474	1
982	476	1
982	477	1
982	478	1
982	479	1
982	487	1
982	496	1
982	497	1
982	501	1
982	504	1
982	505	1
982	506	1
982	507	1
982	508	1
982	510	1
982	517	1
982	518	1
982	519	1
982	522	1
982	523	1
982	524	1
982	527	1
982	528	1
982	531	1
982	532	1
982	536	1
982	537	1
982	540	1
982	543	1
982	544	1
982	545	1
982	547	1
982	550	1
982	552	1
982	556	1
982	557	1
982	559	1
982	560	1
982	562	1
982	563	1
982	564	1
982	565	1
982	567	1
982	569	1
982	570	1
982	571	1
982	572	1
982	574	1
982	575	1
982	576	1
982	578	1
982	582	1
982	583	1
982	584	1
982	585	1
982	586	1
982	588	1
982	589	1
982	590	1
982	591	1
982	592	1
982	594	1
982	595	1
982	598	1
982	600	1
982	601	1
982	602	1
982	603	1
982	604	1
982	605	1
982	606	1
982	609	1
982	611	1
982	612	1
982	614	1
982	617	1
982	618	1
982	619	1
982	620	1
982	621	1
982	622	1
982	623	1
983	187	1
983	220	1
983	221	1
983	243	1
983	251	1
983	269	1
983	300	1
983	305	1
983	307	1
983	350	1
983	353	1
983	363	1
983	369	1
983	378	1
983	384	1
983	388	1
983	389	1
983	395	1
983	407	1
983	409	1
983	410	1
983	414	1
983	426	1
983	427	1
983	432	1
983	442	1
983	448	1
983	450	1
983	452	1
983	453	1
983	454	1
983	457	1
983	458	1
983	459	1
983	471	1
983	472	1
983	473	1
983	474	1
983	477	1
983	482	1
983	483	1
983	490	1
983	491	1
983	492	1
983	495	1
983	496	1
983	499	1
983	500	1
983	501	1
983	502	1
983	508	1
983	510	1
983	517	1
983	518	1
983	525	1
983	526	1
983	528	1
983	530	1
983	531	1
983	534	1
983	536	1
983	538	1
983	539	1
983	540	1
983	541	1
983	545	1
983	547	1
983	549	1
983	550	1
983	551	1
983	552	1
983	553	1
983	555	1
983	556	1
983	564	1
983	566	1
983	567	1
983	569	1
983	570	1
983	571	1
983	572	1
983	573	1
983	574	1
983	575	1
983	577	1
983	578	1
983	580	1
983	581	1
983	582	1
983	583	1
983	584	1
983	585	1
983	586	1
983	587	1
983	588	1
983	589	1
983	590	1
983	592	1
983	593	1
983	595	1
983	596	1
983	597	1
983	598	1
983	599	1
983	600	1
983	602	1
983	604	1
983	605	1
983	606	1
983	607	1
983	608	1
983	609	1
983	610	1
983	611	1
983	612	1
983	613	1
983	614	1
983	615	1
983	616	1
983	617	1
983	618	1
983	620	1
983	621	1
983	622	1
983	623	1
984	144	1
984	241	1
984	268	1
984	303	1
984	328	1
984	335	1
984	336	1
984	341	1
984	343	1
984	357	1
984	359	1
984	385	1
984	387	1
984	395	1
984	412	1
984	422	1
984	424	1
984	427	1
984	428	1
984	436	1
984	442	1
984	444	1
984	447	1
984	453	1
984	457	1
984	462	1
984	463	1
984	464	1
984	465	1
984	468	1
984	474	1
984	475	1
984	477	1
984	480	1
984	485	1
984	486	1
984	487	1
984	488	1
984	492	1
984	493	1
984	496	1
984	497	1
984	498	1
984	501	1
984	503	1
984	504	1
984	505	1
984	507	1
984	510	1
984	514	1
984	517	1
984	519	1
984	521	1
984	525	1
984	526	1
984	527	1
984	528	1
984	529	1
984	536	1
984	538	1
984	539	1
984	540	1
984	542	1
984	543	1
984	544	1
984	545	1
984	546	1
984	548	1
984	550	1
984	551	1
984	554	1
984	558	1
984	560	1
984	561	1
984	562	1
984	564	1
984	565	1
984	566	1
984	567	1
984	568	1
984	569	1
984	570	1
984	572	1
984	573	1
984	574	1
984	578	1
984	579	1
984	580	1
984	581	1
984	583	1
984	584	1
984	585	1
984	587	1
984	588	1
984	589	1
984	590	1
984	591	1
984	592	1
984	593	1
984	594	1
984	595	1
984	596	1
984	597	1
984	598	1
984	599	1
984	601	1
984	602	1
984	603	1
984	605	1
984	606	1
984	607	1
984	610	1
984	611	1
984	612	1
984	614	1
984	615	1
984	616	1
984	617	1
984	618	1
984	619	1
984	620	1
984	621	1
984	622	1
984	623	1
985	18	1
985	118	1
985	162	1
985	185	1
985	231	1
985	252	1
985	283	1
985	291	1
985	323	1
985	327	1
985	339	1
985	342	1
985	348	1
985	351	1
985	355	1
985	361	1
985	377	1
985	380	1
985	383	1
985	384	1
985	385	1
985	386	1
985	387	1
985	388	1
985	393	1
985	396	1
985	406	1
985	409	1
985	421	1
985	440	1
985	446	1
985	450	1
985	451	1
985	453	1
985	462	1
985	466	1
985	467	1
985	469	1
985	470	1
985	474	1
985	475	1
985	479	1
985	484	1
985	486	1
985	487	1
985	489	1
985	491	1
985	492	1
985	496	1
985	499	1
985	500	1
985	502	1
985	503	1
985	505	1
985	508	1
985	514	1
985	515	1
985	518	1
985	519	1
985	520	1
985	521	1
985	522	1
985	523	1
985	525	1
985	526	1
985	527	1
985	528	1
985	529	1
985	531	1
985	532	1
985	533	1
985	535	1
985	536	1
985	537	1
985	541	1
985	542	1
985	545	1
985	546	1
985	552	1
985	554	1
985	557	1
985	558	1
985	560	1
985	562	1
985	563	1
985	564	1
985	567	1
985	570	1
985	571	1
985	573	1
985	574	1
985	577	1
985	578	1
985	579	1
985	580	1
985	581	1
985	584	1
985	588	1
985	589	1
985	590	1
985	591	1
985	594	1
985	598	1
985	599	1
985	600	1
985	601	1
985	602	1
985	603	1
985	604	1
985	605	1
985	607	1
985	608	1
985	609	1
985	611	1
985	612	1
985	613	1
985	614	1
985	615	1
985	617	1
985	618	1
985	619	1
985	620	1
985	622	1
985	623	1
986	4	1
986	24	1
986	143	1
986	239	1
986	241	1
986	255	1
986	287	1
986	301	1
986	317	1
986	328	1
986	354	1
986	359	1
986	363	1
986	386	1
986	391	1
986	405	1
986	407	1
986	413	1
986	415	1
986	418	1
986	420	1
986	426	1
986	436	1
986	437	1
986	441	1
986	446	1
986	448	1
986	449	1
986	452	1
986	454	1
986	462	1
986	470	1
986	471	1
986	473	1
986	474	1
986	476	1
986	477	1
986	480	1
986	482	1
986	484	1
986	487	1
986	488	1
986	489	1
986	490	1
986	496	1
986	498	1
986	501	1
986	502	1
986	503	1
986	504	1
986	506	1
986	511	1
986	513	1
986	514	1
986	517	1
986	520	1
986	521	1
986	527	1
986	529	1
986	530	1
986	533	1
986	534	1
986	535	1
986	537	1
986	538	1
986	540	1
986	541	1
986	543	1
986	546	1
986	547	1
986	549	1
986	550	1
986	552	1
986	554	1
986	555	1
986	558	1
986	560	1
986	562	1
986	565	1
986	566	1
986	567	1
986	568	1
986	570	1
986	572	1
986	573	1
986	575	1
986	576	1
986	577	1
986	578	1
986	580	1
986	582	1
986	583	1
986	584	1
986	585	1
986	586	1
986	588	1
986	589	1
986	590	1
986	593	1
986	594	1
986	595	1
986	596	1
986	597	1
986	598	1
986	599	1
986	600	1
986	601	1
986	603	1
986	604	1
986	605	1
986	607	1
986	608	1
986	609	1
986	610	1
986	612	1
986	613	1
986	614	1
986	615	1
986	616	1
986	617	1
986	618	1
986	620	1
986	621	1
986	622	1
987	111	1
987	141	1
987	217	1
987	272	1
987	304	1
987	306	1
987	311	1
987	339	1
987	361	1
987	371	1
987	383	1
987	384	1
987	394	1
987	405	1
987	407	1
987	410	1
987	417	1
987	421	1
987	425	1
987	434	1
987	449	1
987	451	1
987	453	1
987	455	1
987	457	1
987	459	1
987	463	1
987	468	1
987	473	1
987	477	1
987	479	1
987	481	1
987	485	1
987	488	1
987	489	1
987	494	1
987	496	1
987	497	1
987	499	1
987	500	1
987	501	1
987	502	1
987	506	1
987	511	1
987	512	1
987	516	1
987	517	1
987	518	1
987	521	1
987	522	1
987	524	1
987	527	1
987	530	1
987	531	1
987	532	1
987	533	1
987	535	1
987	536	1
987	537	1
987	538	1
987	540	1
987	541	1
987	542	1
987	543	1
987	544	1
987	546	1
987	548	1
987	549	1
987	551	1
987	552	1
987	557	1
987	559	1
987	561	1
987	564	1
987	565	1
987	566	1
987	567	1
987	568	1
987	569	1
987	571	1
987	572	1
987	574	1
987	575	1
987	576	1
987	578	1
987	579	1
987	580	1
987	581	1
987	582	1
987	583	1
987	584	1
987	585	1
987	586	1
987	587	1
987	588	1
987	589	1
987	590	1
987	591	1
987	592	1
987	593	1
987	595	1
987	596	1
987	597	1
987	598	1
987	600	1
987	602	1
987	603	1
987	604	1
987	605	1
987	606	1
987	609	1
987	610	1
987	611	1
987	612	1
987	613	1
987	614	1
987	615	1
987	616	1
987	617	1
987	618	1
987	619	1
987	620	1
987	621	1
987	622	1
987	623	1
988	200	1
988	226	1
988	283	1
988	292	1
988	321	1
988	324	1
988	353	1
988	356	1
988	371	1
988	373	1
988	376	1
988	384	1
988	385	1
988	387	1
988	392	1
988	393	1
988	396	1
988	397	1
988	402	1
988	422	1
988	433	1
988	441	1
988	442	1
988	445	1
988	447	1
988	453	1
988	456	1
988	460	1
988	461	1
988	462	1
988	463	1
988	465	1
988	470	1
988	473	1
988	474	1
988	479	1
988	480	1
988	483	1
988	488	1
988	493	1
988	496	1
988	497	1
988	499	1
988	502	1
988	505	1
988	506	1
988	514	1
988	515	1
988	517	1
988	519	1
988	522	1
988	524	1
988	526	1
988	528	1
988	529	1
988	531	1
988	532	1
988	533	1
988	535	1
988	536	1
988	540	1
988	542	1
988	544	1
988	545	1
988	549	1
988	550	1
988	551	1
988	553	1
988	554	1
988	555	1
988	558	1
988	559	1
988	560	1
988	561	1
988	563	1
988	564	1
988	567	1
988	569	1
988	570	1
988	571	1
988	572	1
988	573	1
988	574	1
988	576	1
988	577	1
988	579	1
988	580	1
988	582	1
988	583	1
988	585	1
988	586	1
988	587	1
988	588	1
988	589	1
988	590	1
988	592	1
988	593	1
988	595	1
988	596	1
988	597	1
988	598	1
988	599	1
988	600	1
988	601	1
988	602	1
988	603	1
988	604	1
988	605	1
988	606	1
988	608	1
988	609	1
988	610	1
988	611	1
988	612	1
988	613	1
988	614	1
988	615	1
988	616	1
988	617	1
988	618	1
988	619	1
988	620	1
988	621	1
988	622	1
988	623	1
989	150	1
989	199	1
989	229	1
989	282	1
989	319	1
989	322	1
989	325	1
989	327	1
989	338	1
989	340	1
989	345	1
989	348	1
989	355	1
989	361	1
989	365	1
989	378	1
989	381	1
989	395	1
989	399	1
989	401	1
989	402	1
989	413	1
989	420	1
989	425	1
989	426	1
989	428	1
989	429	1
989	432	1
989	436	1
989	444	1
989	446	1
989	448	1
989	451	1
989	455	1
989	461	1
989	466	1
989	470	1
989	474	1
989	478	1
989	481	1
989	485	1
989	487	1
989	489	1
989	491	1
989	495	1
989	498	1
989	504	1
989	511	1
989	512	1
989	513	1
989	514	1
989	515	1
989	516	1
989	517	1
989	521	1
989	522	1
989	523	1
989	524	1
989	528	1
989	529	1
989	530	1
989	531	1
989	536	1
989	539	1
989	540	1
989	541	1
989	543	1
989	545	1
989	547	1
989	549	1
989	551	1
989	552	1
989	553	1
989	554	1
989	555	1
989	556	1
989	557	1
989	558	1
989	560	1
989	561	1
989	564	1
989	567	1
989	570	1
989	574	1
989	575	1
989	576	1
989	579	1
989	580	1
989	581	1
989	582	1
989	584	1
989	585	1
989	586	1
989	587	1
989	588	1
989	589	1
989	591	1
989	592	1
989	593	1
989	594	1
989	595	1
989	596	1
989	597	1
989	598	1
989	599	1
989	600	1
989	601	1
989	602	1
989	603	1
989	605	1
989	606	1
989	607	1
989	608	1
989	610	1
989	611	1
989	612	1
989	614	1
989	616	1
989	617	1
989	618	1
989	619	1
989	620	1
989	621	1
989	622	1
989	623	1
990	13	1
990	58	1
990	63	1
990	80	1
990	293	1
990	302	1
990	316	1
990	337	1
990	340	1
990	354	1
990	361	1
990	367	1
990	372	1
990	378	1
990	380	1
990	383	1
990	390	1
990	396	1
990	405	1
990	414	1
990	415	1
990	422	1
990	429	1
990	430	1
990	437	1
990	438	1
990	440	1
990	444	1
990	445	1
990	446	1
990	448	1
990	452	1
990	453	1
990	454	1
990	455	1
990	456	1
990	460	1
990	466	1
990	467	1
990	468	1
990	471	1
990	473	1
990	479	1
990	480	1
990	481	1
990	482	1
990	483	1
990	486	1
990	490	1
990	491	1
990	492	1
990	495	1
990	497	1
990	502	1
990	503	1
990	505	1
990	509	1
990	510	1
990	517	1
990	519	1
990	523	1
990	525	1
990	532	1
990	533	1
990	534	1
990	536	1
990	539	1
990	540	1
990	542	1
990	543	1
990	546	1
990	547	1
990	551	1
990	552	1
990	556	1
990	558	1
990	561	1
990	562	1
990	563	1
990	564	1
990	566	1
990	567	1
990	568	1
990	569	1
990	572	1
990	573	1
990	574	1
990	577	1
990	578	1
990	579	1
990	580	1
990	582	1
990	583	1
990	584	1
990	585	1
990	586	1
990	587	1
990	589	1
990	590	1
990	592	1
990	593	1
990	596	1
990	597	1
990	598	1
990	599	1
990	600	1
990	601	1
990	602	1
990	603	1
990	604	1
990	606	1
990	607	1
990	608	1
990	609	1
990	610	1
990	612	1
990	614	1
990	615	1
990	616	1
990	617	1
990	619	1
990	620	1
990	621	1
990	622	1
990	623	1
991	70	1
991	117	1
991	207	1
991	214	1
991	246	1
991	271	1
991	274	1
991	327	1
991	329	1
991	361	1
991	369	1
991	376	1
991	377	1
991	386	1
991	389	1
991	400	1
991	413	1
991	416	1
991	426	1
991	427	1
991	436	1
991	437	1
991	438	1
991	440	1
991	443	1
991	446	1
991	456	1
991	458	1
991	459	1
991	462	1
991	466	1
991	467	1
991	469	1
991	474	1
991	476	1
991	477	1
991	478	1
991	485	1
991	486	1
991	496	1
991	497	1
991	504	1
991	505	1
991	509	1
991	512	1
991	514	1
991	515	1
991	518	1
991	519	1
991	520	1
991	521	1
991	522	1
991	523	1
991	524	1
991	525	1
991	526	1
991	527	1
991	529	1
991	530	1
991	531	1
991	535	1
991	537	1
991	538	1
991	544	1
991	546	1
991	547	1
991	549	1
991	551	1
991	552	1
991	553	1
991	557	1
991	558	1
991	559	1
991	561	1
991	562	1
991	564	1
991	565	1
991	566	1
991	567	1
991	570	1
991	571	1
991	572	1
991	574	1
991	576	1
991	577	1
991	578	1
991	579	1
991	580	1
991	581	1
991	582	1
991	584	1
991	585	1
991	587	1
991	588	1
991	590	1
991	591	1
991	592	1
991	593	1
991	594	1
991	595	1
991	596	1
991	597	1
991	598	1
991	599	1
991	600	1
991	601	1
991	603	1
991	604	1
991	606	1
991	607	1
991	608	1
991	609	1
991	610	1
991	611	1
991	612	1
991	613	1
991	615	1
991	616	1
991	617	1
991	618	1
991	619	1
991	620	1
991	621	1
991	622	1
991	623	1
992	10	1
992	49	1
992	112	1
992	136	1
992	259	1
992	317	1
992	322	1
992	328	1
992	364	1
992	371	1
992	382	1
992	384	1
992	387	1
992	388	1
992	391	1
992	395	1
992	397	1
992	403	1
992	405	1
992	406	1
992	408	1
992	409	1
992	437	1
992	438	1
992	439	1
992	441	1
992	443	1
992	444	1
992	447	1
992	450	1
992	454	1
992	457	1
992	463	1
992	464	1
992	465	1
992	467	1
992	472	1
992	477	1
992	480	1
992	481	1
992	483	1
992	484	1
992	491	1
992	492	1
992	493	1
992	494	1
992	499	1
992	502	1
992	504	1
992	506	1
992	508	1
992	510	1
992	511	1
992	512	1
992	513	1
992	514	1
992	517	1
992	521	1
992	523	1
992	524	1
992	526	1
992	527	1
992	528	1
992	529	1
992	531	1
992	534	1
992	535	1
992	539	1
992	542	1
992	543	1
992	544	1
992	545	1
992	550	1
992	551	1
992	553	1
992	557	1
992	558	1
992	561	1
992	563	1
992	564	1
992	566	1
992	567	1
992	568	1
992	569	1
992	570	1
992	571	1
992	574	1
992	575	1
992	576	1
992	579	1
992	580	1
992	581	1
992	582	1
992	583	1
992	586	1
992	587	1
992	588	1
992	589	1
992	591	1
992	594	1
992	595	1
992	596	1
992	598	1
992	599	1
992	600	1
992	601	1
992	602	1
992	603	1
992	604	1
992	605	1
992	607	1
992	608	1
992	610	1
992	611	1
992	612	1
992	613	1
992	614	1
992	616	1
992	617	1
992	618	1
992	619	1
992	620	1
992	621	1
992	623	1
993	62	1
993	72	1
993	92	1
993	158	1
993	177	1
993	184	1
993	242	1
993	246	1
993	279	1
993	286	1
993	303	1
993	311	1
993	320	1
993	323	1
993	328	1
993	340	1
993	348	1
993	376	1
993	389	1
993	398	1
993	401	1
993	406	1
993	409	1
993	415	1
993	421	1
993	423	1
993	428	1
993	430	1
993	433	1
993	442	1
993	444	1
993	445	1
993	448	1
993	449	1
993	451	1
993	452	1
993	453	1
993	455	1
993	458	1
993	467	1
993	469	1
993	470	1
993	473	1
993	476	1
993	478	1
993	480	1
993	482	1
993	491	1
993	494	1
993	497	1
993	498	1
993	500	1
993	504	1
993	505	1
993	508	1
993	510	1
993	511	1
993	512	1
993	513	1
993	518	1
993	519	1
993	520	1
993	523	1
993	524	1
993	528	1
993	532	1
993	533	1
993	534	1
993	537	1
993	538	1
993	539	1
993	540	1
993	543	1
993	545	1
993	546	1
993	548	1
993	549	1
993	550	1
993	551	1
993	556	1
993	557	1
993	560	1
993	566	1
993	568	1
993	569	1
993	571	1
993	572	1
993	573	1
993	574	1
993	575	1
993	576	1
993	578	1
993	579	1
993	582	1
993	583	1
993	584	1
993	585	1
993	586	1
993	587	1
993	589	1
993	592	1
993	593	1
993	594	1
993	598	1
993	599	1
993	600	1
993	601	1
993	602	1
993	603	1
993	604	1
993	607	1
993	609	1
993	610	1
993	611	1
993	613	1
993	615	1
993	616	1
993	617	1
993	618	1
993	619	1
993	620	1
993	621	1
993	622	1
993	623	1
994	54	1
994	129	1
994	149	1
994	150	1
994	201	1
994	208	1
994	215	1
994	249	1
994	285	1
994	293	1
994	320	1
994	344	1
994	368	1
994	378	1
994	386	1
994	396	1
994	400	1
994	401	1
994	405	1
994	406	1
994	407	1
994	408	1
994	410	1
994	417	1
994	430	1
994	434	1
994	438	1
994	441	1
994	443	1
994	448	1
994	451	1
994	460	1
994	461	1
994	464	1
994	468	1
994	469	1
994	472	1
994	474	1
994	475	1
994	476	1
994	477	1
994	479	1
994	480	1
994	481	1
994	485	1
994	487	1
994	488	1
994	489	1
994	491	1
994	492	1
994	495	1
994	497	1
994	498	1
994	499	1
994	502	1
994	503	1
994	504	1
994	505	1
994	507	1
994	510	1
994	513	1
994	525	1
994	526	1
994	528	1
994	529	1
994	530	1
994	532	1
994	537	1
994	538	1
994	539	1
994	540	1
994	543	1
994	544	1
994	545	1
994	546	1
994	548	1
994	557	1
994	558	1
994	561	1
994	562	1
994	563	1
994	564	1
994	566	1
994	568	1
994	571	1
994	573	1
994	574	1
994	576	1
994	578	1
994	579	1
994	580	1
994	582	1
994	583	1
994	584	1
994	585	1
994	586	1
994	587	1
994	588	1
994	589	1
994	590	1
994	592	1
994	593	1
994	595	1
994	597	1
994	598	1
994	599	1
994	602	1
994	603	1
994	605	1
994	606	1
994	607	1
994	608	1
994	609	1
994	610	1
994	612	1
994	614	1
994	615	1
994	616	1
994	617	1
994	618	1
994	619	1
994	620	1
994	621	1
994	622	1
995	283	1
995	319	1
995	331	1
995	340	1
995	344	1
995	349	1
995	353	1
995	356	1
995	366	1
995	370	1
995	372	1
995	374	1
995	375	1
995	388	1
995	395	1
995	402	1
995	406	1
995	409	1
995	410	1
995	412	1
995	415	1
995	417	1
995	424	1
995	428	1
995	429	1
995	430	1
995	437	1
995	439	1
995	440	1
995	443	1
995	447	1
995	449	1
995	453	1
995	455	1
995	456	1
995	457	1
995	460	1
995	461	1
995	462	1
995	465	1
995	468	1
995	472	1
995	473	1
995	481	1
995	483	1
995	486	1
995	495	1
995	496	1
995	498	1
995	503	1
995	506	1
995	507	1
995	508	1
995	510	1
995	511	1
995	512	1
995	515	1
995	516	1
995	518	1
995	519	1
995	527	1
995	530	1
995	531	1
995	535	1
995	536	1
995	539	1
995	540	1
995	542	1
995	543	1
995	544	1
995	545	1
995	547	1
995	549	1
995	551	1
995	552	1
995	553	1
995	555	1
995	559	1
995	560	1
995	564	1
995	566	1
995	567	1
995	569	1
995	570	1
995	572	1
995	573	1
995	574	1
995	576	1
995	577	1
995	579	1
995	580	1
995	581	1
995	583	1
995	586	1
995	588	1
995	589	1
995	591	1
995	592	1
995	593	1
995	595	1
995	596	1
995	597	1
995	598	1
995	599	1
995	600	1
995	601	1
995	604	1
995	605	1
995	606	1
995	607	1
995	608	1
995	609	1
995	610	1
995	611	1
995	612	1
995	613	1
995	614	1
995	615	1
995	616	1
995	617	1
995	619	1
995	621	1
995	622	1
995	623	1
996	133	1
996	148	1
996	248	1
996	249	1
996	304	1
996	334	1
996	340	1
996	341	1
996	342	1
996	348	1
996	360	1
996	363	1
996	366	1
996	369	1
996	374	1
996	397	1
996	404	1
996	407	1
996	408	1
996	410	1
996	413	1
996	427	1
996	437	1
996	438	1
996	442	1
996	446	1
996	450	1
996	451	1
996	453	1
996	459	1
996	462	1
996	463	1
996	465	1
996	466	1
996	471	1
996	476	1
996	478	1
996	490	1
996	491	1
996	495	1
996	497	1
996	498	1
996	499	1
996	503	1
996	504	1
996	505	1
996	506	1
996	508	1
996	512	1
996	514	1
996	515	1
996	516	1
996	517	1
996	521	1
996	523	1
996	524	1
996	526	1
996	527	1
996	530	1
996	534	1
996	535	1
996	537	1
996	539	1
996	540	1
996	541	1
996	542	1
996	543	1
996	544	1
996	545	1
996	547	1
996	549	1
996	550	1
996	551	1
996	553	1
996	554	1
996	555	1
996	557	1
996	558	1
996	559	1
996	564	1
996	567	1
996	568	1
996	569	1
996	570	1
996	571	1
996	572	1
996	573	1
996	574	1
996	575	1
996	576	1
996	577	1
996	579	1
996	580	1
996	584	1
996	585	1
996	586	1
996	587	1
996	588	1
996	589	1
996	592	1
996	593	1
996	594	1
996	595	1
996	596	1
996	597	1
996	599	1
996	600	1
996	601	1
996	602	1
996	605	1
996	606	1
996	607	1
996	608	1
996	609	1
996	610	1
996	611	1
996	614	1
996	615	1
996	616	1
996	617	1
996	618	1
996	619	1
996	621	1
996	622	1
996	623	1
997	13	1
997	32	1
997	125	1
997	256	1
997	257	1
997	278	1
997	282	1
997	315	1
997	323	1
997	328	1
997	343	1
997	344	1
997	348	1
997	367	1
997	382	1
997	395	1
997	396	1
997	399	1
997	400	1
997	406	1
997	412	1
997	415	1
997	419	1
997	424	1
997	425	1
997	429	1
997	432	1
997	435	1
997	438	1
997	439	1
997	442	1
997	445	1
997	451	1
997	453	1
997	454	1
997	464	1
997	465	1
997	474	1
997	475	1
997	478	1
997	479	1
997	484	1
997	486	1
997	489	1
997	490	1
997	492	1
997	494	1
997	497	1
997	500	1
997	501	1
997	503	1
997	504	1
997	507	1
997	510	1
997	511	1
997	514	1
997	516	1
997	517	1
997	518	1
997	520	1
997	523	1
997	526	1
997	528	1
997	529	1
997	530	1
997	532	1
997	536	1
997	538	1
997	541	1
997	544	1
997	546	1
997	547	1
997	550	1
997	553	1
997	555	1
997	556	1
997	557	1
997	558	1
997	561	1
997	562	1
997	563	1
997	564	1
997	566	1
997	569	1
997	574	1
997	575	1
997	576	1
997	579	1
997	580	1
997	581	1
997	582	1
997	583	1
997	585	1
997	588	1
997	590	1
997	591	1
997	592	1
997	593	1
997	594	1
997	595	1
997	596	1
997	597	1
997	598	1
997	599	1
997	600	1
997	601	1
997	602	1
997	603	1
997	604	1
997	606	1
997	607	1
997	609	1
997	610	1
997	611	1
997	612	1
997	613	1
997	614	1
997	615	1
997	617	1
997	618	1
997	619	1
997	620	1
997	622	1
997	623	1
998	159	1
998	171	1
998	181	1
998	220	1
998	268	1
998	304	1
998	310	1
998	312	1
998	358	1
998	364	1
998	378	1
998	385	1
998	399	1
998	401	1
998	407	1
998	410	1
998	411	1
998	428	1
998	430	1
998	435	1
998	438	1
998	445	1
998	458	1
998	460	1
998	461	1
998	465	1
998	466	1
998	467	1
998	471	1
998	473	1
998	475	1
998	477	1
998	478	1
998	484	1
998	487	1
998	488	1
998	491	1
998	500	1
998	501	1
998	502	1
998	504	1
998	506	1
998	507	1
998	509	1
998	510	1
998	511	1
998	512	1
998	514	1
998	515	1
998	516	1
998	517	1
998	518	1
998	520	1
998	522	1
998	523	1
998	524	1
998	525	1
998	526	1
998	528	1
998	529	1
998	530	1
998	532	1
998	533	1
998	534	1
998	536	1
998	537	1
998	543	1
998	544	1
998	545	1
998	546	1
998	547	1
998	552	1
998	553	1
998	554	1
998	555	1
998	556	1
998	558	1
998	559	1
998	560	1
998	563	1
998	566	1
998	570	1
998	571	1
998	572	1
998	574	1
998	575	1
998	576	1
998	577	1
998	578	1
998	579	1
998	580	1
998	581	1
998	582	1
998	583	1
998	584	1
998	585	1
998	586	1
998	587	1
998	589	1
998	590	1
998	592	1
998	593	1
998	595	1
998	596	1
998	597	1
998	598	1
998	601	1
998	603	1
998	605	1
998	606	1
998	607	1
998	608	1
998	609	1
998	610	1
998	611	1
998	612	1
998	613	1
998	614	1
998	615	1
998	616	1
998	617	1
998	618	1
998	619	1
998	621	1
998	623	1
999	114	1
999	183	1
999	242	1
999	302	1
999	306	1
999	341	1
999	342	1
999	364	1
999	370	1
999	373	1
999	374	1
999	388	1
999	390	1
999	392	1
999	394	1
999	409	1
999	412	1
999	413	1
999	415	1
999	418	1
999	420	1
999	421	1
999	425	1
999	426	1
999	427	1
999	430	1
999	432	1
999	438	1
999	441	1
999	442	1
999	447	1
999	453	1
999	457	1
999	460	1
999	463	1
999	464	1
999	466	1
999	471	1
999	474	1
999	475	1
999	476	1
999	480	1
999	481	1
999	488	1
999	490	1
999	491	1
999	495	1
999	496	1
999	499	1
999	500	1
999	501	1
999	503	1
999	504	1
999	507	1
999	508	1
999	509	1
999	510	1
999	511	1
999	512	1
999	514	1
999	516	1
999	517	1
999	519	1
999	522	1
999	526	1
999	531	1
999	532	1
999	533	1
999	535	1
999	536	1
999	537	1
999	538	1
999	540	1
999	543	1
999	544	1
999	545	1
999	546	1
999	547	1
999	551	1
999	552	1
999	553	1
999	554	1
999	555	1
999	557	1
999	558	1
999	559	1
999	560	1
999	564	1
999	565	1
999	567	1
999	568	1
999	570	1
999	571	1
999	573	1
999	574	1
999	576	1
999	579	1
999	580	1
999	582	1
999	584	1
999	585	1
999	586	1
999	587	1
999	588	1
999	589	1
999	590	1
999	592	1
999	595	1
999	598	1
999	600	1
999	603	1
999	604	1
999	605	1
999	607	1
999	608	1
999	609	1
999	610	1
999	612	1
999	615	1
999	617	1
999	620	1
999	621	1
999	622	1
999	623	1
