0	237	1
0	254	1
0	265	1
1	203	1
1	261	1
1	292	1
2	201	1
2	245	1
2	298	1
3	3	1
3	272	1
3	284	1
4	176	1
4	236	1
4	251	1
5	204	1
5	260	1
5	273	1
6	155	1
6	252	1
6	289	1
7	177	1
7	197	1
7	288	1
8	7	1
8	244	1
8	265	1
9	280	1
9	281	1
9	292	1
10	123	1
10	214	1
10	242	1
11	262	1
11	274	1
11	290	1
12	227	1
12	256	1
12	272	1
13	252	1
13	272	1
13	279	1
14	119	1
14	252	1
14	301	1
15	190	1
15	283	1
15	285	1
16	190	1
16	226	1
16	296	1
17	236	1
17	268	1
17	276	1
18	243	1
18	255	1
18	305	1
19	2	1
19	220	1
19	291	1
20	169	1
20	269	1
20	284	1
21	192	1
21	199	1
21	272	1
22	56	1
22	200	1
22	255	1
23	282	1
23	284	1
23	295	1
24	90	1
24	287	1
24	308	1
25	247	1
25	305	1
25	310	1
26	261	1
26	265	1
26	285	1
27	154	1
27	234	1
27	286	1
28	262	1
28	265	1
28	271	1
29	211	1
29	213	1
29	301	1
30	242	1
30	273	1
30	298	1
31	211	1
31	260	1
31	269	1
32	75	1
32	135	1
32	310	1
33	233	1
33	272	1
33	292	1
34	232	1
34	277	1
34	306	1
35	278	1
35	297	1
35	301	1
36	136	1
36	273	1
36	309	1
37	187	1
37	196	1
37	263	1
38	80	1
38	200	1
38	294	1
39	195	1
39	270	1
39	283	1
40	161	1
40	253	1
40	308	1
41	243	1
41	269	1
41	301	1
42	199	1
42	235	1
42	263	1
43	210	1
43	252	1
43	262	1
44	250	1
44	257	1
44	302	1
45	187	1
45	197	1
45	290	1
46	163	1
46	237	1
46	298	1
47	264	1
47	267	1
47	307	1
48	216	1
48	261	1
48	298	1
49	223	1
49	230	1
49	233	1
50	110	1
50	192	1
50	259	1
51	249	1
51	272	1
51	306	1
52	247	1
52	295	1
52	302	1
53	105	1
53	151	1
53	266	1
54	201	1
54	229	1
54	283	1
55	172	1
55	207	1
55	274	1
56	251	1
56	292	1
56	304	1
57	280	1
57	284	1
57	297	1
58	223	1
58	236	1
58	281	1
59	206	1
59	286	1
59	301	1
60	162	1
60	270	1
60	301	1
61	88	1
61	293	1
61	296	1
62	204	1
62	268	1
62	307	1
63	144	1
63	250	1
63	281	1
64	213	1
64	239	1
64	265	1
65	214	1
65	267	1
65	275	1
66	191	1
66	305	1
66	307	1
67	156	1
67	271	1
67	286	1
68	184	1
68	279	1
68	298	1
69	182	1
69	208	1
69	240	1
70	201	1
70	234	1
70	266	1
71	68	1
71	264	1
71	286	1
72	215	1
72	252	1
72	284	1
73	169	1
73	202	1
73	304	1
74	146	1
74	262	1
74	292	1
75	179	1
75	235	1
75	299	1
76	204	1
76	262	1
76	270	1
77	210	1
77	225	1
77	259	1
78	157	1
78	178	1
78	221	1
79	254	1
79	282	1
79	307	1
80	73	1
80	265	1
80	302	1
81	148	1
81	203	1
81	261	1
82	127	1
82	179	1
82	294	1
83	238	1
83	249	1
83	291	1
83	303	1
84	195	1
84	270	1
84	283	1
84	299	1
85	204	1
85	268	1
85	271	1
85	287	1
86	212	1
86	241	1
86	292	1
86	295	1
87	199	1
87	257	1
87	288	1
87	309	1
88	262	1
88	283	1
88	298	1
88	307	1
89	186	1
89	229	1
89	233	1
89	259	1
90	215	1
90	283	1
90	291	1
90	307	1
91	217	1
91	221	1
91	242	1
91	247	1
92	257	1
92	268	1
92	302	1
92	304	1
93	216	1
93	255	1
93	264	1
93	293	1
94	226	1
94	247	1
94	299	1
94	300	1
95	215	1
95	228	1
95	300	1
95	309	1
96	181	1
96	232	1
96	266	1
96	297	1
97	124	1
97	201	1
97	251	1
97	266	1
98	214	1
98	234	1
98	255	1
98	293	1
99	48	1
99	159	1
99	269	1
99	304	1
100	200	1
100	246	1
100	262	1
100	307	1
101	217	1
101	220	1
101	280	1
101	287	1
102	184	1
102	247	1
102	261	1
102	284	1
103	191	1
103	239	1
103	256	1
103	301	1
104	190	1
104	231	1
104	241	1
104	246	1
105	196	1
105	211	1
105	230	1
105	293	1
106	168	1
106	208	1
106	281	1
106	303	1
107	183	1
107	240	1
107	264	1
107	277	1
108	235	1
108	268	1
108	286	1
108	304	1
109	139	1
109	179	1
109	226	1
109	272	1
110	179	1
110	267	1
110	293	1
110	309	1
111	140	1
111	189	1
111	251	1
111	255	1
112	119	1
112	226	1
112	240	1
112	242	1
113	195	1
113	213	1
113	221	1
113	292	1
114	241	1
114	245	1
114	279	1
114	292	1
115	206	1
115	231	1
115	236	1
115	257	1
116	37	1
116	134	1
116	227	1
116	281	1
117	197	1
117	251	1
117	272	1
117	294	1
118	39	1
118	161	1
118	192	1
118	284	1
119	172	1
119	194	1
119	274	1
119	294	1
120	105	1
120	223	1
120	283	1
120	294	1
121	164	1
121	181	1
121	251	1
121	306	1
122	142	1
122	195	1
122	205	1
122	299	1
123	202	1
123	293	1
123	297	1
123	304	1
124	162	1
124	208	1
124	221	1
124	228	1
125	147	1
125	182	1
125	238	1
125	293	1
126	278	1
126	289	1
126	301	1
126	309	1
127	116	1
127	227	1
127	254	1
127	265	1
128	295	1
128	299	1
128	300	1
128	308	1
129	261	1
129	263	1
129	266	1
129	289	1
130	225	1
130	294	1
130	299	1
130	304	1
131	19	1
131	217	1
131	254	1
131	290	1
132	173	1
132	271	1
132	273	1
132	291	1
133	219	1
133	249	1
133	285	1
133	307	1
134	200	1
134	242	1
134	258	1
134	296	1
135	218	1
135	269	1
135	282	1
135	310	1
136	191	1
136	203	1
136	289	1
136	309	1
137	209	1
137	221	1
137	291	1
137	309	1
138	162	1
138	186	1
138	256	1
138	291	1
139	189	1
139	213	1
139	246	1
139	309	1
140	167	1
140	186	1
140	216	1
140	310	1
141	251	1
141	282	1
141	293	1
141	301	1
142	195	1
142	222	1
142	237	1
142	270	1
142	299	1
143	194	1
143	203	1
143	227	1
143	297	1
143	310	1
144	245	1
144	267	1
144	277	1
144	281	1
144	283	1
145	142	1
145	171	1
145	188	1
145	242	1
145	309	1
146	199	1
146	225	1
146	246	1
146	271	1
146	286	1
147	180	1
147	198	1
147	219	1
147	249	1
147	296	1
148	119	1
148	246	1
148	254	1
148	290	1
148	306	1
149	200	1
149	255	1
149	258	1
149	284	1
149	285	1
150	173	1
150	236	1
150	252	1
150	265	1
150	303	1
151	187	1
151	244	1
151	251	1
151	304	1
151	311	1
152	208	1
152	217	1
152	218	1
152	229	1
152	296	1
153	257	1
153	297	1
153	300	1
153	304	1
153	310	1
154	165	1
154	252	1
154	277	1
154	282	1
154	296	1
155	131	1
155	149	1
155	210	1
155	276	1
155	311	1
156	249	1
156	263	1
156	272	1
156	281	1
156	290	1
157	187	1
157	200	1
157	260	1
157	295	1
157	296	1
158	117	1
158	216	1
158	238	1
158	241	1
158	276	1
159	202	1
159	247	1
159	255	1
159	284	1
159	288	1
160	193	1
160	205	1
160	263	1
160	278	1
160	294	1
161	194	1
161	243	1
161	280	1
161	294	1
161	303	1
162	88	1
162	223	1
162	243	1
162	283	1
162	301	1
163	68	1
163	201	1
163	230	1
163	296	1
163	300	1
164	141	1
164	180	1
164	273	1
164	285	1
164	300	1
165	233	1
165	252	1
165	274	1
165	281	1
165	293	1
166	184	1
166	251	1
166	295	1
166	305	1
166	308	1
167	217	1
167	249	1
167	252	1
167	279	1
167	296	1
168	181	1
168	224	1
168	263	1
168	271	1
168	304	1
169	215	1
169	219	1
169	271	1
169	305	1
169	307	1
170	185	1
170	238	1
170	264	1
170	282	1
170	311	1
171	186	1
171	190	1
171	268	1
171	273	1
171	302	1
172	223	1
172	243	1
172	269	1
172	270	1
172	300	1
173	165	1
173	222	1
173	289	1
173	292	1
173	296	1
174	233	1
174	248	1
174	252	1
174	259	1
174	301	1
175	104	1
175	141	1
175	255	1
175	287	1
175	297	1
176	188	1
176	251	1
176	262	1
176	280	1
176	296	1
177	154	1
177	188	1
177	244	1
177	274	1
177	302	1
178	30	1
178	196	1
178	232	1
178	294	1
178	301	1
179	158	1
179	202	1
179	234	1
179	244	1
179	290	1
180	200	1
180	215	1
180	225	1
180	285	1
180	291	1
181	5	1
181	182	1
181	224	1
181	249	1
181	273	1
182	185	1
182	233	1
182	283	1
182	298	1
182	309	1
183	181	1
183	208	1
183	215	1
183	254	1
183	310	1
184	243	1
184	249	1
184	259	1
184	273	1
184	288	1
185	206	1
185	236	1
185	244	1
185	289	1
185	309	1
186	206	1
186	221	1
186	236	1
186	275	1
186	302	1
187	248	1
187	262	1
187	268	1
187	282	1
187	284	1
187	304	1
188	147	1
188	171	1
188	215	1
188	276	1
188	282	1
188	285	1
188	286	1
189	91	1
189	176	1
189	182	1
189	196	1
189	271	1
189	272	1
189	293	1
189	296	1
190	143	1
190	203	1
190	213	1
190	243	1
190	258	1
190	260	1
190	272	1
190	279	1
190	311	1
191	190	1
191	221	1
191	225	1
191	232	1
191	248	1
191	264	1
191	266	1
191	295	1
191	309	1
192	130	1
192	231	1
192	248	1
192	250	1
192	251	1
192	260	1
192	268	1
192	293	1
192	295	1
193	85	1
193	135	1
193	138	1
193	223	1
193	258	1
193	279	1
193	282	1
193	303	1
193	309	1
194	130	1
194	233	1
194	243	1
194	245	1
194	254	1
194	269	1
194	287	1
194	295	1
194	304	1
195	110	1
195	171	1
195	202	1
195	249	1
195	272	1
195	283	1
195	296	1
195	303	1
195	304	1
196	157	1
196	169	1
196	231	1
196	235	1
196	244	1
196	257	1
196	260	1
196	282	1
196	284	1
197	188	1
197	222	1
197	229	1
197	238	1
197	246	1
197	249	1
197	260	1
197	277	1
197	280	1
197	311	1
198	154	1
198	209	1
198	214	1
198	222	1
198	241	1
198	248	1
198	253	1
198	274	1
198	284	1
198	311	1
199	188	1
199	198	1
199	199	1
199	222	1
199	230	1
199	231	1
199	245	1
199	259	1
199	279	1
199	289	1
200	62	1
200	100	1
200	103	1
200	219	1
200	234	1
200	248	1
200	277	1
200	288	1
200	295	1
200	306	1
201	153	1
201	195	1
201	202	1
201	222	1
201	228	1
201	251	1
201	278	1
201	288	1
201	293	1
201	310	1
202	143	1
202	181	1
202	200	1
202	202	1
202	256	1
202	266	1
202	285	1
202	296	1
202	301	1
202	306	1
203	231	1
203	242	1
203	246	1
203	253	1
203	257	1
203	272	1
203	284	1
203	297	1
203	300	1
203	307	1
204	213	1
204	231	1
204	246	1
204	249	1
204	253	1
204	273	1
204	287	1
204	298	1
204	303	1
204	309	1
205	78	1
205	157	1
205	228	1
205	245	1
205	269	1
205	285	1
205	290	1
205	292	1
205	302	1
205	309	1
206	175	1
206	202	1
206	212	1
206	243	1
206	278	1
206	279	1
206	285	1
206	305	1
206	308	1
206	309	1
206	310	1
207	187	1
207	225	1
207	228	1
207	252	1
207	258	1
207	261	1
207	268	1
207	271	1
207	284	1
207	287	1
207	302	1
207	309	1
208	155	1
208	216	1
208	220	1
208	229	1
208	238	1
208	239	1
208	240	1
208	259	1
208	262	1
208	278	1
208	291	1
208	309	1
208	310	1
209	165	1
209	175	1
209	176	1
209	191	1
209	195	1
209	234	1
209	250	1
209	252	1
209	258	1
209	281	1
209	290	1
209	297	1
209	304	1
210	154	1
210	175	1
210	216	1
210	236	1
210	241	1
210	243	1
210	259	1
210	278	1
210	282	1
210	284	1
210	287	1
210	296	1
210	308	1
211	96	1
211	152	1
211	188	1
211	195	1
211	210	1
211	251	1
211	269	1
211	279	1
211	282	1
211	288	1
211	295	1
211	301	1
211	310	1
212	108	1
212	170	1
212	200	1
212	204	1
212	213	1
212	229	1
212	250	1
212	251	1
212	269	1
212	271	1
212	287	1
212	305	1
212	311	1
213	166	1
213	176	1
213	187	1
213	231	1
213	248	1
213	276	1
213	277	1
213	284	1
213	290	1
213	300	1
213	305	1
213	306	1
213	310	1
214	13	1
214	184	1
214	189	1
214	206	1
214	239	1
214	243	1
214	244	1
214	253	1
214	257	1
214	261	1
214	285	1
214	287	1
214	296	1
215	108	1
215	165	1
215	187	1
215	208	1
215	214	1
215	247	1
215	266	1
215	270	1
215	271	1
215	279	1
215	283	1
215	301	1
215	310	1
216	187	1
216	195	1
216	210	1
216	232	1
216	241	1
216	252	1
216	256	1
216	273	1
216	280	1
216	293	1
216	294	1
216	307	1
216	311	1
217	115	1
217	160	1
217	183	1
217	205	1
217	220	1
217	261	1
217	264	1
217	272	1
217	282	1
217	289	1
217	303	1
217	308	1
217	311	1
218	113	1
218	209	1
218	217	1
218	220	1
218	223	1
218	244	1
218	245	1
218	266	1
218	278	1
218	279	1
218	285	1
218	294	1
218	305	1
218	309	1
219	131	1
219	157	1
219	253	1
219	257	1
219	259	1
219	272	1
219	273	1
219	280	1
219	286	1
219	288	1
219	291	1
219	293	1
219	296	1
219	299	1
219	303	1
220	165	1
220	169	1
220	210	1
220	218	1
220	232	1
220	233	1
220	240	1
220	242	1
220	248	1
220	258	1
220	259	1
220	271	1
220	277	1
220	279	1
220	280	1
221	63	1
221	103	1
221	183	1
221	193	1
221	203	1
221	218	1
221	233	1
221	254	1
221	256	1
221	257	1
221	280	1
221	283	1
221	293	1
221	303	1
221	308	1
222	113	1
222	114	1
222	161	1
222	186	1
222	204	1
222	209	1
222	228	1
222	249	1
222	255	1
222	262	1
222	278	1
222	279	1
222	287	1
222	292	1
222	310	1
223	143	1
223	174	1
223	182	1
223	185	1
223	189	1
223	210	1
223	215	1
223	227	1
223	232	1
223	240	1
223	247	1
223	250	1
223	277	1
223	284	1
223	300	1
224	104	1
224	152	1
224	208	1
224	210	1
224	230	1
224	235	1
224	253	1
224	257	1
224	259	1
224	263	1
224	264	1
224	265	1
224	284	1
224	296	1
224	297	1
225	91	1
225	98	1
225	111	1
225	153	1
225	189	1
225	213	1
225	225	1
225	234	1
225	239	1
225	266	1
225	272	1
225	274	1
225	283	1
225	292	1
225	302	1
225	307	1
226	9	1
226	120	1
226	146	1
226	151	1
226	232	1
226	236	1
226	242	1
226	248	1
226	252	1
226	259	1
226	277	1
226	278	1
226	284	1
226	285	1
226	293	1
226	298	1
226	309	1
227	132	1
227	145	1
227	153	1
227	178	1
227	186	1
227	188	1
227	197	1
227	228	1
227	232	1
227	233	1
227	261	1
227	264	1
227	265	1
227	273	1
227	277	1
227	278	1
227	280	1
227	303	1
228	154	1
228	181	1
228	191	1
228	213	1
228	232	1
228	241	1
228	245	1
228	254	1
228	261	1
228	263	1
228	265	1
228	278	1
228	279	1
228	293	1
228	300	1
228	301	1
228	302	1
228	306	1
229	83	1
229	147	1
229	190	1
229	198	1
229	213	1
229	221	1
229	235	1
229	250	1
229	254	1
229	255	1
229	256	1
229	257	1
229	258	1
229	295	1
229	300	1
229	301	1
229	302	1
229	305	1
230	42	1
230	164	1
230	192	1
230	207	1
230	220	1
230	227	1
230	234	1
230	235	1
230	236	1
230	245	1
230	248	1
230	249	1
230	262	1
230	279	1
230	289	1
230	295	1
230	302	1
230	311	1
231	178	1
231	185	1
231	189	1
231	209	1
231	212	1
231	216	1
231	220	1
231	235	1
231	247	1
231	253	1
231	262	1
231	271	1
231	288	1
231	299	1
231	300	1
231	302	1
231	303	1
231	309	1
232	51	1
232	95	1
232	168	1
232	193	1
232	213	1
232	214	1
232	219	1
232	223	1
232	224	1
232	238	1
232	254	1
232	257	1
232	258	1
232	287	1
232	290	1
232	295	1
232	301	1
232	311	1
233	100	1
233	170	1
233	214	1
233	226	1
233	245	1
233	247	1
233	257	1
233	261	1
233	267	1
233	272	1
233	278	1
233	283	1
233	285	1
233	290	1
233	293	1
233	295	1
233	306	1
233	307	1
233	308	1
234	78	1
234	93	1
234	103	1
234	148	1
234	211	1
234	226	1
234	236	1
234	244	1
234	255	1
234	264	1
234	265	1
234	282	1
234	290	1
234	294	1
234	297	1
234	299	1
234	302	1
234	308	1
234	310	1
235	125	1
235	157	1
235	212	1
235	223	1
235	231	1
235	234	1
235	238	1
235	245	1
235	262	1
235	266	1
235	278	1
235	279	1
235	292	1
235	298	1
235	304	1
235	305	1
235	306	1
235	307	1
235	310	1
236	102	1
236	123	1
236	177	1
236	190	1
236	203	1
236	218	1
236	222	1
236	224	1
236	239	1
236	243	1
236	248	1
236	253	1
236	263	1
236	268	1
236	276	1
236	277	1
236	287	1
236	304	1
236	307	1
237	96	1
237	165	1
237	170	1
237	175	1
237	190	1
237	200	1
237	218	1
237	234	1
237	235	1
237	241	1
237	249	1
237	259	1
237	270	1
237	272	1
237	275	1
237	284	1
237	296	1
237	304	1
237	310	1
237	311	1
238	182	1
238	187	1
238	195	1
238	198	1
238	205	1
238	225	1
238	238	1
238	244	1
238	252	1
238	257	1
238	258	1
238	262	1
238	269	1
238	270	1
238	273	1
238	281	1
238	283	1
238	297	1
238	300	1
238	303	1
239	148	1
239	169	1
239	193	1
239	199	1
239	203	1
239	207	1
239	230	1
239	241	1
239	247	1
239	250	1
239	251	1
239	257	1
239	259	1
239	266	1
239	269	1
239	275	1
239	296	1
239	298	1
239	303	1
239	311	1
240	58	1
240	141	1
240	167	1
240	181	1
240	196	1
240	202	1
240	217	1
240	223	1
240	226	1
240	238	1
240	268	1
240	271	1
240	275	1
240	278	1
240	286	1
240	292	1
240	295	1
240	299	1
240	306	1
240	310	1
241	185	1
241	188	1
241	194	1
241	221	1
241	233	1
241	235	1
241	240	1
241	248	1
241	250	1
241	257	1
241	260	1
241	275	1
241	280	1
241	290	1
241	292	1
241	294	1
241	302	1
241	303	1
241	308	1
241	309	1
242	138	1
242	176	1
242	202	1
242	203	1
242	213	1
242	241	1
242	253	1
242	256	1
242	260	1
242	266	1
242	276	1
242	278	1
242	280	1
242	293	1
242	295	1
242	304	1
242	306	1
242	307	1
242	310	1
242	311	1
243	80	1
243	106	1
243	193	1
243	212	1
243	220	1
243	223	1
243	230	1
243	233	1
243	248	1
243	249	1
243	256	1
243	271	1
243	280	1
243	282	1
243	283	1
243	284	1
243	292	1
243	304	1
243	309	1
243	310	1
244	136	1
244	170	1
244	173	1
244	185	1
244	217	1
244	229	1
244	230	1
244	234	1
244	236	1
244	238	1
244	251	1
244	264	1
244	272	1
244	275	1
244	281	1
244	290	1
244	296	1
244	306	1
244	308	1
244	311	1
245	152	1
245	169	1
245	197	1
245	202	1
245	203	1
245	210	1
245	220	1
245	263	1
245	265	1
245	267	1
245	272	1
245	275	1
245	287	1
245	288	1
245	295	1
245	299	1
245	300	1
245	302	1
245	303	1
245	306	1
246	109	1
246	186	1
246	187	1
246	189	1
246	216	1
246	220	1
246	221	1
246	229	1
246	241	1
246	243	1
246	256	1
246	266	1
246	272	1
246	280	1
246	287	1
246	291	1
246	295	1
246	296	1
246	298	1
246	308	1
246	309	1
247	72	1
247	141	1
247	154	1
247	202	1
247	215	1
247	224	1
247	227	1
247	235	1
247	237	1
247	250	1
247	253	1
247	254	1
247	273	1
247	274	1
247	275	1
247	289	1
247	292	1
247	293	1
247	306	1
247	308	1
247	311	1
248	143	1
248	191	1
248	194	1
248	198	1
248	202	1
248	233	1
248	258	1
248	262	1
248	263	1
248	270	1
248	275	1
248	276	1
248	279	1
248	282	1
248	289	1
248	294	1
248	296	1
248	305	1
248	306	1
248	310	1
248	311	1
249	149	1
249	175	1
249	188	1
249	193	1
249	219	1
249	220	1
249	223	1
249	228	1
249	239	1
249	248	1
249	266	1
249	270	1
249	271	1
249	276	1
249	280	1
249	288	1
249	289	1
249	293	1
249	302	1
249	305	1
249	307	1
250	53	1
250	168	1
250	208	1
250	210	1
250	224	1
250	229	1
250	236	1
250	237	1
250	248	1
250	255	1
250	265	1
250	268	1
250	269	1
250	271	1
250	281	1
250	285	1
250	286	1
250	292	1
250	295	1
250	296	1
250	300	1
251	98	1
251	141	1
251	159	1
251	180	1
251	201	1
251	216	1
251	239	1
251	241	1
251	242	1
251	254	1
251	257	1
251	268	1
251	273	1
251	274	1
251	276	1
251	281	1
251	291	1
251	293	1
251	298	1
251	303	1
251	309	1
252	177	1
252	183	1
252	211	1
252	231	1
252	233	1
252	243	1
252	250	1
252	258	1
252	262	1
252	264	1
252	265	1
252	269	1
252	282	1
252	285	1
252	291	1
252	295	1
252	299	1
252	302	1
252	305	1
252	309	1
252	310	1
253	181	1
253	195	1
253	200	1
253	208	1
253	225	1
253	245	1
253	251	1
253	253	1
253	254	1
253	264	1
253	273	1
253	274	1
253	276	1
253	277	1
253	279	1
253	281	1
253	282	1
253	287	1
253	288	1
253	305	1
253	307	1
253	310	1
254	20	1
254	98	1
254	168	1
254	182	1
254	195	1
254	203	1
254	212	1
254	222	1
254	243	1
254	255	1
254	271	1
254	279	1
254	281	1
254	282	1
254	283	1
254	297	1
254	300	1
254	304	1
254	305	1
254	308	1
254	309	1
254	310	1
255	163	1
255	199	1
255	208	1
255	216	1
255	226	1
255	227	1
255	237	1
255	243	1
255	249	1
255	262	1
255	265	1
255	268	1
255	270	1
255	273	1
255	290	1
255	291	1
255	292	1
255	299	1
255	301	1
255	302	1
255	306	1
255	309	1
256	140	1
256	175	1
256	189	1
256	196	1
256	197	1
256	200	1
256	224	1
256	228	1
256	234	1
256	246	1
256	249	1
256	251	1
256	255	1
256	262	1
256	265	1
256	271	1
256	281	1
256	283	1
256	286	1
256	287	1
256	291	1
256	297	1
257	138	1
257	186	1
257	204	1
257	207	1
257	227	1
257	230	1
257	241	1
257	242	1
257	247	1
257	252	1
257	256	1
257	258	1
257	259	1
257	261	1
257	266	1
257	267	1
257	270	1
257	275	1
257	288	1
257	293	1
257	294	1
257	300	1
257	301	1
258	6	1
258	14	1
258	56	1
258	59	1
258	151	1
258	224	1
258	225	1
258	226	1
258	229	1
258	234	1
258	235	1
258	236	1
258	240	1
258	244	1
258	254	1
258	260	1
258	266	1
258	267	1
258	279	1
258	284	1
258	285	1
258	293	1
258	311	1
259	86	1
259	130	1
259	189	1
259	192	1
259	194	1
259	199	1
259	220	1
259	229	1
259	238	1
259	240	1
259	244	1
259	254	1
259	255	1
259	257	1
259	263	1
259	289	1
259	293	1
259	294	1
259	304	1
259	307	1
259	308	1
259	310	1
259	311	1
260	148	1
260	172	1
260	176	1
260	198	1
260	228	1
260	231	1
260	234	1
260	237	1
260	246	1
260	248	1
260	251	1
260	254	1
260	266	1
260	267	1
260	276	1
260	279	1
260	281	1
260	282	1
260	290	1
260	296	1
260	297	1
260	306	1
260	309	1
261	27	1
261	150	1
261	156	1
261	179	1
261	195	1
261	228	1
261	229	1
261	239	1
261	244	1
261	261	1
261	269	1
261	273	1
261	275	1
261	279	1
261	289	1
261	290	1
261	292	1
261	293	1
261	296	1
261	297	1
261	299	1
261	300	1
261	309	1
262	82	1
262	87	1
262	183	1
262	215	1
262	217	1
262	225	1
262	228	1
262	230	1
262	233	1
262	243	1
262	260	1
262	262	1
262	266	1
262	274	1
262	275	1
262	288	1
262	289	1
262	293	1
262	296	1
262	303	1
262	305	1
262	308	1
262	311	1
263	65	1
263	111	1
263	114	1
263	177	1
263	196	1
263	207	1
263	212	1
263	224	1
263	232	1
263	251	1
263	255	1
263	256	1
263	260	1
263	276	1
263	281	1
263	284	1
263	286	1
263	291	1
263	298	1
263	304	1
263	305	1
263	308	1
263	311	1
264	140	1
264	164	1
264	175	1
264	181	1
264	194	1
264	206	1
264	210	1
264	218	1
264	232	1
264	235	1
264	241	1
264	242	1
264	249	1
264	253	1
264	254	1
264	256	1
264	258	1
264	268	1
264	269	1
264	287	1
264	301	1
264	303	1
264	306	1
264	311	1
265	42	1
265	97	1
265	120	1
265	164	1
265	167	1
265	177	1
265	198	1
265	207	1
265	210	1
265	212	1
265	219	1
265	230	1
265	244	1
265	267	1
265	275	1
265	276	1
265	287	1
265	290	1
265	292	1
265	294	1
265	296	1
265	298	1
265	300	1
265	311	1
266	148	1
266	178	1
266	182	1
266	210	1
266	213	1
266	217	1
266	229	1
266	231	1
266	236	1
266	246	1
266	248	1
266	254	1
266	258	1
266	262	1
266	265	1
266	267	1
266	272	1
266	288	1
266	290	1
266	292	1
266	294	1
266	300	1
266	303	1
266	304	1
266	311	1
267	24	1
267	28	1
267	62	1
267	128	1
267	129	1
267	137	1
267	207	1
267	208	1
267	209	1
267	217	1
267	218	1
267	223	1
267	224	1
267	229	1
267	232	1
267	240	1
267	252	1
267	254	1
267	266	1
267	280	1
267	284	1
267	293	1
267	296	1
267	301	1
267	306	1
268	50	1
268	64	1
268	134	1
268	138	1
268	145	1
268	170	1
268	185	1
268	186	1
268	192	1
268	204	1
268	214	1
268	217	1
268	226	1
268	249	1
268	250	1
268	255	1
268	256	1
268	263	1
268	265	1
268	267	1
268	269	1
268	280	1
268	285	1
268	299	1
268	310	1
269	170	1
269	182	1
269	185	1
269	211	1
269	212	1
269	217	1
269	224	1
269	241	1
269	247	1
269	250	1
269	259	1
269	265	1
269	267	1
269	268	1
269	277	1
269	279	1
269	284	1
269	290	1
269	297	1
269	300	1
269	302	1
269	304	1
269	305	1
269	308	1
269	311	1
270	106	1
270	127	1
270	164	1
270	181	1
270	200	1
270	223	1
270	229	1
270	238	1
270	240	1
270	244	1
270	277	1
270	278	1
270	283	1
270	285	1
270	289	1
270	290	1
270	293	1
270	294	1
270	296	1
270	298	1
270	300	1
270	301	1
270	302	1
270	306	1
270	310	1
271	59	1
271	168	1
271	188	1
271	191	1
271	198	1
271	210	1
271	213	1
271	220	1
271	225	1
271	233	1
271	242	1
271	253	1
271	270	1
271	273	1
271	274	1
271	275	1
271	280	1
271	283	1
271	289	1
271	290	1
271	295	1
271	299	1
271	301	1
271	304	1
271	306	1
271	307	1
272	71	1
272	172	1
272	197	1
272	206	1
272	209	1
272	213	1
272	217	1
272	223	1
272	240	1
272	251	1
272	253	1
272	256	1
272	257	1
272	259	1
272	269	1
272	271	1
272	272	1
272	275	1
272	276	1
272	285	1
272	289	1
272	295	1
272	298	1
272	302	1
272	304	1
272	309	1
273	130	1
273	131	1
273	153	1
273	163	1
273	165	1
273	172	1
273	174	1
273	179	1
273	181	1
273	213	1
273	230	1
273	240	1
273	241	1
273	263	1
273	266	1
273	269	1
273	272	1
273	273	1
273	279	1
273	286	1
273	288	1
273	294	1
273	295	1
273	302	1
273	303	1
273	309	1
274	157	1
274	179	1
274	192	1
274	193	1
274	198	1
274	199	1
274	206	1
274	209	1
274	212	1
274	224	1
274	225	1
274	228	1
274	239	1
274	246	1
274	256	1
274	259	1
274	268	1
274	271	1
274	276	1
274	279	1
274	281	1
274	284	1
274	294	1
274	295	1
274	301	1
274	307	1
275	79	1
275	144	1
275	168	1
275	175	1
275	185	1
275	192	1
275	203	1
275	205	1
275	216	1
275	231	1
275	234	1
275	239	1
275	245	1
275	260	1
275	275	1
275	276	1
275	279	1
275	282	1
275	284	1
275	287	1
275	292	1
275	299	1
275	302	1
275	303	1
275	305	1
275	307	1
276	150	1
276	157	1
276	179	1
276	183	1
276	184	1
276	186	1
276	211	1
276	215	1
276	219	1
276	230	1
276	235	1
276	237	1
276	253	1
276	256	1
276	263	1
276	273	1
276	274	1
276	276	1
276	277	1
276	290	1
276	294	1
276	295	1
276	297	1
276	298	1
276	302	1
276	310	1
276	311	1
277	23	1
277	130	1
277	139	1
277	161	1
277	200	1
277	209	1
277	222	1
277	234	1
277	235	1
277	238	1
277	239	1
277	244	1
277	249	1
277	250	1
277	255	1
277	261	1
277	262	1
277	263	1
277	264	1
277	283	1
277	285	1
277	286	1
277	289	1
277	291	1
277	295	1
277	304	1
277	305	1
278	89	1
278	101	1
278	165	1
278	173	1
278	192	1
278	206	1
278	207	1
278	211	1
278	217	1
278	226	1
278	227	1
278	229	1
278	237	1
278	238	1
278	251	1
278	252	1
278	256	1
278	259	1
278	271	1
278	274	1
278	280	1
278	291	1
278	294	1
278	303	1
278	306	1
278	308	1
278	310	1
279	98	1
279	178	1
279	184	1
279	192	1
279	193	1
279	196	1
279	209	1
279	210	1
279	214	1
279	220	1
279	227	1
279	244	1
279	253	1
279	255	1
279	256	1
279	264	1
279	265	1
279	268	1
279	279	1
279	281	1
279	291	1
279	296	1
279	301	1
279	303	1
279	306	1
279	309	1
279	311	1
280	141	1
280	149	1
280	176	1
280	180	1
280	182	1
280	187	1
280	190	1
280	198	1
280	210	1
280	213	1
280	220	1
280	230	1
280	232	1
280	233	1
280	235	1
280	238	1
280	250	1
280	261	1
280	266	1
280	274	1
280	293	1
280	297	1
280	298	1
280	299	1
280	300	1
280	308	1
280	309	1
281	57	1
281	91	1
281	132	1
281	163	1
281	169	1
281	182	1
281	209	1
281	216	1
281	218	1
281	229	1
281	234	1
281	241	1
281	249	1
281	258	1
281	260	1
281	267	1
281	268	1
281	269	1
281	270	1
281	282	1
281	283	1
281	284	1
281	289	1
281	293	1
281	298	1
281	303	1
281	304	1
281	305	1
282	49	1
282	68	1
282	151	1
282	183	1
282	188	1
282	197	1
282	199	1
282	216	1
282	218	1
282	224	1
282	225	1
282	230	1
282	231	1
282	237	1
282	239	1
282	243	1
282	245	1
282	259	1
282	261	1
282	262	1
282	267	1
282	289	1
282	295	1
282	298	1
282	299	1
282	302	1
282	303	1
282	307	1
282	310	1
283	17	1
283	60	1
283	137	1
283	168	1
283	180	1
283	196	1
283	199	1
283	205	1
283	207	1
283	215	1
283	220	1
283	228	1
283	236	1
283	240	1
283	243	1
283	249	1
283	250	1
283	254	1
283	262	1
283	264	1
283	266	1
283	267	1
283	274	1
283	287	1
283	289	1
283	292	1
283	296	1
283	298	1
283	299	1
284	69	1
284	95	1
284	156	1
284	159	1
284	169	1
284	175	1
284	181	1
284	188	1
284	202	1
284	214	1
284	215	1
284	226	1
284	227	1
284	230	1
284	232	1
284	250	1
284	252	1
284	258	1
284	261	1
284	265	1
284	270	1
284	278	1
284	294	1
284	296	1
284	298	1
284	300	1
284	307	1
284	308	1
284	309	1
285	64	1
285	153	1
285	182	1
285	184	1
285	194	1
285	198	1
285	217	1
285	222	1
285	227	1
285	229	1
285	232	1
285	239	1
285	241	1
285	243	1
285	247	1
285	251	1
285	252	1
285	254	1
285	258	1
285	259	1
285	264	1
285	266	1
285	274	1
285	287	1
285	291	1
285	293	1
285	297	1
285	298	1
285	310	1
286	116	1
286	158	1
286	162	1
286	193	1
286	203	1
286	213	1
286	216	1
286	217	1
286	219	1
286	231	1
286	256	1
286	258	1
286	261	1
286	264	1
286	270	1
286	273	1
286	274	1
286	276	1
286	277	1
286	283	1
286	285	1
286	287	1
286	299	1
286	302	1
286	304	1
286	306	1
286	309	1
286	310	1
286	311	1
287	39	1
287	66	1
287	97	1
287	112	1
287	159	1
287	177	1
287	198	1
287	203	1
287	207	1
287	211	1
287	223	1
287	226	1
287	230	1
287	237	1
287	238	1
287	245	1
287	247	1
287	248	1
287	250	1
287	262	1
287	265	1
287	267	1
287	283	1
287	288	1
287	294	1
287	298	1
287	299	1
287	303	1
287	305	1
287	307	1
288	42	1
288	147	1
288	151	1
288	165	1
288	171	1
288	174	1
288	187	1
288	200	1
288	203	1
288	207	1
288	223	1
288	232	1
288	233	1
288	234	1
288	236	1
288	238	1
288	245	1
288	246	1
288	251	1
288	257	1
288	270	1
288	275	1
288	278	1
288	286	1
288	291	1
288	295	1
288	296	1
288	300	1
288	302	1
288	308	1
289	127	1
289	148	1
289	149	1
289	155	1
289	166	1
289	175	1
289	201	1
289	204	1
289	208	1
289	211	1
289	216	1
289	219	1
289	232	1
289	239	1
289	240	1
289	270	1
289	272	1
289	276	1
289	277	1
289	282	1
289	286	1
289	287	1
289	288	1
289	296	1
289	297	1
289	299	1
289	300	1
289	301	1
289	303	1
289	309	1
290	71	1
290	131	1
290	145	1
290	159	1
290	173	1
290	193	1
290	198	1
290	206	1
290	211	1
290	225	1
290	228	1
290	229	1
290	230	1
290	235	1
290	239	1
290	247	1
290	249	1
290	250	1
290	251	1
290	253	1
290	262	1
290	271	1
290	275	1
290	282	1
290	291	1
290	300	1
290	303	1
290	304	1
290	309	1
290	311	1
291	37	1
291	38	1
291	137	1
291	162	1
291	184	1
291	190	1
291	191	1
291	197	1
291	198	1
291	200	1
291	203	1
291	245	1
291	253	1
291	258	1
291	261	1
291	264	1
291	268	1
291	271	1
291	277	1
291	285	1
291	287	1
291	290	1
291	292	1
291	297	1
291	298	1
291	299	1
291	300	1
291	301	1
291	303	1
291	307	1
291	310	1
292	102	1
292	154	1
292	176	1
292	191	1
292	193	1
292	205	1
292	207	1
292	210	1
292	212	1
292	218	1
292	229	1
292	230	1
292	233	1
292	242	1
292	256	1
292	262	1
292	264	1
292	268	1
292	271	1
292	275	1
292	280	1
292	281	1
292	284	1
292	287	1
292	288	1
292	289	1
292	296	1
292	299	1
292	301	1
292	304	1
292	307	1
293	47	1
293	106	1
293	161	1
293	199	1
293	211	1
293	212	1
293	217	1
293	219	1
293	224	1
293	229	1
293	240	1
293	249	1
293	252	1
293	254	1
293	259	1
293	263	1
293	271	1
293	272	1
293	276	1
293	277	1
293	280	1
293	282	1
293	283	1
293	288	1
293	292	1
293	295	1
293	302	1
293	305	1
293	306	1
293	307	1
293	308	1
294	82	1
294	120	1
294	149	1
294	170	1
294	176	1
294	191	1
294	193	1
294	207	1
294	209	1
294	213	1
294	214	1
294	219	1
294	229	1
294	230	1
294	236	1
294	238	1
294	242	1
294	246	1
294	256	1
294	263	1
294	272	1
294	279	1
294	282	1
294	288	1
294	294	1
294	300	1
294	303	1
294	304	1
294	308	1
294	309	1
294	311	1
295	24	1
295	93	1
295	101	1
295	114	1
295	177	1
295	180	1
295	182	1
295	211	1
295	212	1
295	218	1
295	227	1
295	228	1
295	232	1
295	238	1
295	241	1
295	250	1
295	252	1
295	255	1
295	257	1
295	262	1
295	265	1
295	271	1
295	274	1
295	276	1
295	278	1
295	289	1
295	294	1
295	296	1
295	297	1
295	298	1
295	311	1
296	47	1
296	125	1
296	153	1
296	170	1
296	171	1
296	177	1
296	178	1
296	207	1
296	208	1
296	217	1
296	221	1
296	223	1
296	234	1
296	242	1
296	243	1
296	255	1
296	256	1
296	258	1
296	263	1
296	267	1
296	268	1
296	271	1
296	272	1
296	279	1
296	286	1
296	295	1
296	300	1
296	301	1
296	303	1
296	304	1
296	305	1
296	307	1
297	52	1
297	127	1
297	152	1
297	155	1
297	164	1
297	188	1
297	221	1
297	227	1
297	229	1
297	236	1
297	246	1
297	251	1
297	252	1
297	253	1
297	257	1
297	268	1
297	269	1
297	271	1
297	273	1
297	274	1
297	278	1
297	284	1
297	290	1
297	295	1
297	298	1
297	302	1
297	303	1
297	304	1
297	305	1
297	306	1
297	310	1
297	311	1
298	81	1
298	127	1
298	143	1
298	167	1
298	178	1
298	194	1
298	209	1
298	212	1
298	213	1
298	226	1
298	228	1
298	233	1
298	235	1
298	238	1
298	239	1
298	241	1
298	243	1
298	244	1
298	247	1
298	251	1
298	265	1
298	266	1
298	268	1
298	270	1
298	272	1
298	274	1
298	282	1
298	293	1
298	296	1
298	300	1
298	305	1
298	309	1
299	142	1
299	154	1
299	160	1
299	178	1
299	188	1
299	196	1
299	199	1
299	218	1
299	232	1
299	238	1
299	242	1
299	243	1
299	246	1
299	250	1
299	253	1
299	260	1
299	262	1
299	264	1
299	265	1
299	266	1
299	269	1
299	272	1
299	274	1
299	277	1
299	279	1
299	289	1
299	297	1
299	299	1
299	304	1
299	306	1
299	309	1
299	311	1
300	119	1
300	129	1
300	139	1
300	170	1
300	174	1
300	181	1
300	184	1
300	194	1
300	195	1
300	196	1
300	198	1
300	211	1
300	219	1
300	224	1
300	232	1
300	242	1
300	243	1
300	245	1
300	247	1
300	249	1
300	257	1
300	265	1
300	266	1
300	275	1
300	280	1
300	282	1
300	285	1
300	294	1
300	296	1
300	300	1
300	301	1
300	308	1
301	79	1
301	138	1
301	141	1
301	186	1
301	199	1
301	200	1
301	210	1
301	219	1
301	224	1
301	233	1
301	239	1
301	240	1
301	242	1
301	247	1
301	250	1
301	255	1
301	256	1
301	263	1
301	264	1
301	265	1
301	271	1
301	275	1
301	276	1
301	279	1
301	281	1
301	283	1
301	285	1
301	287	1
301	288	1
301	298	1
301	301	1
301	305	1
302	136	1
302	159	1
302	165	1
302	167	1
302	173	1
302	186	1
302	193	1
302	208	1
302	209	1
302	214	1
302	215	1
302	216	1
302	218	1
302	222	1
302	223	1
302	227	1
302	231	1
302	235	1
302	251	1
302	256	1
302	260	1
302	263	1
302	271	1
302	272	1
302	283	1
302	284	1
302	286	1
302	291	1
302	292	1
302	297	1
302	298	1
302	299	1
302	308	1
303	161	1
303	179	1
303	198	1
303	209	1
303	216	1
303	218	1
303	220	1
303	222	1
303	225	1
303	227	1
303	233	1
303	236	1
303	237	1
303	246	1
303	250	1
303	262	1
303	263	1
303	264	1
303	267	1
303	272	1
303	275	1
303	276	1
303	277	1
303	280	1
303	289	1
303	293	1
303	295	1
303	297	1
303	300	1
303	303	1
303	304	1
303	308	1
303	311	1
304	45	1
304	135	1
304	147	1
304	167	1
304	171	1
304	188	1
304	192	1
304	196	1
304	199	1
304	200	1
304	215	1
304	217	1
304	231	1
304	237	1
304	243	1
304	245	1
304	247	1
304	252	1
304	255	1
304	259	1
304	264	1
304	266	1
304	270	1
304	272	1
304	275	1
304	277	1
304	281	1
304	284	1
304	286	1
304	291	1
304	294	1
304	302	1
304	307	1
304	310	1
305	153	1
305	170	1
305	174	1
305	191	1
305	200	1
305	220	1
305	223	1
305	224	1
305	226	1
305	229	1
305	233	1
305	234	1
305	236	1
305	238	1
305	240	1
305	244	1
305	246	1
305	248	1
305	256	1
305	259	1
305	262	1
305	263	1
305	264	1
305	265	1
305	268	1
305	273	1
305	275	1
305	279	1
305	280	1
305	285	1
305	300	1
305	301	1
305	305	1
305	307	1
305	308	1
306	84	1
306	154	1
306	156	1
306	157	1
306	159	1
306	166	1
306	167	1
306	168	1
306	170	1
306	214	1
306	218	1
306	221	1
306	223	1
306	227	1
306	231	1
306	232	1
306	236	1
306	239	1
306	242	1
306	246	1
306	261	1
306	264	1
306	266	1
306	269	1
306	270	1
306	279	1
306	281	1
306	283	1
306	287	1
306	295	1
306	297	1
306	301	1
306	304	1
306	307	1
306	309	1
306	310	1
307	25	1
307	101	1
307	115	1
307	137	1
307	179	1
307	210	1
307	217	1
307	226	1
307	227	1
307	234	1
307	236	1
307	239	1
307	241	1
307	243	1
307	244	1
307	245	1
307	252	1
307	253	1
307	255	1
307	260	1
307	261	1
307	270	1
307	275	1
307	276	1
307	277	1
307	282	1
307	286	1
307	288	1
307	290	1
307	296	1
307	298	1
307	299	1
307	300	1
307	301	1
307	305	1
307	308	1
308	53	1
308	100	1
308	172	1
308	178	1
308	183	1
308	191	1
308	198	1
308	199	1
308	216	1
308	222	1
308	227	1
308	237	1
308	241	1
308	247	1
308	253	1
308	257	1
308	262	1
308	265	1
308	269	1
308	270	1
308	272	1
308	274	1
308	283	1
308	288	1
308	290	1
308	293	1
308	296	1
308	297	1
308	298	1
308	299	1
308	300	1
308	301	1
308	304	1
308	305	1
308	309	1
308	311	1
309	83	1
309	105	1
309	167	1
309	181	1
309	183	1
309	194	1
309	201	1
309	202	1
309	212	1
309	215	1
309	222	1
309	224	1
309	226	1
309	230	1
309	232	1
309	234	1
309	236	1
309	241	1
309	243	1
309	247	1
309	252	1
309	254	1
309	267	1
309	270	1
309	272	1
309	274	1
309	278	1
309	279	1
309	284	1
309	288	1
309	293	1
309	294	1
309	297	1
309	299	1
309	300	1
309	301	1
309	306	1
310	91	1
310	117	1
310	138	1
310	146	1
310	171	1
310	191	1
310	206	1
310	214	1
310	216	1
310	220	1
310	226	1
310	233	1
310	237	1
310	241	1
310	243	1
310	250	1
310	255	1
310	257	1
310	258	1
310	264	1
310	265	1
310	269	1
310	270	1
310	280	1
310	281	1
310	282	1
310	287	1
310	288	1
310	289	1
310	290	1
310	300	1
310	301	1
310	303	1
310	305	1
310	306	1
310	308	1
310	311	1
311	99	1
311	119	1
311	123	1
311	134	1
311	138	1
311	156	1
311	190	1
311	199	1
311	205	1
311	216	1
311	217	1
311	219	1
311	222	1
311	224	1
311	227	1
311	231	1
311	232	1
311	245	1
311	248	1
311	256	1
311	262	1
311	266	1
311	270	1
311	274	1
311	275	1
311	278	1
311	279	1
311	286	1
311	293	1
311	295	1
311	296	1
311	297	1
311	302	1
311	303	1
311	306	1
311	307	1
311	310	1
312	3	1
312	38	1
312	138	1
312	148	1
312	162	1
312	163	1
312	175	1
312	201	1
312	209	1
312	220	1
312	229	1
312	244	1
312	245	1
312	246	1
312	248	1
312	249	1
312	251	1
312	256	1
312	260	1
312	263	1
312	264	1
312	266	1
312	268	1
312	269	1
312	277	1
312	281	1
312	287	1
312	297	1
312	298	1
312	299	1
312	300	1
312	301	1
312	303	1
312	304	1
312	305	1
312	306	1
312	307	1
313	121	1
313	147	1
313	167	1
313	174	1
313	183	1
313	193	1
313	198	1
313	210	1
313	217	1
313	220	1
313	225	1
313	231	1
313	233	1
313	238	1
313	239	1
313	242	1
313	243	1
313	245	1
313	246	1
313	256	1
313	257	1
313	258	1
313	266	1
313	267	1
313	272	1
313	289	1
313	291	1
313	294	1
313	295	1
313	298	1
313	302	1
313	304	1
313	306	1
313	307	1
313	308	1
313	309	1
313	310	1
314	112	1
314	120	1
314	152	1
314	163	1
314	182	1
314	187	1
314	210	1
314	214	1
314	215	1
314	219	1
314	220	1
314	227	1
314	235	1
314	239	1
314	243	1
314	250	1
314	251	1
314	258	1
314	260	1
314	275	1
314	278	1
314	280	1
314	282	1
314	284	1
314	286	1
314	287	1
314	291	1
314	293	1
314	295	1
314	297	1
314	299	1
314	300	1
314	303	1
314	305	1
314	306	1
314	307	1
314	308	1
314	311	1
315	104	1
315	146	1
315	168	1
315	171	1
315	176	1
315	182	1
315	189	1
315	190	1
315	204	1
315	207	1
315	211	1
315	230	1
315	239	1
315	241	1
315	245	1
315	251	1
315	258	1
315	259	1
315	260	1
315	261	1
315	264	1
315	266	1
315	267	1
315	268	1
315	271	1
315	273	1
315	274	1
315	275	1
315	280	1
315	284	1
315	286	1
315	290	1
315	291	1
315	296	1
315	298	1
315	305	1
315	306	1
315	307	1
315	310	1
316	69	1
316	76	1
316	134	1
316	139	1
316	158	1
316	160	1
316	179	1
316	182	1
316	187	1
316	188	1
316	190	1
316	193	1
316	196	1
316	197	1
316	200	1
316	205	1
316	219	1
316	233	1
316	234	1
316	241	1
316	243	1
316	245	1
316	246	1
316	249	1
316	253	1
316	259	1
316	263	1
316	268	1
316	269	1
316	271	1
316	272	1
316	274	1
316	280	1
316	281	1
316	282	1
316	283	1
316	285	1
316	291	1
316	292	1
316	311	1
317	49	1
317	72	1
317	94	1
317	135	1
317	152	1
317	167	1
317	172	1
317	185	1
317	207	1
317	212	1
317	220	1
317	222	1
317	232	1
317	237	1
317	248	1
317	252	1
317	254	1
317	255	1
317	257	1
317	264	1
317	265	1
317	268	1
317	269	1
317	270	1
317	271	1
317	274	1
317	277	1
317	279	1
317	281	1
317	283	1
317	286	1
317	289	1
317	291	1
317	292	1
317	297	1
317	299	1
317	302	1
317	303	1
317	305	1
317	307	1
317	309	1
318	103	1
318	115	1
318	157	1
318	160	1
318	166	1
318	175	1
318	184	1
318	187	1
318	188	1
318	193	1
318	199	1
318	201	1
318	202	1
318	203	1
318	204	1
318	210	1
318	215	1
318	228	1
318	229	1
318	235	1
318	237	1
318	238	1
318	239	1
318	247	1
318	259	1
318	261	1
318	264	1
318	270	1
318	276	1
318	289	1
318	292	1
318	296	1
318	297	1
318	298	1
318	299	1
318	300	1
318	301	1
318	303	1
318	304	1
318	310	1
318	311	1
319	11	1
319	12	1
319	83	1
319	87	1
319	150	1
319	169	1
319	173	1
319	190	1
319	193	1
319	194	1
319	195	1
319	197	1
319	204	1
319	220	1
319	229	1
319	230	1
319	236	1
319	238	1
319	239	1
319	244	1
319	249	1
319	252	1
319	253	1
319	255	1
319	256	1
319	259	1
319	263	1
319	266	1
319	270	1
319	271	1
319	273	1
319	274	1
319	277	1
319	279	1
319	281	1
319	284	1
319	286	1
319	288	1
319	291	1
319	301	1
319	303	1
320	141	1
320	154	1
320	157	1
320	161	1
320	163	1
320	176	1
320	202	1
320	206	1
320	213	1
320	214	1
320	221	1
320	222	1
320	225	1
320	229	1
320	231	1
320	235	1
320	237	1
320	239	1
320	246	1
320	247	1
320	256	1
320	257	1
320	261	1
320	262	1
320	270	1
320	273	1
320	274	1
320	277	1
320	279	1
320	281	1
320	282	1
320	288	1
320	295	1
320	296	1
320	297	1
320	298	1
320	302	1
320	303	1
320	306	1
320	307	1
320	311	1
321	154	1
321	168	1
321	183	1
321	197	1
321	213	1
321	214	1
321	218	1
321	219	1
321	221	1
321	224	1
321	227	1
321	237	1
321	239	1
321	246	1
321	247	1
321	248	1
321	254	1
321	255	1
321	257	1
321	263	1
321	267	1
321	268	1
321	269	1
321	270	1
321	271	1
321	273	1
321	276	1
321	280	1
321	287	1
321	289	1
321	292	1
321	293	1
321	297	1
321	298	1
321	299	1
321	300	1
321	302	1
321	305	1
321	306	1
321	307	1
321	308	1
322	37	1
322	125	1
322	144	1
322	152	1
322	180	1
322	195	1
322	201	1
322	202	1
322	204	1
322	207	1
322	209	1
322	213	1
322	220	1
322	221	1
322	230	1
322	231	1
322	233	1
322	241	1
322	242	1
322	245	1
322	253	1
322	255	1
322	258	1
322	259	1
322	263	1
322	267	1
322	269	1
322	270	1
322	272	1
322	273	1
322	274	1
322	277	1
322	282	1
322	285	1
322	286	1
322	287	1
322	294	1
322	296	1
322	298	1
322	299	1
322	307	1
323	45	1
323	105	1
323	118	1
323	160	1
323	167	1
323	174	1
323	182	1
323	193	1
323	200	1
323	201	1
323	204	1
323	210	1
323	216	1
323	223	1
323	226	1
323	229	1
323	232	1
323	234	1
323	237	1
323	238	1
323	241	1
323	252	1
323	257	1
323	265	1
323	268	1
323	271	1
323	272	1
323	273	1
323	275	1
323	276	1
323	278	1
323	282	1
323	285	1
323	290	1
323	293	1
323	295	1
323	296	1
323	302	1
323	304	1
323	305	1
323	309	1
323	311	1
324	44	1
324	145	1
324	159	1
324	164	1
324	175	1
324	177	1
324	181	1
324	188	1
324	211	1
324	214	1
324	217	1
324	225	1
324	228	1
324	231	1
324	233	1
324	237	1
324	239	1
324	240	1
324	248	1
324	252	1
324	253	1
324	255	1
324	256	1
324	258	1
324	259	1
324	260	1
324	261	1
324	263	1
324	269	1
324	272	1
324	275	1
324	278	1
324	283	1
324	285	1
324	287	1
324	289	1
324	295	1
324	296	1
324	300	1
324	306	1
324	307	1
324	308	1
324	309	1
325	27	1
325	119	1
325	133	1
325	151	1
325	163	1
325	190	1
325	199	1
325	201	1
325	206	1
325	207	1
325	214	1
325	216	1
325	218	1
325	220	1
325	221	1
325	224	1
325	226	1
325	238	1
325	239	1
325	240	1
325	246	1
325	247	1
325	251	1
325	256	1
325	258	1
325	261	1
325	263	1
325	267	1
325	269	1
325	271	1
325	280	1
325	281	1
325	283	1
325	284	1
325	286	1
325	288	1
325	294	1
325	300	1
325	304	1
325	305	1
325	306	1
325	307	1
325	310	1
326	11	1
326	65	1
326	132	1
326	172	1
326	175	1
326	178	1
326	200	1
326	206	1
326	218	1
326	221	1
326	222	1
326	227	1
326	236	1
326	238	1
326	240	1
326	243	1
326	248	1
326	251	1
326	252	1
326	256	1
326	257	1
326	259	1
326	262	1
326	271	1
326	273	1
326	274	1
326	279	1
326	280	1
326	283	1
326	284	1
326	288	1
326	289	1
326	291	1
326	292	1
326	293	1
326	296	1
326	298	1
326	300	1
326	302	1
326	303	1
326	307	1
326	308	1
326	310	1
327	72	1
327	75	1
327	151	1
327	160	1
327	168	1
327	180	1
327	181	1
327	190	1
327	191	1
327	204	1
327	206	1
327	213	1
327	222	1
327	223	1
327	225	1
327	226	1
327	228	1
327	235	1
327	246	1
327	248	1
327	250	1
327	252	1
327	254	1
327	259	1
327	261	1
327	262	1
327	274	1
327	276	1
327	280	1
327	283	1
327	285	1
327	287	1
327	288	1
327	289	1
327	292	1
327	294	1
327	296	1
327	301	1
327	303	1
327	305	1
327	307	1
327	308	1
327	310	1
327	311	1
328	87	1
328	89	1
328	120	1
328	127	1
328	130	1
328	160	1
328	166	1
328	172	1
328	184	1
328	192	1
328	202	1
328	217	1
328	219	1
328	227	1
328	230	1
328	231	1
328	232	1
328	235	1
328	242	1
328	243	1
328	246	1
328	249	1
328	253	1
328	257	1
328	262	1
328	267	1
328	270	1
328	271	1
328	272	1
328	273	1
328	275	1
328	280	1
328	286	1
328	287	1
328	289	1
328	291	1
328	292	1
328	294	1
328	295	1
328	299	1
328	302	1
328	305	1
328	306	1
328	308	1
328	311	1
329	6	1
329	44	1
329	145	1
329	170	1
329	178	1
329	179	1
329	188	1
329	192	1
329	194	1
329	203	1
329	206	1
329	208	1
329	209	1
329	210	1
329	219	1
329	220	1
329	227	1
329	231	1
329	237	1
329	239	1
329	254	1
329	255	1
329	259	1
329	260	1
329	264	1
329	265	1
329	268	1
329	272	1
329	273	1
329	278	1
329	282	1
329	283	1
329	284	1
329	286	1
329	288	1
329	291	1
329	292	1
329	294	1
329	296	1
329	297	1
329	300	1
329	301	1
329	303	1
329	306	1
329	307	1
329	308	1
330	51	1
330	60	1
330	75	1
330	113	1
330	140	1
330	149	1
330	174	1
330	176	1
330	181	1
330	191	1
330	192	1
330	206	1
330	208	1
330	213	1
330	217	1
330	220	1
330	226	1
330	230	1
330	236	1
330	237	1
330	241	1
330	243	1
330	246	1
330	253	1
330	254	1
330	261	1
330	263	1
330	266	1
330	267	1
330	275	1
330	277	1
330	279	1
330	280	1
330	288	1
330	289	1
330	291	1
330	292	1
330	293	1
330	294	1
330	298	1
330	299	1
330	300	1
330	304	1
330	306	1
330	307	1
330	308	1
330	310	1
331	20	1
331	81	1
331	90	1
331	92	1
331	164	1
331	172	1
331	177	1
331	194	1
331	201	1
331	202	1
331	203	1
331	205	1
331	208	1
331	209	1
331	213	1
331	217	1
331	220	1
331	224	1
331	227	1
331	236	1
331	245	1
331	251	1
331	253	1
331	255	1
331	258	1
331	263	1
331	265	1
331	266	1
331	267	1
331	268	1
331	271	1
331	273	1
331	274	1
331	275	1
331	277	1
331	280	1
331	285	1
331	286	1
331	287	1
331	289	1
331	290	1
331	294	1
331	297	1
331	298	1
331	300	1
331	301	1
331	305	1
331	306	1
332	55	1
332	124	1
332	127	1
332	139	1
332	155	1
332	169	1
332	177	1
332	181	1
332	192	1
332	197	1
332	202	1
332	203	1
332	212	1
332	221	1
332	225	1
332	227	1
332	237	1
332	238	1
332	242	1
332	244	1
332	245	1
332	250	1
332	254	1
332	257	1
332	258	1
332	259	1
332	262	1
332	264	1
332	268	1
332	272	1
332	273	1
332	274	1
332	276	1
332	279	1
332	280	1
332	287	1
332	288	1
332	292	1
332	293	1
332	294	1
332	295	1
332	297	1
332	298	1
332	299	1
332	300	1
332	302	1
332	305	1
332	306	1
332	309	1
333	59	1
333	139	1
333	142	1
333	162	1
333	175	1
333	177	1
333	179	1
333	192	1
333	196	1
333	198	1
333	205	1
333	206	1
333	208	1
333	211	1
333	214	1
333	215	1
333	218	1
333	220	1
333	221	1
333	223	1
333	224	1
333	225	1
333	226	1
333	231	1
333	232	1
333	236	1
333	243	1
333	246	1
333	249	1
333	251	1
333	257	1
333	259	1
333	260	1
333	262	1
333	264	1
333	269	1
333	272	1
333	284	1
333	285	1
333	287	1
333	288	1
333	289	1
333	294	1
333	296	1
333	297	1
333	305	1
333	306	1
333	307	1
333	309	1
334	36	1
334	41	1
334	108	1
334	131	1
334	144	1
334	155	1
334	164	1
334	168	1
334	175	1
334	192	1
334	194	1
334	200	1
334	222	1
334	225	1
334	227	1
334	229	1
334	232	1
334	233	1
334	235	1
334	237	1
334	240	1
334	241	1
334	244	1
334	245	1
334	246	1
334	249	1
334	251	1
334	253	1
334	256	1
334	259	1
334	260	1
334	261	1
334	268	1
334	272	1
334	274	1
334	278	1
334	280	1
334	284	1
334	286	1
334	288	1
334	292	1
334	296	1
334	297	1
334	304	1
334	307	1
334	308	1
334	309	1
334	310	1
334	311	1
335	25	1
335	40	1
335	101	1
335	150	1
335	165	1
335	168	1
335	178	1
335	187	1
335	188	1
335	200	1
335	209	1
335	218	1
335	219	1
335	222	1
335	223	1
335	226	1
335	227	1
335	229	1
335	234	1
335	238	1
335	243	1
335	246	1
335	247	1
335	248	1
335	253	1
335	256	1
335	257	1
335	259	1
335	265	1
335	266	1
335	267	1
335	270	1
335	274	1
335	279	1
335	281	1
335	282	1
335	285	1
335	286	1
335	287	1
335	294	1
335	295	1
335	296	1
335	299	1
335	302	1
335	303	1
335	304	1
335	307	1
335	308	1
335	309	1
335	311	1
336	26	1
336	68	1
336	110	1
336	134	1
336	143	1
336	154	1
336	177	1
336	178	1
336	181	1
336	189	1
336	191	1
336	195	1
336	199	1
336	201	1
336	205	1
336	219	1
336	223	1
336	226	1
336	233	1
336	238	1
336	239	1
336	241	1
336	242	1
336	243	1
336	247	1
336	248	1
336	249	1
336	251	1
336	257	1
336	264	1
336	267	1
336	269	1
336	273	1
336	274	1
336	277	1
336	279	1
336	280	1
336	285	1
336	287	1
336	288	1
336	290	1
336	293	1
336	294	1
336	296	1
336	297	1
336	298	1
336	300	1
336	306	1
336	309	1
336	310	1
336	311	1
337	14	1
337	18	1
337	23	1
337	76	1
337	147	1
337	161	1
337	162	1
337	171	1
337	177	1
337	181	1
337	187	1
337	191	1
337	196	1
337	201	1
337	203	1
337	206	1
337	216	1
337	226	1
337	232	1
337	234	1
337	235	1
337	236	1
337	238	1
337	239	1
337	245	1
337	246	1
337	250	1
337	251	1
337	252	1
337	260	1
337	261	1
337	262	1
337	263	1
337	270	1
337	274	1
337	276	1
337	280	1
337	283	1
337	287	1
337	289	1
337	290	1
337	292	1
337	294	1
337	295	1
337	298	1
337	299	1
337	300	1
337	301	1
337	303	1
337	306	1
337	308	1
337	309	1
338	77	1
338	97	1
338	145	1
338	161	1
338	169	1
338	177	1
338	178	1
338	183	1
338	203	1
338	204	1
338	205	1
338	208	1
338	213	1
338	214	1
338	217	1
338	219	1
338	222	1
338	223	1
338	224	1
338	229	1
338	236	1
338	242	1
338	243	1
338	245	1
338	246	1
338	248	1
338	249	1
338	254	1
338	255	1
338	257	1
338	258	1
338	262	1
338	271	1
338	277	1
338	279	1
338	280	1
338	281	1
338	282	1
338	283	1
338	285	1
338	287	1
338	288	1
338	291	1
338	293	1
338	298	1
338	301	1
338	302	1
338	304	1
338	305	1
338	307	1
338	308	1
338	309	1
338	310	1
339	90	1
339	94	1
339	146	1
339	160	1
339	165	1
339	174	1
339	191	1
339	193	1
339	196	1
339	202	1
339	207	1
339	208	1
339	209	1
339	212	1
339	214	1
339	220	1
339	223	1
339	224	1
339	226	1
339	230	1
339	231	1
339	232	1
339	236	1
339	237	1
339	240	1
339	250	1
339	252	1
339	261	1
339	262	1
339	267	1
339	268	1
339	269	1
339	270	1
339	271	1
339	272	1
339	273	1
339	274	1
339	277	1
339	279	1
339	284	1
339	286	1
339	287	1
339	292	1
339	294	1
339	295	1
339	296	1
339	298	1
339	299	1
339	300	1
339	301	1
339	303	1
339	307	1
339	310	1
339	311	1
340	22	1
340	86	1
340	129	1
340	146	1
340	161	1
340	174	1
340	189	1
340	191	1
340	198	1
340	203	1
340	209	1
340	213	1
340	214	1
340	215	1
340	216	1
340	217	1
340	218	1
340	221	1
340	222	1
340	226	1
340	227	1
340	228	1
340	229	1
340	230	1
340	231	1
340	247	1
340	252	1
340	257	1
340	259	1
340	261	1
340	263	1
340	267	1
340	273	1
340	277	1
340	278	1
340	280	1
340	281	1
340	282	1
340	283	1
340	284	1
340	285	1
340	286	1
340	287	1
340	288	1
340	290	1
340	293	1
340	294	1
340	297	1
340	298	1
340	300	1
340	301	1
340	303	1
340	305	1
340	309	1
340	310	1
341	41	1
341	52	1
341	119	1
341	121	1
341	124	1
341	139	1
341	142	1
341	162	1
341	170	1
341	180	1
341	183	1
341	191	1
341	195	1
341	204	1
341	205	1
341	206	1
341	212	1
341	215	1
341	226	1
341	228	1
341	231	1
341	232	1
341	235	1
341	236	1
341	242	1
341	244	1
341	245	1
341	250	1
341	260	1
341	263	1
341	264	1
341	267	1
341	268	1
341	273	1
341	274	1
341	276	1
341	280	1
341	282	1
341	283	1
341	284	1
341	286	1
341	287	1
341	289	1
341	291	1
341	292	1
341	293	1
341	294	1
341	295	1
341	296	1
341	297	1
341	301	1
341	304	1
341	305	1
341	309	1
341	310	1
341	311	1
342	35	1
342	76	1
342	107	1
342	157	1
342	165	1
342	174	1
342	177	1
342	181	1
342	182	1
342	184	1
342	189	1
342	195	1
342	198	1
342	205	1
342	211	1
342	214	1
342	215	1
342	216	1
342	217	1
342	220	1
342	222	1
342	224	1
342	225	1
342	229	1
342	233	1
342	234	1
342	237	1
342	239	1
342	241	1
342	246	1
342	248	1
342	250	1
342	251	1
342	252	1
342	254	1
342	256	1
342	261	1
342	263	1
342	266	1
342	267	1
342	273	1
342	274	1
342	275	1
342	278	1
342	279	1
342	283	1
342	287	1
342	292	1
342	293	1
342	294	1
342	299	1
342	300	1
342	302	1
342	305	1
342	306	1
342	308	1
342	311	1
343	52	1
343	58	1
343	95	1
343	128	1
343	134	1
343	153	1
343	156	1
343	184	1
343	185	1
343	186	1
343	190	1
343	191	1
343	194	1
343	195	1
343	197	1
343	203	1
343	205	1
343	206	1
343	207	1
343	210	1
343	214	1
343	219	1
343	221	1
343	228	1
343	230	1
343	232	1
343	240	1
343	242	1
343	244	1
343	247	1
343	249	1
343	253	1
343	259	1
343	263	1
343	264	1
343	265	1
343	273	1
343	275	1
343	277	1
343	278	1
343	279	1
343	280	1
343	282	1
343	285	1
343	287	1
343	288	1
343	290	1
343	291	1
343	294	1
343	295	1
343	296	1
343	298	1
343	299	1
343	300	1
343	305	1
343	306	1
343	307	1
343	310	1
344	28	1
344	57	1
344	60	1
344	83	1
344	122	1
344	142	1
344	144	1
344	155	1
344	167	1
344	168	1
344	169	1
344	171	1
344	186	1
344	188	1
344	190	1
344	191	1
344	195	1
344	205	1
344	206	1
344	210	1
344	211	1
344	215	1
344	221	1
344	225	1
344	227	1
344	230	1
344	232	1
344	239	1
344	241	1
344	242	1
344	248	1
344	251	1
344	256	1
344	258	1
344	261	1
344	262	1
344	268	1
344	269	1
344	271	1
344	274	1
344	275	1
344	277	1
344	278	1
344	279	1
344	281	1
344	286	1
344	287	1
344	288	1
344	290	1
344	295	1
344	296	1
344	297	1
344	301	1
344	302	1
344	305	1
344	306	1
344	307	1
344	308	1
344	309	1
345	27	1
345	154	1
345	173	1
345	179	1
345	186	1
345	187	1
345	198	1
345	199	1
345	201	1
345	204	1
345	207	1
345	215	1
345	217	1
345	219	1
345	222	1
345	224	1
345	225	1
345	230	1
345	232	1
345	233	1
345	234	1
345	240	1
345	241	1
345	244	1
345	249	1
345	251	1
345	252	1
345	254	1
345	255	1
345	256	1
345	259	1
345	261	1
345	262	1
345	266	1
345	267	1
345	268	1
345	274	1
345	275	1
345	276	1
345	278	1
345	280	1
345	283	1
345	284	1
345	285	1
345	286	1
345	287	1
345	288	1
345	292	1
345	293	1
345	294	1
345	295	1
345	297	1
345	298	1
345	300	1
345	302	1
345	303	1
345	306	1
345	308	1
345	310	1
345	311	1
346	70	1
346	77	1
346	107	1
346	113	1
346	150	1
346	160	1
346	189	1
346	193	1
346	194	1
346	200	1
346	201	1
346	202	1
346	204	1
346	205	1
346	206	1
346	207	1
346	208	1
346	210	1
346	211	1
346	212	1
346	216	1
346	218	1
346	221	1
346	222	1
346	224	1
346	226	1
346	227	1
346	233	1
346	235	1
346	239	1
346	242	1
346	244	1
346	246	1
346	252	1
346	254	1
346	264	1
346	265	1
346	267	1
346	269	1
346	272	1
346	273	1
346	275	1
346	277	1
346	278	1
346	280	1
346	281	1
346	282	1
346	284	1
346	288	1
346	290	1
346	293	1
346	294	1
346	297	1
346	298	1
346	300	1
346	303	1
346	304	1
346	308	1
346	309	1
346	310	1
346	311	1
347	77	1
347	122	1
347	154	1
347	157	1
347	167	1
347	171	1
347	173	1
347	184	1
347	187	1
347	188	1
347	196	1
347	197	1
347	199	1
347	202	1
347	212	1
347	215	1
347	218	1
347	219	1
347	228	1
347	231	1
347	232	1
347	233	1
347	234	1
347	240	1
347	245	1
347	249	1
347	250	1
347	252	1
347	254	1
347	256	1
347	258	1
347	260	1
347	261	1
347	264	1
347	265	1
347	266	1
347	268	1
347	269	1
347	272	1
347	274	1
347	276	1
347	277	1
347	278	1
347	280	1
347	282	1
347	283	1
347	286	1
347	287	1
347	288	1
347	289	1
347	291	1
347	293	1
347	296	1
347	297	1
347	298	1
347	299	1
347	300	1
347	301	1
347	303	1
347	304	1
347	306	1
347	311	1
348	26	1
348	82	1
348	123	1
348	129	1
348	147	1
348	148	1
348	151	1
348	157	1
348	174	1
348	178	1
348	182	1
348	183	1
348	197	1
348	199	1
348	201	1
348	204	1
348	207	1
348	212	1
348	215	1
348	218	1
348	220	1
348	222	1
348	224	1
348	228	1
348	235	1
348	236	1
348	237	1
348	241	1
348	244	1
348	248	1
348	252	1
348	253	1
348	254	1
348	255	1
348	257	1
348	258	1
348	260	1
348	262	1
348	263	1
348	265	1
348	266	1
348	269	1
348	272	1
348	273	1
348	275	1
348	276	1
348	278	1
348	280	1
348	282	1
348	284	1
348	285	1
348	287	1
348	290	1
348	291	1
348	292	1
348	293	1
348	300	1
348	302	1
348	304	1
348	306	1
348	309	1
348	310	1
348	311	1
349	106	1
349	121	1
349	128	1
349	134	1
349	138	1
349	143	1
349	172	1
349	173	1
349	198	1
349	200	1
349	201	1
349	207	1
349	210	1
349	211	1
349	214	1
349	217	1
349	219	1
349	223	1
349	228	1
349	229	1
349	232	1
349	234	1
349	237	1
349	243	1
349	248	1
349	250	1
349	253	1
349	255	1
349	257	1
349	258	1
349	262	1
349	263	1
349	264	1
349	267	1
349	269	1
349	271	1
349	274	1
349	275	1
349	276	1
349	277	1
349	278	1
349	279	1
349	281	1
349	282	1
349	283	1
349	284	1
349	286	1
349	288	1
349	289	1
349	290	1
349	291	1
349	292	1
349	293	1
349	296	1
349	297	1
349	298	1
349	299	1
349	301	1
349	302	1
349	304	1
349	306	1
349	307	1
349	308	1
349	309	1
350	1	1
350	15	1
350	123	1
350	125	1
350	142	1
350	150	1
350	154	1
350	176	1
350	184	1
350	188	1
350	189	1
350	191	1
350	198	1
350	199	1
350	201	1
350	204	1
350	208	1
350	211	1
350	213	1
350	218	1
350	225	1
350	226	1
350	227	1
350	228	1
350	231	1
350	232	1
350	240	1
350	242	1
350	244	1
350	246	1
350	248	1
350	249	1
350	251	1
350	258	1
350	259	1
350	260	1
350	262	1
350	263	1
350	265	1
350	269	1
350	270	1
350	271	1
350	273	1
350	274	1
350	275	1
350	276	1
350	277	1
350	279	1
350	284	1
350	287	1
350	288	1
350	289	1
350	290	1
350	291	1
350	292	1
350	295	1
350	297	1
350	299	1
350	301	1
350	303	1
350	304	1
350	307	1
350	309	1
350	310	1
350	311	1
351	80	1
351	125	1
351	129	1
351	158	1
351	159	1
351	174	1
351	175	1
351	187	1
351	195	1
351	197	1
351	199	1
351	200	1
351	205	1
351	210	1
351	212	1
351	222	1
351	224	1
351	225	1
351	226	1
351	227	1
351	233	1
351	235	1
351	236	1
351	237	1
351	238	1
351	239	1
351	242	1
351	244	1
351	248	1
351	250	1
351	251	1
351	252	1
351	257	1
351	259	1
351	260	1
351	261	1
351	264	1
351	266	1
351	267	1
351	269	1
351	272	1
351	273	1
351	274	1
351	275	1
351	277	1
351	279	1
351	281	1
351	283	1
351	285	1
351	288	1
351	290	1
351	292	1
351	293	1
351	297	1
351	298	1
351	299	1
351	300	1
351	301	1
351	302	1
351	304	1
351	305	1
351	306	1
351	308	1
351	309	1
351	310	1
351	311	1
352	58	1
352	133	1
352	135	1
352	142	1
352	155	1
352	182	1
352	185	1
352	189	1
352	197	1
352	199	1
352	200	1
352	208	1
352	213	1
352	217	1
352	220	1
352	223	1
352	227	1
352	228	1
352	229	1
352	230	1
352	232	1
352	233	1
352	238	1
352	241	1
352	245	1
352	246	1
352	247	1
352	251	1
352	254	1
352	255	1
352	257	1
352	259	1
352	261	1
352	262	1
352	263	1
352	265	1
352	266	1
352	270	1
352	273	1
352	279	1
352	280	1
352	281	1
352	282	1
352	283	1
352	284	1
352	285	1
352	286	1
352	288	1
352	289	1
352	290	1
352	291	1
352	292	1
352	293	1
352	294	1
352	295	1
352	296	1
352	298	1
352	300	1
352	301	1
352	302	1
352	303	1
352	304	1
352	307	1
352	308	1
352	309	1
352	310	1
352	311	1
353	9	1
353	16	1
353	73	1
353	93	1
353	130	1
353	145	1
353	149	1
353	179	1
353	183	1
353	184	1
353	190	1
353	199	1
353	205	1
353	208	1
353	210	1
353	211	1
353	212	1
353	213	1
353	218	1
353	219	1
353	223	1
353	225	1
353	226	1
353	234	1
353	235	1
353	236	1
353	240	1
353	242	1
353	243	1
353	245	1
353	247	1
353	249	1
353	250	1
353	251	1
353	252	1
353	254	1
353	255	1
353	256	1
353	259	1
353	266	1
353	270	1
353	271	1
353	274	1
353	276	1
353	277	1
353	280	1
353	282	1
353	283	1
353	284	1
353	286	1
353	288	1
353	289	1
353	290	1
353	291	1
353	292	1
353	294	1
353	295	1
353	296	1
353	297	1
353	299	1
353	300	1
353	302	1
353	303	1
353	305	1
353	306	1
353	309	1
353	310	1
353	311	1
354	126	1
354	139	1
354	148	1
354	150	1
354	152	1
354	157	1
354	166	1
354	169	1
354	173	1
354	176	1
354	181	1
354	187	1
354	190	1
354	204	1
354	205	1
354	206	1
354	209	1
354	212	1
354	216	1
354	218	1
354	224	1
354	226	1
354	231	1
354	232	1
354	233	1
354	238	1
354	239	1
354	242	1
354	243	1
354	244	1
354	247	1
354	248	1
354	251	1
354	253	1
354	254	1
354	255	1
354	256	1
354	258	1
354	259	1
354	261	1
354	262	1
354	264	1
354	265	1
354	268	1
354	269	1
354	270	1
354	273	1
354	274	1
354	275	1
354	277	1
354	279	1
354	280	1
354	282	1
354	285	1
354	288	1
354	289	1
354	290	1
354	291	1
354	292	1
354	293	1
354	295	1
354	299	1
354	300	1
354	302	1
354	303	1
354	306	1
354	307	1
354	308	1
354	309	1
355	34	1
355	64	1
355	65	1
355	70	1
355	79	1
355	103	1
355	126	1
355	136	1
355	168	1
355	176	1
355	179	1
355	180	1
355	192	1
355	194	1
355	195	1
355	197	1
355	202	1
355	205	1
355	223	1
355	224	1
355	225	1
355	228	1
355	229	1
355	231	1
355	232	1
355	233	1
355	236	1
355	237	1
355	238	1
355	239	1
355	240	1
355	241	1
355	242	1
355	244	1
355	248	1
355	249	1
355	251	1
355	252	1
355	254	1
355	257	1
355	258	1
355	260	1
355	261	1
355	262	1
355	264	1
355	265	1
355	266	1
355	271	1
355	272	1
355	273	1
355	275	1
355	277	1
355	282	1
355	283	1
355	284	1
355	285	1
355	286	1
355	287	1
355	288	1
355	289	1
355	291	1
355	292	1
355	296	1
355	301	1
355	302	1
355	304	1
355	306	1
355	308	1
355	309	1
355	310	1
356	21	1
356	29	1
356	33	1
356	87	1
356	110	1
356	159	1
356	165	1
356	168	1
356	175	1
356	178	1
356	180	1
356	181	1
356	184	1
356	185	1
356	191	1
356	197	1
356	202	1
356	209	1
356	215	1
356	217	1
356	221	1
356	226	1
356	235	1
356	236	1
356	237	1
356	239	1
356	240	1
356	241	1
356	242	1
356	247	1
356	249	1
356	252	1
356	253	1
356	254	1
356	256	1
356	257	1
356	258	1
356	259	1
356	261	1
356	262	1
356	264	1
356	267	1
356	269	1
356	270	1
356	271	1
356	272	1
356	273	1
356	280	1
356	281	1
356	282	1
356	283	1
356	285	1
356	286	1
356	287	1
356	288	1
356	289	1
356	290	1
356	292	1
356	294	1
356	295	1
356	297	1
356	298	1
356	299	1
356	301	1
356	303	1
356	304	1
356	305	1
356	306	1
356	307	1
356	309	1
357	61	1
357	118	1
357	128	1
357	158	1
357	170	1
357	172	1
357	173	1
357	185	1
357	187	1
357	194	1
357	200	1
357	202	1
357	208	1
357	215	1
357	216	1
357	217	1
357	223	1
357	224	1
357	228	1
357	229	1
357	231	1
357	234	1
357	236	1
357	240	1
357	243	1
357	245	1
357	246	1
357	250	1
357	251	1
357	252	1
357	253	1
357	255	1
357	257	1
357	258	1
357	262	1
357	265	1
357	266	1
357	267	1
357	268	1
357	272	1
357	273	1
357	274	1
357	275	1
357	276	1
357	277	1
357	278	1
357	279	1
357	282	1
357	284	1
357	285	1
357	286	1
357	287	1
357	288	1
357	289	1
357	290	1
357	291	1
357	292	1
357	293	1
357	294	1
357	295	1
357	297	1
357	298	1
357	300	1
357	301	1
357	303	1
357	304	1
357	305	1
357	307	1
357	309	1
357	310	1
358	10	1
358	63	1
358	69	1
358	82	1
358	89	1
358	102	1
358	144	1
358	146	1
358	156	1
358	160	1
358	163	1
358	166	1
358	167	1
358	183	1
358	185	1
358	190	1
358	191	1
358	195	1
358	201	1
358	204	1
358	205	1
358	206	1
358	209	1
358	214	1
358	219	1
358	222	1
358	223	1
358	225	1
358	236	1
358	240	1
358	241	1
358	246	1
358	247	1
358	248	1
358	249	1
358	251	1
358	252	1
358	255	1
358	257	1
358	259	1
358	260	1
358	262	1
358	263	1
358	267	1
358	268	1
358	271	1
358	273	1
358	274	1
358	275	1
358	276	1
358	277	1
358	279	1
358	280	1
358	283	1
358	285	1
358	286	1
358	287	1
358	288	1
358	289	1
358	290	1
358	291	1
358	292	1
358	295	1
358	296	1
358	297	1
358	301	1
358	302	1
358	307	1
358	308	1
358	309	1
358	311	1
359	33	1
359	79	1
359	154	1
359	156	1
359	163	1
359	167	1
359	171	1
359	172	1
359	179	1
359	183	1
359	186	1
359	191	1
359	197	1
359	198	1
359	200	1
359	201	1
359	202	1
359	206	1
359	212	1
359	220	1
359	221	1
359	225	1
359	226	1
359	227	1
359	228	1
359	229	1
359	231	1
359	236	1
359	241	1
359	246	1
359	247	1
359	250	1
359	256	1
359	257	1
359	258	1
359	260	1
359	261	1
359	262	1
359	266	1
359	267	1
359	270	1
359	271	1
359	272	1
359	273	1
359	274	1
359	276	1
359	278	1
359	279	1
359	280	1
359	281	1
359	283	1
359	285	1
359	286	1
359	287	1
359	288	1
359	290	1
359	291	1
359	292	1
359	293	1
359	294	1
359	297	1
359	298	1
359	301	1
359	302	1
359	303	1
359	304	1
359	306	1
359	307	1
359	308	1
359	309	1
359	310	1
359	311	1
360	61	1
360	80	1
360	104	1
360	135	1
360	166	1
360	177	1
360	179	1
360	180	1
360	187	1
360	198	1
360	204	1
360	205	1
360	206	1
360	208	1
360	215	1
360	216	1
360	217	1
360	218	1
360	219	1
360	220	1
360	223	1
360	226	1
360	229	1
360	230	1
360	231	1
360	233	1
360	234	1
360	236	1
360	237	1
360	243	1
360	245	1
360	251	1
360	254	1
360	257	1
360	259	1
360	260	1
360	263	1
360	265	1
360	266	1
360	267	1
360	268	1
360	271	1
360	272	1
360	273	1
360	275	1
360	276	1
360	277	1
360	279	1
360	282	1
360	283	1
360	285	1
360	286	1
360	287	1
360	290	1
360	291	1
360	292	1
360	293	1
360	295	1
360	296	1
360	297	1
360	298	1
360	299	1
360	300	1
360	301	1
360	302	1
360	303	1
360	304	1
360	305	1
360	306	1
360	307	1
360	309	1
360	310	1
360	311	1
361	29	1
361	32	1
361	151	1
361	158	1
361	163	1
361	182	1
361	186	1
361	187	1
361	190	1
361	194	1
361	195	1
361	198	1
361	199	1
361	214	1
361	215	1
361	218	1
361	223	1
361	224	1
361	225	1
361	229	1
361	231	1
361	232	1
361	233	1
361	235	1
361	236	1
361	237	1
361	238	1
361	239	1
361	242	1
361	243	1
361	245	1
361	247	1
361	252	1
361	254	1
361	256	1
361	260	1
361	261	1
361	264	1
361	266	1
361	267	1
361	269	1
361	270	1
361	271	1
361	272	1
361	274	1
361	275	1
361	276	1
361	277	1
361	278	1
361	280	1
361	281	1
361	282	1
361	283	1
361	284	1
361	285	1
361	286	1
361	288	1
361	289	1
361	290	1
361	292	1
361	295	1
361	297	1
361	298	1
361	299	1
361	300	1
361	301	1
361	302	1
361	303	1
361	305	1
361	306	1
361	307	1
361	308	1
361	309	1
361	311	1
362	35	1
362	54	1
362	131	1
362	139	1
362	172	1
362	174	1
362	178	1
362	190	1
362	195	1
362	196	1
362	198	1
362	202	1
362	204	1
362	207	1
362	208	1
362	210	1
362	211	1
362	220	1
362	221	1
362	222	1
362	225	1
362	227	1
362	228	1
362	230	1
362	231	1
362	232	1
362	235	1
362	237	1
362	238	1
362	239	1
362	240	1
362	242	1
362	246	1
362	247	1
362	250	1
362	252	1
362	253	1
362	254	1
362	255	1
362	256	1
362	257	1
362	259	1
362	260	1
362	265	1
362	267	1
362	268	1
362	273	1
362	276	1
362	277	1
362	280	1
362	281	1
362	283	1
362	284	1
362	286	1
362	287	1
362	288	1
362	289	1
362	290	1
362	291	1
362	292	1
362	293	1
362	294	1
362	296	1
362	297	1
362	299	1
362	301	1
362	302	1
362	304	1
362	306	1
362	307	1
362	308	1
362	309	1
362	310	1
362	311	1
363	53	1
363	98	1
363	102	1
363	121	1
363	152	1
363	165	1
363	173	1
363	178	1
363	179	1
363	180	1
363	184	1
363	197	1
363	203	1
363	206	1
363	210	1
363	211	1
363	216	1
363	219	1
363	224	1
363	225	1
363	227	1
363	229	1
363	230	1
363	232	1
363	233	1
363	234	1
363	236	1
363	238	1
363	239	1
363	240	1
363	241	1
363	244	1
363	245	1
363	247	1
363	248	1
363	250	1
363	251	1
363	254	1
363	256	1
363	259	1
363	260	1
363	261	1
363	262	1
363	264	1
363	265	1
363	268	1
363	269	1
363	270	1
363	273	1
363	274	1
363	275	1
363	276	1
363	278	1
363	280	1
363	281	1
363	282	1
363	283	1
363	285	1
363	288	1
363	291	1
363	292	1
363	293	1
363	294	1
363	295	1
363	297	1
363	298	1
363	299	1
363	303	1
363	306	1
363	307	1
363	308	1
363	309	1
363	311	1
364	0	1
364	28	1
364	78	1
364	146	1
364	152	1
364	153	1
364	157	1
364	158	1
364	161	1
364	163	1
364	168	1
364	170	1
364	184	1
364	194	1
364	196	1
364	203	1
364	207	1
364	208	1
364	210	1
364	211	1
364	213	1
364	216	1
364	217	1
364	218	1
364	222	1
364	226	1
364	227	1
364	230	1
364	231	1
364	233	1
364	235	1
364	236	1
364	237	1
364	238	1
364	239	1
364	240	1
364	241	1
364	244	1
364	245	1
364	246	1
364	248	1
364	253	1
364	254	1
364	255	1
364	257	1
364	262	1
364	263	1
364	265	1
364	266	1
364	267	1
364	269	1
364	270	1
364	271	1
364	272	1
364	274	1
364	275	1
364	277	1
364	278	1
364	280	1
364	284	1
364	286	1
364	287	1
364	292	1
364	297	1
364	298	1
364	299	1
364	300	1
364	301	1
364	304	1
364	305	1
364	306	1
364	307	1
364	310	1
365	95	1
365	140	1
365	146	1
365	153	1
365	176	1
365	180	1
365	181	1
365	191	1
365	195	1
365	196	1
365	201	1
365	202	1
365	205	1
365	209	1
365	210	1
365	212	1
365	213	1
365	215	1
365	216	1
365	217	1
365	219	1
365	230	1
365	231	1
365	233	1
365	235	1
365	236	1
365	237	1
365	238	1
365	239	1
365	240	1
365	243	1
365	245	1
365	249	1
365	250	1
365	251	1
365	252	1
365	258	1
365	259	1
365	263	1
365	264	1
365	266	1
365	269	1
365	270	1
365	271	1
365	272	1
365	273	1
365	275	1
365	276	1
365	277	1
365	279	1
365	280	1
365	281	1
365	282	1
365	285	1
365	287	1
365	288	1
365	289	1
365	290	1
365	291	1
365	292	1
365	293	1
365	295	1
365	297	1
365	299	1
365	300	1
365	302	1
365	303	1
365	304	1
365	305	1
365	306	1
365	307	1
365	310	1
365	311	1
366	1	1
366	8	1
366	22	1
366	43	1
366	124	1
366	144	1
366	164	1
366	166	1
366	173	1
366	178	1
366	179	1
366	180	1
366	181	1
366	185	1
366	187	1
366	190	1
366	193	1
366	194	1
366	200	1
366	201	1
366	204	1
366	209	1
366	210	1
366	214	1
366	217	1
366	225	1
366	228	1
366	229	1
366	231	1
366	238	1
366	240	1
366	241	1
366	248	1
366	249	1
366	251	1
366	253	1
366	254	1
366	258	1
366	260	1
366	261	1
366	264	1
366	265	1
366	267	1
366	268	1
366	269	1
366	270	1
366	271	1
366	272	1
366	273	1
366	274	1
366	275	1
366	276	1
366	278	1
366	279	1
366	281	1
366	282	1
366	284	1
366	286	1
366	288	1
366	290	1
366	291	1
366	292	1
366	295	1
366	296	1
366	298	1
366	300	1
366	302	1
366	303	1
366	304	1
366	306	1
366	307	1
366	310	1
366	311	1
367	7	1
367	78	1
367	115	1
367	120	1
367	134	1
367	157	1
367	159	1
367	166	1
367	177	1
367	179	1
367	180	1
367	192	1
367	196	1
367	200	1
367	201	1
367	203	1
367	204	1
367	205	1
367	206	1
367	210	1
367	217	1
367	219	1
367	221	1
367	224	1
367	226	1
367	231	1
367	235	1
367	236	1
367	237	1
367	242	1
367	243	1
367	245	1
367	246	1
367	247	1
367	251	1
367	256	1
367	260	1
367	261	1
367	262	1
367	263	1
367	265	1
367	266	1
367	267	1
367	268	1
367	269	1
367	270	1
367	275	1
367	276	1
367	277	1
367	278	1
367	279	1
367	280	1
367	281	1
367	283	1
367	286	1
367	287	1
367	288	1
367	289	1
367	290	1
367	291	1
367	292	1
367	294	1
367	295	1
367	296	1
367	297	1
367	299	1
367	301	1
367	302	1
367	303	1
367	304	1
367	305	1
367	307	1
367	311	1
368	17	1
368	57	1
368	115	1
368	145	1
368	150	1
368	158	1
368	163	1
368	165	1
368	167	1
368	169	1
368	174	1
368	180	1
368	190	1
368	194	1
368	199	1
368	200	1
368	201	1
368	203	1
368	212	1
368	213	1
368	214	1
368	217	1
368	218	1
368	221	1
368	222	1
368	223	1
368	226	1
368	231	1
368	240	1
368	241	1
368	246	1
368	248	1
368	250	1
368	252	1
368	253	1
368	254	1
368	256	1
368	259	1
368	262	1
368	263	1
368	265	1
368	269	1
368	270	1
368	272	1
368	273	1
368	274	1
368	275	1
368	278	1
368	279	1
368	281	1
368	283	1
368	284	1
368	285	1
368	286	1
368	287	1
368	288	1
368	289	1
368	290	1
368	291	1
368	293	1
368	294	1
368	295	1
368	296	1
368	298	1
368	299	1
368	300	1
368	301	1
368	303	1
368	304	1
368	306	1
368	308	1
368	309	1
368	310	1
368	311	1
369	12	1
369	39	1
369	46	1
369	108	1
369	129	1
369	144	1
369	154	1
369	169	1
369	171	1
369	182	1
369	188	1
369	189	1
369	192	1
369	193	1
369	196	1
369	199	1
369	203	1
369	207	1
369	211	1
369	213	1
369	214	1
369	216	1
369	221	1
369	224	1
369	226	1
369	230	1
369	232	1
369	234	1
369	235	1
369	238	1
369	242	1
369	245	1
369	247	1
369	248	1
369	250	1
369	251	1
369	254	1
369	255	1
369	258	1
369	259	1
369	261	1
369	263	1
369	265	1
369	266	1
369	269	1
369	270	1
369	274	1
369	275	1
369	276	1
369	277	1
369	278	1
369	279	1
369	281	1
369	285	1
369	286	1
369	287	1
369	288	1
369	289	1
369	290	1
369	291	1
369	292	1
369	294	1
369	296	1
369	297	1
369	298	1
369	299	1
369	300	1
369	302	1
369	304	1
369	305	1
369	306	1
369	307	1
369	308	1
369	310	1
370	111	1
370	113	1
370	137	1
370	143	1
370	165	1
370	176	1
370	180	1
370	186	1
370	196	1
370	198	1
370	200	1
370	201	1
370	202	1
370	203	1
370	207	1
370	208	1
370	213	1
370	214	1
370	216	1
370	218	1
370	219	1
370	220	1
370	222	1
370	223	1
370	224	1
370	225	1
370	226	1
370	233	1
370	235	1
370	237	1
370	238	1
370	239	1
370	244	1
370	245	1
370	246	1
370	247	1
370	248	1
370	251	1
370	252	1
370	254	1
370	256	1
370	259	1
370	263	1
370	265	1
370	270	1
370	271	1
370	272	1
370	273	1
370	274	1
370	275	1
370	278	1
370	280	1
370	282	1
370	285	1
370	286	1
370	287	1
370	288	1
370	289	1
370	290	1
370	291	1
370	292	1
370	293	1
370	294	1
370	295	1
370	296	1
370	299	1
370	302	1
370	303	1
370	305	1
370	306	1
370	308	1
370	309	1
370	311	1
371	122	1
371	123	1
371	130	1
371	152	1
371	155	1
371	156	1
371	172	1
371	177	1
371	186	1
371	187	1
371	189	1
371	190	1
371	197	1
371	198	1
371	205	1
371	207	1
371	208	1
371	209	1
371	211	1
371	212	1
371	213	1
371	217	1
371	219	1
371	222	1
371	223	1
371	226	1
371	228	1
371	233	1
371	234	1
371	235	1
371	240	1
371	243	1
371	244	1
371	245	1
371	248	1
371	250	1
371	253	1
371	256	1
371	258	1
371	259	1
371	260	1
371	261	1
371	264	1
371	266	1
371	267	1
371	269	1
371	271	1
371	274	1
371	276	1
371	278	1
371	280	1
371	281	1
371	283	1
371	284	1
371	285	1
371	286	1
371	288	1
371	289	1
371	292	1
371	294	1
371	295	1
371	297	1
371	298	1
371	299	1
371	301	1
371	302	1
371	303	1
371	304	1
371	305	1
371	307	1
371	308	1
371	309	1
371	311	1
372	67	1
372	88	1
372	141	1
372	163	1
372	164	1
372	166	1
372	176	1
372	181	1
372	200	1
372	204	1
372	208	1
372	209	1
372	212	1
372	215	1
372	218	1
372	219	1
372	221	1
372	222	1
372	227	1
372	230	1
372	234	1
372	235	1
372	236	1
372	237	1
372	239	1
372	246	1
372	249	1
372	250	1
372	252	1
372	253	1
372	255	1
372	257	1
372	259	1
372	260	1
372	263	1
372	264	1
372	265	1
372	266	1
372	267	1
372	269	1
372	270	1
372	271	1
372	272	1
372	273	1
372	274	1
372	276	1
372	279	1
372	280	1
372	281	1
372	284	1
372	286	1
372	287	1
372	288	1
372	289	1
372	291	1
372	292	1
372	294	1
372	295	1
372	296	1
372	297	1
372	298	1
372	299	1
372	300	1
372	301	1
372	302	1
372	303	1
372	304	1
372	305	1
372	306	1
372	307	1
372	308	1
372	309	1
372	310	1
372	311	1
373	34	1
373	104	1
373	130	1
373	150	1
373	156	1
373	168	1
373	171	1
373	172	1
373	173	1
373	178	1
373	183	1
373	185	1
373	187	1
373	191	1
373	194	1
373	206	1
373	209	1
373	213	1
373	218	1
373	219	1
373	220	1
373	221	1
373	227	1
373	228	1
373	236	1
373	239	1
373	243	1
373	244	1
373	246	1
373	247	1
373	249	1
373	250	1
373	252	1
373	254	1
373	256	1
373	258	1
373	259	1
373	261	1
373	262	1
373	263	1
373	264	1
373	266	1
373	267	1
373	268	1
373	269	1
373	270	1
373	275	1
373	276	1
373	278	1
373	280	1
373	283	1
373	284	1
373	285	1
373	286	1
373	287	1
373	288	1
373	289	1
373	290	1
373	291	1
373	292	1
373	294	1
373	295	1
373	296	1
373	297	1
373	299	1
373	300	1
373	301	1
373	302	1
373	303	1
373	306	1
373	308	1
373	309	1
373	310	1
373	311	1
374	36	1
374	93	1
374	97	1
374	114	1
374	154	1
374	159	1
374	163	1
374	180	1
374	185	1
374	192	1
374	197	1
374	198	1
374	201	1
374	203	1
374	205	1
374	208	1
374	211	1
374	212	1
374	217	1
374	221	1
374	222	1
374	224	1
374	226	1
374	227	1
374	228	1
374	232	1
374	234	1
374	235	1
374	240	1
374	241	1
374	246	1
374	247	1
374	248	1
374	249	1
374	250	1
374	253	1
374	254	1
374	255	1
374	256	1
374	257	1
374	260	1
374	263	1
374	264	1
374	268	1
374	269	1
374	271	1
374	272	1
374	273	1
374	275	1
374	276	1
374	277	1
374	278	1
374	280	1
374	281	1
374	283	1
374	286	1
374	289	1
374	290	1
374	291	1
374	292	1
374	293	1
374	296	1
374	299	1
374	300	1
374	302	1
374	303	1
374	304	1
374	305	1
374	306	1
374	308	1
374	309	1
374	310	1
374	311	1
375	122	1
375	123	1
375	141	1
375	160	1
375	179	1
375	180	1
375	181	1
375	186	1
375	188	1
375	195	1
375	205	1
375	206	1
375	208	1
375	211	1
375	213	1
375	216	1
375	218	1
375	221	1
375	222	1
375	224	1
375	227	1
375	228	1
375	234	1
375	240	1
375	242	1
375	243	1
375	244	1
375	246	1
375	247	1
375	251	1
375	252	1
375	253	1
375	254	1
375	255	1
375	256	1
375	258	1
375	260	1
375	261	1
375	262	1
375	263	1
375	266	1
375	269	1
375	271	1
375	272	1
375	277	1
375	278	1
375	280	1
375	281	1
375	283	1
375	284	1
375	285	1
375	286	1
375	287	1
375	288	1
375	289	1
375	290	1
375	291	1
375	292	1
375	295	1
375	296	1
375	297	1
375	298	1
375	299	1
375	300	1
375	301	1
375	302	1
375	303	1
375	304	1
375	305	1
375	306	1
375	307	1
375	308	1
375	309	1
375	311	1
376	1	1
376	6	1
376	40	1
376	84	1
376	90	1
376	117	1
376	118	1
376	126	1
376	144	1
376	146	1
376	152	1
376	153	1
376	182	1
376	192	1
376	195	1
376	201	1
376	204	1
376	217	1
376	218	1
376	220	1
376	227	1
376	228	1
376	232	1
376	233	1
376	234	1
376	235	1
376	236	1
376	237	1
376	238	1
376	241	1
376	244	1
376	246	1
376	250	1
376	251	1
376	254	1
376	255	1
376	256	1
376	259	1
376	261	1
376	264	1
376	266	1
376	269	1
376	270	1
376	271	1
376	272	1
376	273	1
376	275	1
376	276	1
376	277	1
376	280	1
376	281	1
376	282	1
376	283	1
376	285	1
376	287	1
376	288	1
376	290	1
376	291	1
376	292	1
376	293	1
376	296	1
376	298	1
376	300	1
376	301	1
376	302	1
376	303	1
376	304	1
376	305	1
376	306	1
376	307	1
376	308	1
376	309	1
376	310	1
376	311	1
377	37	1
377	57	1
377	106	1
377	120	1
377	124	1
377	126	1
377	160	1
377	171	1
377	175	1
377	190	1
377	194	1
377	196	1
377	199	1
377	205	1
377	207	1
377	211	1
377	214	1
377	219	1
377	220	1
377	221	1
377	222	1
377	224	1
377	227	1
377	233	1
377	234	1
377	236	1
377	237	1
377	239	1
377	241	1
377	242	1
377	245	1
377	248	1
377	249	1
377	250	1
377	251	1
377	252	1
377	253	1
377	255	1
377	257	1
377	258	1
377	260	1
377	262	1
377	265	1
377	266	1
377	270	1
377	271	1
377	272	1
377	274	1
377	275	1
377	277	1
377	278	1
377	281	1
377	285	1
377	286	1
377	287	1
377	288	1
377	289	1
377	290	1
377	291	1
377	292	1
377	293	1
377	294	1
377	295	1
377	296	1
377	297	1
377	299	1
377	300	1
377	302	1
377	303	1
377	305	1
377	306	1
377	307	1
377	310	1
377	311	1
378	29	1
378	57	1
378	58	1
378	118	1
378	138	1
378	148	1
378	150	1
378	152	1
378	153	1
378	157	1
378	173	1
378	180	1
378	183	1
378	184	1
378	193	1
378	203	1
378	207	1
378	214	1
378	215	1
378	216	1
378	221	1
378	231	1
378	232	1
378	234	1
378	237	1
378	240	1
378	244	1
378	245	1
378	246	1
378	247	1
378	249	1
378	250	1
378	252	1
378	253	1
378	255	1
378	256	1
378	259	1
378	260	1
378	263	1
378	264	1
378	267	1
378	268	1
378	269	1
378	271	1
378	272	1
378	274	1
378	275	1
378	277	1
378	278	1
378	279	1
378	280	1
378	281	1
378	282	1
378	286	1
378	287	1
378	288	1
378	289	1
378	290	1
378	292	1
378	293	1
378	294	1
378	295	1
378	297	1
378	298	1
378	299	1
378	301	1
378	302	1
378	303	1
378	304	1
378	306	1
378	307	1
378	308	1
378	309	1
379	9	1
379	34	1
379	55	1
379	89	1
379	125	1
379	151	1
379	153	1
379	161	1
379	166	1
379	174	1
379	177	1
379	179	1
379	183	1
379	192	1
379	203	1
379	211	1
379	215	1
379	216	1
379	220	1
379	225	1
379	227	1
379	228	1
379	230	1
379	234	1
379	235	1
379	238	1
379	242	1
379	245	1
379	246	1
379	249	1
379	251	1
379	254	1
379	259	1
379	260	1
379	261	1
379	265	1
379	266	1
379	267	1
379	268	1
379	269	1
379	270	1
379	272	1
379	273	1
379	274	1
379	275	1
379	276	1
379	278	1
379	279	1
379	280	1
379	281	1
379	282	1
379	284	1
379	285	1
379	286	1
379	288	1
379	289	1
379	290	1
379	292	1
379	293	1
379	294	1
379	296	1
379	297	1
379	299	1
379	300	1
379	301	1
379	302	1
379	303	1
379	304	1
379	305	1
379	306	1
379	308	1
379	309	1
379	310	1
380	86	1
380	102	1
380	173	1
380	178	1
380	188	1
380	189	1
380	192	1
380	193	1
380	194	1
380	196	1
380	201	1
380	202	1
380	203	1
380	206	1
380	209	1
380	210	1
380	214	1
380	216	1
380	222	1
380	226	1
380	230	1
380	231	1
380	235	1
380	238	1
380	239	1
380	243	1
380	244	1
380	245	1
380	246	1
380	250	1
380	251	1
380	252	1
380	253	1
380	255	1
380	257	1
380	258	1
380	259	1
380	260	1
380	261	1
380	262	1
380	264	1
380	266	1
380	267	1
380	268	1
380	269	1
380	271	1
380	272	1
380	273	1
380	275	1
380	276	1
380	277	1
380	279	1
380	280	1
380	281	1
380	282	1
380	284	1
380	288	1
380	289	1
380	290	1
380	292	1
380	293	1
380	294	1
380	295	1
380	297	1
380	298	1
380	299	1
380	302	1
380	303	1
380	304	1
380	305	1
380	307	1
380	308	1
380	310	1
381	26	1
381	32	1
381	77	1
381	109	1
381	156	1
381	165	1
381	183	1
381	197	1
381	198	1
381	203	1
381	204	1
381	207	1
381	212	1
381	215	1
381	218	1
381	223	1
381	224	1
381	227	1
381	228	1
381	234	1
381	236	1
381	241	1
381	242	1
381	243	1
381	244	1
381	247	1
381	249	1
381	250	1
381	251	1
381	252	1
381	253	1
381	254	1
381	255	1
381	256	1
381	257	1
381	258	1
381	260	1
381	264	1
381	265	1
381	266	1
381	267	1
381	268	1
381	270	1
381	273	1
381	274	1
381	275	1
381	276	1
381	277	1
381	278	1
381	279	1
381	282	1
381	283	1
381	284	1
381	285	1
381	286	1
381	288	1
381	289	1
381	290	1
381	291	1
381	292	1
381	293	1
381	295	1
381	297	1
381	301	1
381	302	1
381	303	1
381	304	1
381	305	1
381	307	1
381	308	1
381	309	1
381	310	1
381	311	1
382	73	1
382	92	1
382	96	1
382	122	1
382	146	1
382	156	1
382	168	1
382	172	1
382	179	1
382	182	1
382	188	1
382	189	1
382	194	1
382	199	1
382	200	1
382	205	1
382	208	1
382	212	1
382	216	1
382	219	1
382	221	1
382	224	1
382	233	1
382	235	1
382	236	1
382	237	1
382	241	1
382	242	1
382	243	1
382	244	1
382	245	1
382	246	1
382	247	1
382	250	1
382	253	1
382	254	1
382	255	1
382	256	1
382	257	1
382	258	1
382	259	1
382	261	1
382	264	1
382	267	1
382	268	1
382	272	1
382	274	1
382	276	1
382	277	1
382	278	1
382	280	1
382	282	1
382	283	1
382	284	1
382	285	1
382	286	1
382	290	1
382	291	1
382	292	1
382	293	1
382	294	1
382	296	1
382	297	1
382	298	1
382	300	1
382	301	1
382	303	1
382	304	1
382	305	1
382	306	1
382	307	1
382	310	1
382	311	1
383	13	1
383	20	1
383	66	1
383	102	1
383	112	1
383	149	1
383	157	1
383	168	1
383	175	1
383	180	1
383	188	1
383	191	1
383	195	1
383	203	1
383	205	1
383	206	1
383	208	1
383	211	1
383	216	1
383	217	1
383	222	1
383	223	1
383	226	1
383	229	1
383	231	1
383	232	1
383	234	1
383	235	1
383	238	1
383	240	1
383	247	1
383	248	1
383	251	1
383	253	1
383	254	1
383	255	1
383	256	1
383	258	1
383	259	1
383	261	1
383	262	1
383	264	1
383	265	1
383	267	1
383	268	1
383	269	1
383	272	1
383	273	1
383	274	1
383	275	1
383	277	1
383	280	1
383	281	1
383	282	1
383	283	1
383	285	1
383	286	1
383	289	1
383	290	1
383	293	1
383	294	1
383	296	1
383	298	1
383	299	1
383	300	1
383	301	1
383	302	1
383	304	1
383	307	1
383	308	1
383	309	1
383	310	1
383	311	1
384	12	1
384	83	1
384	92	1
384	133	1
384	135	1
384	147	1
384	151	1
384	154	1
384	173	1
384	176	1
384	182	1
384	183	1
384	187	1
384	193	1
384	194	1
384	195	1
384	200	1
384	202	1
384	205	1
384	208	1
384	209	1
384	214	1
384	220	1
384	221	1
384	222	1
384	226	1
384	228	1
384	232	1
384	234	1
384	239	1
384	240	1
384	244	1
384	245	1
384	251	1
384	252	1
384	253	1
384	256	1
384	260	1
384	261	1
384	262	1
384	263	1
384	264	1
384	268	1
384	269	1
384	270	1
384	273	1
384	275	1
384	276	1
384	277	1
384	278	1
384	280	1
384	281	1
384	283	1
384	286	1
384	288	1
384	289	1
384	291	1
384	293	1
384	294	1
384	295	1
384	296	1
384	297	1
384	298	1
384	299	1
384	300	1
384	301	1
384	302	1
384	303	1
384	305	1
384	306	1
384	307	1
384	308	1
384	309	1
384	311	1
385	3	1
385	128	1
385	139	1
385	141	1
385	165	1
385	166	1
385	173	1
385	176	1
385	178	1
385	184	1
385	190	1
385	193	1
385	201	1
385	204	1
385	209	1
385	217	1
385	220	1
385	222	1
385	224	1
385	225	1
385	228	1
385	234	1
385	235	1
385	237	1
385	241	1
385	242	1
385	246	1
385	247	1
385	248	1
385	252	1
385	254	1
385	255	1
385	258	1
385	259	1
385	260	1
385	261	1
385	263	1
385	264	1
385	265	1
385	266	1
385	269	1
385	270	1
385	271	1
385	272	1
385	273	1
385	274	1
385	278	1
385	279	1
385	280	1
385	281	1
385	282	1
385	283	1
385	284	1
385	285	1
385	286	1
385	287	1
385	288	1
385	291	1
385	292	1
385	293	1
385	294	1
385	295	1
385	296	1
385	297	1
385	298	1
385	301	1
385	302	1
385	303	1
385	305	1
385	306	1
385	308	1
385	310	1
385	311	1
386	76	1
386	80	1
386	99	1
386	136	1
386	164	1
386	169	1
386	170	1
386	173	1
386	176	1
386	180	1
386	188	1
386	189	1
386	190	1
386	196	1
386	199	1
386	207	1
386	209	1
386	211	1
386	217	1
386	222	1
386	223	1
386	225	1
386	226	1
386	229	1
386	231	1
386	233	1
386	234	1
386	236	1
386	242	1
386	243	1
386	244	1
386	245	1
386	247	1
386	250	1
386	252	1
386	253	1
386	256	1
386	260	1
386	261	1
386	262	1
386	265	1
386	266	1
386	267	1
386	269	1
386	270	1
386	271	1
386	274	1
386	276	1
386	277	1
386	279	1
386	280	1
386	281	1
386	282	1
386	283	1
386	284	1
386	286	1
386	287	1
386	288	1
386	289	1
386	290	1
386	291	1
386	294	1
386	295	1
386	297	1
386	298	1
386	300	1
386	301	1
386	302	1
386	303	1
386	305	1
386	308	1
386	310	1
386	311	1
387	25	1
387	122	1
387	133	1
387	161	1
387	162	1
387	175	1
387	182	1
387	184	1
387	190	1
387	192	1
387	195	1
387	205	1
387	206	1
387	210	1
387	212	1
387	214	1
387	218	1
387	225	1
387	226	1
387	228	1
387	230	1
387	233	1
387	234	1
387	235	1
387	237	1
387	239	1
387	240	1
387	241	1
387	242	1
387	245	1
387	248	1
387	249	1
387	250	1
387	252	1
387	253	1
387	255	1
387	256	1
387	257	1
387	259	1
387	260	1
387	261	1
387	262	1
387	263	1
387	264	1
387	265	1
387	270	1
387	272	1
387	273	1
387	274	1
387	276	1
387	277	1
387	278	1
387	279	1
387	283	1
387	285	1
387	286	1
387	288	1
387	289	1
387	290	1
387	294	1
387	295	1
387	296	1
387	298	1
387	299	1
387	300	1
387	301	1
387	302	1
387	303	1
387	305	1
387	307	1
387	308	1
387	309	1
387	310	1
387	311	1
388	14	1
388	146	1
388	155	1
388	163	1
388	170	1
388	172	1
388	182	1
388	192	1
388	196	1
388	197	1
388	198	1
388	202	1
388	203	1
388	207	1
388	209	1
388	212	1
388	214	1
388	215	1
388	221	1
388	222	1
388	225	1
388	226	1
388	229	1
388	231	1
388	232	1
388	233	1
388	234	1
388	243	1
388	248	1
388	249	1
388	250	1
388	251	1
388	254	1
388	256	1
388	258	1
388	260	1
388	261	1
388	262	1
388	264	1
388	265	1
388	266	1
388	268	1
388	271	1
388	272	1
388	273	1
388	274	1
388	275	1
388	276	1
388	277	1
388	279	1
388	280	1
388	281	1
388	282	1
388	284	1
388	285	1
388	286	1
388	287	1
388	288	1
388	290	1
388	294	1
388	295	1
388	298	1
388	299	1
388	300	1
388	301	1
388	302	1
388	303	1
388	304	1
388	305	1
388	306	1
388	307	1
388	308	1
388	309	1
388	311	1
389	31	1
389	85	1
389	118	1
389	132	1
389	143	1
389	161	1
389	180	1
389	192	1
389	195	1
389	200	1
389	202	1
389	203	1
389	204	1
389	205	1
389	206	1
389	208	1
389	210	1
389	211	1
389	214	1
389	219	1
389	220	1
389	222	1
389	225	1
389	226	1
389	228	1
389	230	1
389	231	1
389	232	1
389	235	1
389	237	1
389	238	1
389	240	1
389	244	1
389	245	1
389	247	1
389	248	1
389	249	1
389	250	1
389	252	1
389	253	1
389	254	1
389	255	1
389	257	1
389	258	1
389	263	1
389	264	1
389	266	1
389	268	1
389	269	1
389	270	1
389	271	1
389	273	1
389	279	1
389	281	1
389	282	1
389	284	1
389	287	1
389	288	1
389	293	1
389	296	1
389	297	1
389	298	1
389	299	1
389	300	1
389	301	1
389	302	1
389	303	1
389	304	1
389	305	1
389	306	1
389	308	1
389	310	1
389	311	1
390	7	1
390	89	1
390	121	1
390	145	1
390	152	1
390	169	1
390	176	1
390	189	1
390	196	1
390	201	1
390	203	1
390	207	1
390	211	1
390	218	1
390	219	1
390	220	1
390	226	1
390	230	1
390	232	1
390	233	1
390	235	1
390	239	1
390	240	1
390	241	1
390	242	1
390	243	1
390	244	1
390	247	1
390	248	1
390	249	1
390	250	1
390	252	1
390	255	1
390	257	1
390	259	1
390	260	1
390	261	1
390	262	1
390	263	1
390	264	1
390	265	1
390	267	1
390	268	1
390	269	1
390	270	1
390	273	1
390	278	1
390	279	1
390	280	1
390	281	1
390	282	1
390	283	1
390	285	1
390	287	1
390	288	1
390	289	1
390	290	1
390	292	1
390	294	1
390	295	1
390	296	1
390	297	1
390	298	1
390	299	1
390	301	1
390	303	1
390	304	1
390	305	1
390	306	1
390	308	1
390	309	1
390	310	1
390	311	1
391	5	1
391	115	1
391	131	1
391	152	1
391	155	1
391	169	1
391	175	1
391	176	1
391	185	1
391	188	1
391	190	1
391	192	1
391	196	1
391	197	1
391	200	1
391	201	1
391	205	1
391	208	1
391	211	1
391	218	1
391	225	1
391	226	1
391	228	1
391	232	1
391	235	1
391	237	1
391	238	1
391	243	1
391	245	1
391	248	1
391	249	1
391	251	1
391	252	1
391	256	1
391	257	1
391	258	1
391	260	1
391	264	1
391	265	1
391	267	1
391	269	1
391	270	1
391	271	1
391	272	1
391	276	1
391	277	1
391	278	1
391	280	1
391	281	1
391	282	1
391	283	1
391	284	1
391	285	1
391	286	1
391	287	1
391	289	1
391	290	1
391	291	1
391	292	1
391	293	1
391	295	1
391	297	1
391	298	1
391	299	1
391	300	1
391	302	1
391	303	1
391	304	1
391	306	1
391	308	1
391	309	1
391	310	1
391	311	1
392	18	1
392	31	1
392	117	1
392	150	1
392	177	1
392	183	1
392	185	1
392	186	1
392	187	1
392	189	1
392	190	1
392	191	1
392	192	1
392	197	1
392	199	1
392	201	1
392	202	1
392	204	1
392	209	1
392	216	1
392	218	1
392	222	1
392	223	1
392	225	1
392	226	1
392	228	1
392	229	1
392	230	1
392	231	1
392	233	1
392	234	1
392	235	1
392	236	1
392	238	1
392	241	1
392	244	1
392	245	1
392	247	1
392	249	1
392	251	1
392	252	1
392	253	1
392	258	1
392	259	1
392	260	1
392	262	1
392	265	1
392	267	1
392	268	1
392	272	1
392	273	1
392	274	1
392	275	1
392	276	1
392	277	1
392	280	1
392	281	1
392	287	1
392	288	1
392	289	1
392	290	1
392	291	1
392	292	1
392	293	1
392	294	1
392	295	1
392	296	1
392	299	1
392	305	1
392	306	1
392	308	1
392	310	1
392	311	1
393	86	1
393	132	1
393	168	1
393	170	1
393	173	1
393	177	1
393	198	1
393	199	1
393	200	1
393	202	1
393	204	1
393	207	1
393	212	1
393	217	1
393	219	1
393	220	1
393	221	1
393	222	1
393	223	1
393	228	1
393	229	1
393	231	1
393	236	1
393	238	1
393	240	1
393	241	1
393	243	1
393	244	1
393	246	1
393	248	1
393	249	1
393	252	1
393	253	1
393	254	1
393	257	1
393	259	1
393	260	1
393	262	1
393	263	1
393	264	1
393	265	1
393	266	1
393	268	1
393	270	1
393	272	1
393	274	1
393	277	1
393	282	1
393	283	1
393	284	1
393	285	1
393	286	1
393	287	1
393	288	1
393	289	1
393	291	1
393	292	1
393	293	1
393	294	1
393	295	1
393	296	1
393	298	1
393	299	1
393	300	1
393	301	1
393	302	1
393	303	1
393	304	1
393	305	1
393	308	1
393	309	1
393	310	1
393	311	1
394	108	1
394	125	1
394	141	1
394	154	1
394	159	1
394	162	1
394	165	1
394	172	1
394	174	1
394	178	1
394	183	1
394	184	1
394	189	1
394	193	1
394	205	1
394	219	1
394	222	1
394	224	1
394	225	1
394	227	1
394	229	1
394	234	1
394	235	1
394	236	1
394	238	1
394	239	1
394	240	1
394	242	1
394	245	1
394	246	1
394	248	1
394	249	1
394	253	1
394	255	1
394	256	1
394	258	1
394	259	1
394	260	1
394	261	1
394	264	1
394	265	1
394	268	1
394	269	1
394	270	1
394	271	1
394	272	1
394	273	1
394	276	1
394	277	1
394	278	1
394	283	1
394	284	1
394	286	1
394	287	1
394	288	1
394	289	1
394	290	1
394	291	1
394	293	1
394	295	1
394	296	1
394	297	1
394	298	1
394	299	1
394	300	1
394	301	1
394	302	1
394	303	1
394	304	1
394	305	1
394	307	1
394	308	1
394	310	1
394	311	1
395	43	1
395	66	1
395	74	1
395	116	1
395	136	1
395	140	1
395	143	1
395	151	1
395	153	1
395	165	1
395	182	1
395	189	1
395	193	1
395	201	1
395	209	1
395	214	1
395	216	1
395	219	1
395	221	1
395	223	1
395	230	1
395	233	1
395	234	1
395	235	1
395	239	1
395	240	1
395	245	1
395	246	1
395	247	1
395	249	1
395	250	1
395	252	1
395	253	1
395	255	1
395	257	1
395	258	1
395	260	1
395	261	1
395	263	1
395	267	1
395	269	1
395	270	1
395	272	1
395	273	1
395	274	1
395	275	1
395	276	1
395	277	1
395	278	1
395	279	1
395	282	1
395	284	1
395	286	1
395	288	1
395	289	1
395	290	1
395	291	1
395	292	1
395	293	1
395	294	1
395	295	1
395	296	1
395	298	1
395	299	1
395	301	1
395	303	1
395	304	1
395	306	1
395	307	1
395	308	1
395	309	1
395	310	1
395	311	1
396	16	1
396	32	1
396	33	1
396	133	1
396	155	1
396	168	1
396	177	1
396	186	1
396	194	1
396	196	1
396	199	1
396	200	1
396	208	1
396	209	1
396	210	1
396	221	1
396	223	1
396	227	1
396	228	1
396	229	1
396	232	1
396	237	1
396	238	1
396	239	1
396	241	1
396	243	1
396	244	1
396	247	1
396	248	1
396	249	1
396	250	1
396	252	1
396	254	1
396	255	1
396	258	1
396	263	1
396	264	1
396	265	1
396	266	1
396	267	1
396	268	1
396	270	1
396	271	1
396	273	1
396	274	1
396	280	1
396	281	1
396	282	1
396	283	1
396	284	1
396	285	1
396	286	1
396	287	1
396	288	1
396	289	1
396	290	1
396	291	1
396	292	1
396	293	1
396	294	1
396	295	1
396	296	1
396	297	1
396	299	1
396	300	1
396	303	1
396	304	1
396	305	1
396	306	1
396	307	1
396	308	1
396	309	1
396	311	1
397	47	1
397	55	1
397	150	1
397	157	1
397	162	1
397	169	1
397	175	1
397	181	1
397	185	1
397	192	1
397	197	1
397	203	1
397	204	1
397	209	1
397	210	1
397	213	1
397	215	1
397	218	1
397	219	1
397	220	1
397	222	1
397	227	1
397	228	1
397	232	1
397	234	1
397	238	1
397	239	1
397	243	1
397	245	1
397	246	1
397	248	1
397	252	1
397	255	1
397	257	1
397	258	1
397	259	1
397	260	1
397	263	1
397	267	1
397	268	1
397	274	1
397	275	1
397	276	1
397	277	1
397	278	1
397	281	1
397	282	1
397	283	1
397	285	1
397	286	1
397	287	1
397	288	1
397	290	1
397	291	1
397	292	1
397	293	1
397	294	1
397	295	1
397	296	1
397	297	1
397	298	1
397	299	1
397	300	1
397	302	1
397	303	1
397	304	1
397	305	1
397	306	1
397	307	1
397	308	1
397	309	1
397	310	1
397	311	1
398	49	1
398	54	1
398	64	1
398	96	1
398	98	1
398	114	1
398	120	1
398	177	1
398	183	1
398	184	1
398	185	1
398	190	1
398	192	1
398	193	1
398	194	1
398	205	1
398	206	1
398	210	1
398	213	1
398	216	1
398	220	1
398	223	1
398	224	1
398	226	1
398	230	1
398	231	1
398	236	1
398	238	1
398	239	1
398	240	1
398	241	1
398	242	1
398	243	1
398	247	1
398	248	1
398	253	1
398	255	1
398	256	1
398	257	1
398	259	1
398	262	1
398	263	1
398	264	1
398	265	1
398	267	1
398	268	1
398	277	1
398	278	1
398	279	1
398	280	1
398	283	1
398	284	1
398	286	1
398	288	1
398	289	1
398	290	1
398	291	1
398	292	1
398	293	1
398	294	1
398	297	1
398	298	1
398	299	1
398	300	1
398	301	1
398	302	1
398	303	1
398	304	1
398	305	1
398	306	1
398	307	1
398	308	1
398	310	1
398	311	1
399	75	1
399	102	1
399	164	1
399	169	1
399	192	1
399	195	1
399	198	1
399	202	1
399	204	1
399	209	1
399	211	1
399	212	1
399	214	1
399	215	1
399	216	1
399	218	1
399	219	1
399	220	1
399	221	1
399	222	1
399	226	1
399	229	1
399	231	1
399	232	1
399	236	1
399	238	1
399	239	1
399	240	1
399	241	1
399	243	1
399	247	1
399	251	1
399	254	1
399	255	1
399	257	1
399	258	1
399	259	1
399	260	1
399	261	1
399	262	1
399	263	1
399	264	1
399	265	1
399	266	1
399	268	1
399	270	1
399	271	1
399	272	1
399	273	1
399	274	1
399	276	1
399	277	1
399	280	1
399	284	1
399	285	1
399	286	1
399	289	1
399	290	1
399	291	1
399	292	1
399	293	1
399	294	1
399	296	1
399	298	1
399	299	1
399	300	1
399	302	1
399	304	1
399	305	1
399	306	1
399	307	1
399	308	1
399	310	1
399	311	1
400	104	1
400	133	1
400	144	1
400	147	1
400	148	1
400	149	1
400	157	1
400	159	1
400	174	1
400	180	1
400	188	1
400	191	1
400	195	1
400	196	1
400	202	1
400	205	1
400	208	1
400	212	1
400	213	1
400	214	1
400	215	1
400	220	1
400	226	1
400	233	1
400	236	1
400	240	1
400	242	1
400	244	1
400	245	1
400	246	1
400	248	1
400	249	1
400	250	1
400	255	1
400	256	1
400	258	1
400	259	1
400	261	1
400	262	1
400	264	1
400	266	1
400	267	1
400	268	1
400	270	1
400	272	1
400	273	1
400	277	1
400	278	1
400	279	1
400	280	1
400	281	1
400	282	1
400	283	1
400	284	1
400	286	1
400	288	1
400	289	1
400	290	1
400	291	1
400	292	1
400	294	1
400	296	1
400	297	1
400	298	1
400	299	1
400	300	1
400	301	1
400	302	1
400	304	1
400	305	1
400	306	1
400	307	1
400	308	1
400	309	1
401	41	1
401	113	1
401	115	1
401	138	1
401	148	1
401	153	1
401	160	1
401	186	1
401	192	1
401	193	1
401	199	1
401	203	1
401	207	1
401	212	1
401	214	1
401	218	1
401	219	1
401	221	1
401	229	1
401	233	1
401	234	1
401	239	1
401	244	1
401	246	1
401	248	1
401	250	1
401	251	1
401	252	1
401	253	1
401	255	1
401	257	1
401	260	1
401	261	1
401	262	1
401	265	1
401	266	1
401	268	1
401	269	1
401	271	1
401	272	1
401	273	1
401	274	1
401	275	1
401	276	1
401	277	1
401	278	1
401	279	1
401	280	1
401	281	1
401	282	1
401	283	1
401	284	1
401	285	1
401	286	1
401	288	1
401	289	1
401	290	1
401	291	1
401	292	1
401	294	1
401	295	1
401	296	1
401	297	1
401	299	1
401	301	1
401	302	1
401	303	1
401	304	1
401	305	1
401	307	1
401	308	1
401	309	1
401	310	1
401	311	1
402	24	1
402	88	1
402	140	1
402	155	1
402	162	1
402	168	1
402	170	1
402	171	1
402	172	1
402	181	1
402	184	1
402	186	1
402	195	1
402	196	1
402	197	1
402	204	1
402	212	1
402	214	1
402	218	1
402	219	1
402	220	1
402	224	1
402	225	1
402	228	1
402	230	1
402	231	1
402	232	1
402	233	1
402	238	1
402	241	1
402	242	1
402	247	1
402	250	1
402	251	1
402	252	1
402	254	1
402	257	1
402	258	1
402	259	1
402	261	1
402	263	1
402	264	1
402	267	1
402	273	1
402	274	1
402	275	1
402	276	1
402	278	1
402	280	1
402	282	1
402	283	1
402	284	1
402	285	1
402	286	1
402	287	1
402	288	1
402	291	1
402	292	1
402	293	1
402	294	1
402	295	1
402	296	1
402	298	1
402	299	1
402	300	1
402	301	1
402	303	1
402	304	1
402	306	1
402	308	1
402	309	1
402	310	1
402	311	1
403	92	1
403	113	1
403	118	1
403	155	1
403	159	1
403	166	1
403	167	1
403	173	1
403	187	1
403	191	1
403	192	1
403	193	1
403	194	1
403	196	1
403	200	1
403	210	1
403	218	1
403	220	1
403	223	1
403	227	1
403	230	1
403	232	1
403	236	1
403	237	1
403	238	1
403	240	1
403	241	1
403	244	1
403	245	1
403	250	1
403	252	1
403	254	1
403	255	1
403	256	1
403	258	1
403	260	1
403	261	1
403	263	1
403	265	1
403	266	1
403	270	1
403	272	1
403	273	1
403	274	1
403	275	1
403	276	1
403	277	1
403	278	1
403	279	1
403	280	1
403	281	1
403	282	1
403	283	1
403	285	1
403	286	1
403	289	1
403	290	1
403	291	1
403	293	1
403	294	1
403	297	1
403	298	1
403	299	1
403	301	1
403	302	1
403	303	1
403	304	1
403	305	1
403	306	1
403	307	1
403	308	1
403	309	1
403	311	1
404	112	1
404	141	1
404	142	1
404	153	1
404	165	1
404	174	1
404	186	1
404	187	1
404	189	1
404	190	1
404	196	1
404	197	1
404	203	1
404	206	1
404	211	1
404	213	1
404	216	1
404	219	1
404	220	1
404	221	1
404	222	1
404	223	1
404	228	1
404	229	1
404	230	1
404	234	1
404	238	1
404	243	1
404	244	1
404	245	1
404	246	1
404	247	1
404	250	1
404	253	1
404	254	1
404	255	1
404	257	1
404	258	1
404	261	1
404	263	1
404	264	1
404	265	1
404	266	1
404	268	1
404	269	1
404	273	1
404	274	1
404	275	1
404	276	1
404	277	1
404	280	1
404	283	1
404	286	1
404	288	1
404	289	1
404	290	1
404	291	1
404	293	1
404	294	1
404	295	1
404	296	1
404	297	1
404	298	1
404	299	1
404	300	1
404	302	1
404	303	1
404	304	1
404	305	1
404	306	1
404	307	1
404	310	1
404	311	1
405	46	1
405	70	1
405	111	1
405	115	1
405	138	1
405	140	1
405	143	1
405	144	1
405	165	1
405	166	1
405	174	1
405	193	1
405	197	1
405	202	1
405	203	1
405	204	1
405	206	1
405	207	1
405	213	1
405	217	1
405	218	1
405	219	1
405	221	1
405	230	1
405	231	1
405	237	1
405	240	1
405	241	1
405	243	1
405	244	1
405	245	1
405	247	1
405	249	1
405	252	1
405	253	1
405	254	1
405	255	1
405	256	1
405	257	1
405	261	1
405	265	1
405	266	1
405	267	1
405	268	1
405	270	1
405	273	1
405	274	1
405	275	1
405	277	1
405	279	1
405	280	1
405	283	1
405	285	1
405	286	1
405	287	1
405	289	1
405	291	1
405	293	1
405	294	1
405	296	1
405	297	1
405	299	1
405	300	1
405	301	1
405	302	1
405	303	1
405	304	1
405	306	1
405	307	1
405	308	1
405	309	1
405	310	1
405	311	1
406	16	1
406	96	1
406	134	1
406	158	1
406	162	1
406	171	1
406	173	1
406	178	1
406	181	1
406	182	1
406	183	1
406	184	1
406	186	1
406	189	1
406	191	1
406	193	1
406	195	1
406	199	1
406	200	1
406	204	1
406	208	1
406	209	1
406	211	1
406	215	1
406	216	1
406	218	1
406	219	1
406	223	1
406	229	1
406	230	1
406	231	1
406	235	1
406	236	1
406	239	1
406	243	1
406	246	1
406	250	1
406	251	1
406	253	1
406	254	1
406	258	1
406	260	1
406	262	1
406	263	1
406	264	1
406	265	1
406	268	1
406	269	1
406	271	1
406	272	1
406	274	1
406	275	1
406	278	1
406	279	1
406	280	1
406	281	1
406	282	1
406	284	1
406	285	1
406	290	1
406	291	1
406	292	1
406	294	1
406	296	1
406	297	1
406	298	1
406	300	1
406	301	1
406	302	1
406	303	1
406	305	1
406	306	1
406	307	1
406	309	1
407	2	1
407	5	1
407	92	1
407	121	1
407	143	1
407	146	1
407	149	1
407	166	1
407	174	1
407	180	1
407	187	1
407	193	1
407	194	1
407	195	1
407	197	1
407	213	1
407	214	1
407	218	1
407	219	1
407	220	1
407	222	1
407	225	1
407	227	1
407	233	1
407	234	1
407	240	1
407	241	1
407	243	1
407	245	1
407	247	1
407	248	1
407	249	1
407	254	1
407	257	1
407	258	1
407	259	1
407	260	1
407	261	1
407	263	1
407	264	1
407	265	1
407	266	1
407	267	1
407	268	1
407	270	1
407	271	1
407	272	1
407	273	1
407	276	1
407	277	1
407	278	1
407	279	1
407	282	1
407	283	1
407	284	1
407	285	1
407	287	1
407	291	1
407	293	1
407	294	1
407	295	1
407	296	1
407	297	1
407	298	1
407	299	1
407	300	1
407	301	1
407	302	1
407	305	1
407	306	1
407	307	1
407	309	1
407	310	1
408	24	1
408	54	1
408	109	1
408	132	1
408	168	1
408	170	1
408	176	1
408	183	1
408	191	1
408	193	1
408	194	1
408	198	1
408	200	1
408	205	1
408	207	1
408	210	1
408	211	1
408	217	1
408	222	1
408	225	1
408	226	1
408	229	1
408	230	1
408	233	1
408	235	1
408	236	1
408	241	1
408	242	1
408	243	1
408	244	1
408	245	1
408	246	1
408	254	1
408	255	1
408	257	1
408	258	1
408	262	1
408	263	1
408	265	1
408	268	1
408	269	1
408	270	1
408	272	1
408	273	1
408	275	1
408	276	1
408	277	1
408	278	1
408	279	1
408	280	1
408	283	1
408	285	1
408	286	1
408	287	1
408	288	1
408	289	1
408	290	1
408	291	1
408	293	1
408	294	1
408	295	1
408	297	1
408	298	1
408	301	1
408	302	1
408	303	1
408	304	1
408	305	1
408	306	1
408	307	1
408	308	1
408	309	1
408	310	1
409	10	1
409	27	1
409	147	1
409	149	1
409	153	1
409	157	1
409	170	1
409	179	1
409	182	1
409	187	1
409	189	1
409	193	1
409	199	1
409	203	1
409	208	1
409	209	1
409	210	1
409	211	1
409	213	1
409	217	1
409	225	1
409	227	1
409	228	1
409	232	1
409	234	1
409	235	1
409	241	1
409	242	1
409	245	1
409	246	1
409	248	1
409	249	1
409	253	1
409	254	1
409	258	1
409	259	1
409	261	1
409	262	1
409	264	1
409	268	1
409	269	1
409	270	1
409	271	1
409	272	1
409	273	1
409	274	1
409	275	1
409	276	1
409	277	1
409	279	1
409	282	1
409	283	1
409	284	1
409	285	1
409	286	1
409	288	1
409	289	1
409	290	1
409	292	1
409	295	1
409	296	1
409	297	1
409	299	1
409	301	1
409	302	1
409	303	1
409	304	1
409	305	1
409	307	1
409	308	1
409	309	1
409	310	1
409	311	1
410	64	1
410	94	1
410	118	1
410	155	1
410	160	1
410	163	1
410	173	1
410	181	1
410	188	1
410	190	1
410	193	1
410	198	1
410	200	1
410	201	1
410	205	1
410	208	1
410	210	1
410	211	1
410	213	1
410	214	1
410	220	1
410	221	1
410	226	1
410	228	1
410	229	1
410	230	1
410	231	1
410	234	1
410	237	1
410	238	1
410	241	1
410	242	1
410	244	1
410	245	1
410	246	1
410	248	1
410	249	1
410	250	1
410	251	1
410	253	1
410	254	1
410	255	1
410	257	1
410	258	1
410	259	1
410	273	1
410	275	1
410	277	1
410	278	1
410	279	1
410	280	1
410	283	1
410	285	1
410	288	1
410	289	1
410	290	1
410	291	1
410	292	1
410	293	1
410	294	1
410	295	1
410	296	1
410	298	1
410	299	1
410	300	1
410	301	1
410	302	1
410	303	1
410	304	1
410	305	1
410	308	1
410	309	1
410	310	1
411	62	1
411	70	1
411	93	1
411	146	1
411	148	1
411	152	1
411	182	1
411	188	1
411	189	1
411	192	1
411	194	1
411	195	1
411	196	1
411	197	1
411	204	1
411	209	1
411	212	1
411	215	1
411	217	1
411	218	1
411	221	1
411	223	1
411	230	1
411	232	1
411	233	1
411	236	1
411	239	1
411	242	1
411	244	1
411	245	1
411	249	1
411	251	1
411	253	1
411	256	1
411	258	1
411	259	1
411	262	1
411	264	1
411	265	1
411	266	1
411	268	1
411	269	1
411	271	1
411	272	1
411	273	1
411	275	1
411	276	1
411	277	1
411	279	1
411	280	1
411	281	1
411	283	1
411	284	1
411	285	1
411	286	1
411	287	1
411	290	1
411	291	1
411	292	1
411	294	1
411	296	1
411	297	1
411	298	1
411	299	1
411	300	1
411	301	1
411	303	1
411	304	1
411	305	1
411	307	1
411	308	1
411	310	1
411	311	1
412	81	1
412	88	1
412	122	1
412	140	1
412	191	1
412	196	1
412	198	1
412	204	1
412	205	1
412	207	1
412	208	1
412	210	1
412	213	1
412	214	1
412	217	1
412	219	1
412	223	1
412	224	1
412	226	1
412	228	1
412	230	1
412	231	1
412	234	1
412	235	1
412	237	1
412	242	1
412	243	1
412	245	1
412	249	1
412	250	1
412	252	1
412	253	1
412	255	1
412	257	1
412	260	1
412	261	1
412	262	1
412	264	1
412	267	1
412	268	1
412	269	1
412	270	1
412	275	1
412	276	1
412	278	1
412	280	1
412	281	1
412	282	1
412	283	1
412	284	1
412	285	1
412	286	1
412	288	1
412	289	1
412	290	1
412	291	1
412	292	1
412	293	1
412	295	1
412	297	1
412	298	1
412	299	1
412	300	1
412	302	1
412	303	1
412	304	1
412	305	1
412	306	1
412	307	1
412	308	1
412	309	1
412	310	1
412	311	1
413	140	1
413	156	1
413	164	1
413	169	1
413	172	1
413	173	1
413	189	1
413	199	1
413	200	1
413	207	1
413	213	1
413	214	1
413	217	1
413	218	1
413	220	1
413	222	1
413	223	1
413	229	1
413	230	1
413	233	1
413	234	1
413	236	1
413	237	1
413	238	1
413	241	1
413	242	1
413	243	1
413	244	1
413	247	1
413	248	1
413	249	1
413	250	1
413	252	1
413	256	1
413	257	1
413	259	1
413	260	1
413	262	1
413	264	1
413	265	1
413	267	1
413	269	1
413	270	1
413	271	1
413	273	1
413	275	1
413	276	1
413	277	1
413	279	1
413	280	1
413	282	1
413	283	1
413	284	1
413	287	1
413	291	1
413	292	1
413	293	1
413	295	1
413	296	1
413	297	1
413	298	1
413	299	1
413	300	1
413	301	1
413	302	1
413	303	1
413	304	1
413	305	1
413	306	1
413	307	1
413	309	1
413	310	1
413	311	1
414	38	1
414	66	1
414	67	1
414	108	1
414	160	1
414	163	1
414	167	1
414	169	1
414	170	1
414	171	1
414	175	1
414	176	1
414	187	1
414	193	1
414	196	1
414	201	1
414	208	1
414	209	1
414	213	1
414	217	1
414	219	1
414	223	1
414	232	1
414	233	1
414	234	1
414	237	1
414	239	1
414	242	1
414	245	1
414	247	1
414	248	1
414	251	1
414	252	1
414	253	1
414	254	1
414	256	1
414	257	1
414	260	1
414	261	1
414	264	1
414	265	1
414	266	1
414	267	1
414	268	1
414	269	1
414	270	1
414	272	1
414	274	1
414	275	1
414	276	1
414	277	1
414	279	1
414	281	1
414	283	1
414	284	1
414	287	1
414	288	1
414	289	1
414	290	1
414	291	1
414	293	1
414	294	1
414	295	1
414	297	1
414	299	1
414	301	1
414	303	1
414	304	1
414	305	1
414	307	1
414	308	1
414	310	1
414	311	1
415	53	1
415	81	1
415	103	1
415	142	1
415	152	1
415	158	1
415	160	1
415	161	1
415	173	1
415	174	1
415	176	1
415	178	1
415	183	1
415	185	1
415	205	1
415	207	1
415	211	1
415	218	1
415	222	1
415	223	1
415	228	1
415	230	1
415	233	1
415	235	1
415	237	1
415	238	1
415	241	1
415	242	1
415	243	1
415	246	1
415	247	1
415	249	1
415	250	1
415	253	1
415	255	1
415	257	1
415	259	1
415	261	1
415	263	1
415	264	1
415	265	1
415	266	1
415	267	1
415	269	1
415	271	1
415	272	1
415	273	1
415	274	1
415	276	1
415	277	1
415	278	1
415	279	1
415	280	1
415	281	1
415	282	1
415	284	1
415	285	1
415	286	1
415	287	1
415	289	1
415	290	1
415	291	1
415	292	1
415	293	1
415	294	1
415	296	1
415	298	1
415	301	1
415	304	1
415	306	1
415	308	1
415	309	1
415	310	1
415	311	1
416	4	1
416	53	1
416	146	1
416	161	1
416	162	1
416	164	1
416	171	1
416	172	1
416	174	1
416	182	1
416	188	1
416	189	1
416	198	1
416	199	1
416	204	1
416	212	1
416	215	1
416	218	1
416	224	1
416	230	1
416	232	1
416	235	1
416	236	1
416	238	1
416	239	1
416	240	1
416	247	1
416	248	1
416	252	1
416	253	1
416	254	1
416	257	1
416	258	1
416	259	1
416	260	1
416	261	1
416	262	1
416	263	1
416	265	1
416	268	1
416	269	1
416	270	1
416	272	1
416	273	1
416	274	1
416	275	1
416	276	1
416	277	1
416	278	1
416	281	1
416	282	1
416	284	1
416	285	1
416	288	1
416	289	1
416	290	1
416	291	1
416	292	1
416	294	1
416	295	1
416	296	1
416	297	1
416	298	1
416	299	1
416	300	1
416	302	1
416	303	1
416	305	1
416	306	1
416	307	1
416	308	1
416	310	1
416	311	1
417	42	1
417	60	1
417	69	1
417	137	1
417	149	1
417	156	1
417	184	1
417	196	1
417	200	1
417	207	1
417	209	1
417	211	1
417	213	1
417	214	1
417	215	1
417	217	1
417	221	1
417	224	1
417	225	1
417	229	1
417	233	1
417	238	1
417	240	1
417	242	1
417	243	1
417	244	1
417	246	1
417	247	1
417	252	1
417	253	1
417	254	1
417	256	1
417	257	1
417	258	1
417	259	1
417	261	1
417	263	1
417	264	1
417	270	1
417	272	1
417	273	1
417	274	1
417	275	1
417	276	1
417	278	1
417	279	1
417	280	1
417	281	1
417	282	1
417	283	1
417	284	1
417	286	1
417	287	1
417	288	1
417	289	1
417	290	1
417	291	1
417	293	1
417	294	1
417	295	1
417	296	1
417	297	1
417	298	1
417	300	1
417	302	1
417	303	1
417	305	1
417	306	1
417	307	1
417	308	1
417	309	1
417	310	1
417	311	1
418	30	1
418	61	1
418	107	1
418	111	1
418	114	1
418	136	1
418	141	1
418	162	1
418	176	1
418	184	1
418	188	1
418	194	1
418	200	1
418	201	1
418	202	1
418	207	1
418	211	1
418	219	1
418	220	1
418	223	1
418	229	1
418	230	1
418	232	1
418	233	1
418	238	1
418	239	1
418	241	1
418	242	1
418	243	1
418	245	1
418	248	1
418	249	1
418	251	1
418	253	1
418	256	1
418	260	1
418	262	1
418	263	1
418	264	1
418	265	1
418	267	1
418	268	1
418	269	1
418	271	1
418	272	1
418	273	1
418	274	1
418	276	1
418	278	1
418	279	1
418	280	1
418	281	1
418	282	1
418	285	1
418	286	1
418	287	1
418	288	1
418	289	1
418	291	1
418	293	1
418	294	1
418	296	1
418	297	1
418	298	1
418	299	1
418	302	1
418	304	1
418	305	1
418	306	1
418	307	1
418	308	1
418	310	1
418	311	1
419	11	1
419	142	1
419	144	1
419	151	1
419	162	1
419	171	1
419	175	1
419	179	1
419	180	1
419	185	1
419	186	1
419	187	1
419	192	1
419	197	1
419	198	1
419	203	1
419	207	1
419	208	1
419	212	1
419	215	1
419	216	1
419	217	1
419	224	1
419	225	1
419	230	1
419	231	1
419	234	1
419	235	1
419	239	1
419	240	1
419	242	1
419	243	1
419	246	1
419	250	1
419	252	1
419	255	1
419	256	1
419	260	1
419	261	1
419	262	1
419	264	1
419	265	1
419	266	1
419	267	1
419	268	1
419	269	1
419	270	1
419	272	1
419	273	1
419	276	1
419	278	1
419	279	1
419	281	1
419	282	1
419	283	1
419	284	1
419	285	1
419	287	1
419	289	1
419	290	1
419	291	1
419	294	1
419	295	1
419	297	1
419	299	1
419	300	1
419	302	1
419	305	1
419	307	1
419	308	1
419	309	1
419	310	1
419	311	1
420	41	1
420	71	1
420	83	1
420	93	1
420	115	1
420	133	1
420	149	1
420	156	1
420	170	1
420	193	1
420	195	1
420	207	1
420	208	1
420	209	1
420	212	1
420	214	1
420	215	1
420	217	1
420	224	1
420	226	1
420	230	1
420	231	1
420	233	1
420	234	1
420	235	1
420	236	1
420	238	1
420	243	1
420	244	1
420	246	1
420	247	1
420	248	1
420	249	1
420	250	1
420	251	1
420	252	1
420	255	1
420	257	1
420	260	1
420	265	1
420	266	1
420	269	1
420	271	1
420	272	1
420	273	1
420	275	1
420	278	1
420	280	1
420	281	1
420	284	1
420	285	1
420	286	1
420	287	1
420	291	1
420	292	1
420	293	1
420	295	1
420	296	1
420	297	1
420	298	1
420	299	1
420	300	1
420	301	1
420	302	1
420	303	1
420	304	1
420	305	1
420	306	1
420	307	1
420	308	1
420	309	1
420	310	1
420	311	1
421	26	1
421	35	1
421	38	1
421	62	1
421	99	1
421	107	1
421	139	1
421	169	1
421	177	1
421	178	1
421	183	1
421	185	1
421	193	1
421	194	1
421	199	1
421	200	1
421	202	1
421	204	1
421	209	1
421	219	1
421	224	1
421	225	1
421	230	1
421	233	1
421	234	1
421	237	1
421	238	1
421	239	1
421	241	1
421	245	1
421	246	1
421	247	1
421	250	1
421	251	1
421	253	1
421	254	1
421	256	1
421	257	1
421	258	1
421	260	1
421	261	1
421	263	1
421	266	1
421	267	1
421	270	1
421	271	1
421	272	1
421	273	1
421	274	1
421	275	1
421	276	1
421	277	1
421	279	1
421	281	1
421	286	1
421	287	1
421	289	1
421	290	1
421	291	1
421	292	1
421	293	1
421	295	1
421	296	1
421	297	1
421	298	1
421	300	1
421	301	1
421	302	1
421	303	1
421	304	1
421	307	1
421	308	1
421	311	1
422	68	1
422	101	1
422	116	1
422	147	1
422	159	1
422	161	1
422	172	1
422	184	1
422	201	1
422	202	1
422	205	1
422	206	1
422	207	1
422	208	1
422	209	1
422	211	1
422	216	1
422	219	1
422	220	1
422	221	1
422	223	1
422	224	1
422	225	1
422	229	1
422	231	1
422	235	1
422	240	1
422	241	1
422	242	1
422	243	1
422	247	1
422	248	1
422	249	1
422	252	1
422	253	1
422	254	1
422	256	1
422	258	1
422	259	1
422	260	1
422	264	1
422	265	1
422	267	1
422	268	1
422	271	1
422	274	1
422	275	1
422	276	1
422	278	1
422	280	1
422	281	1
422	282	1
422	283	1
422	284	1
422	285	1
422	286	1
422	287	1
422	288	1
422	291	1
422	292	1
422	293	1
422	294	1
422	295	1
422	297	1
422	299	1
422	300	1
422	301	1
422	302	1
422	304	1
422	306	1
422	307	1
422	310	1
422	311	1
423	136	1
423	164	1
423	176	1
423	180	1
423	181	1
423	182	1
423	184	1
423	189	1
423	190	1
423	192	1
423	193	1
423	194	1
423	195	1
423	201	1
423	203	1
423	206	1
423	212	1
423	216	1
423	223	1
423	224	1
423	225	1
423	228	1
423	229	1
423	231	1
423	232	1
423	233	1
423	234	1
423	235	1
423	236	1
423	237	1
423	238	1
423	241	1
423	246	1
423	247	1
423	248	1
423	250	1
423	251	1
423	253	1
423	254	1
423	260	1
423	263	1
423	264	1
423	266	1
423	268	1
423	269	1
423	270	1
423	272	1
423	273	1
423	275	1
423	276	1
423	278	1
423	279	1
423	281	1
423	282	1
423	283	1
423	284	1
423	285	1
423	286	1
423	290	1
423	292	1
423	293	1
423	294	1
423	295	1
423	296	1
423	299	1
423	301	1
423	302	1
423	303	1
423	305	1
423	307	1
423	308	1
423	309	1
423	310	1
424	40	1
424	99	1
424	111	1
424	135	1
424	168	1
424	169	1
424	170	1
424	176	1
424	184	1
424	186	1
424	194	1
424	197	1
424	198	1
424	199	1
424	201	1
424	204	1
424	208	1
424	209	1
424	213	1
424	216	1
424	221	1
424	223	1
424	225	1
424	228	1
424	229	1
424	230	1
424	231	1
424	232	1
424	234	1
424	236	1
424	238	1
424	240	1
424	241	1
424	244	1
424	245	1
424	250	1
424	254	1
424	257	1
424	258	1
424	260	1
424	261	1
424	262	1
424	264	1
424	266	1
424	267	1
424	268	1
424	269	1
424	271	1
424	272	1
424	276	1
424	277	1
424	278	1
424	281	1
424	282	1
424	283	1
424	285	1
424	286	1
424	290	1
424	291	1
424	292	1
424	293	1
424	295	1
424	298	1
424	299	1
424	300	1
424	301	1
424	302	1
424	303	1
424	304	1
424	306	1
424	307	1
424	308	1
424	309	1
424	311	1
425	56	1
425	61	1
425	74	1
425	94	1
425	96	1
425	127	1
425	132	1
425	143	1
425	144	1
425	146	1
425	147	1
425	150	1
425	154	1
425	166	1
425	179	1
425	180	1
425	185	1
425	189	1
425	196	1
425	198	1
425	204	1
425	206	1
425	207	1
425	220	1
425	226	1
425	229	1
425	230	1
425	238	1
425	242	1
425	243	1
425	245	1
425	246	1
425	247	1
425	249	1
425	250	1
425	252	1
425	254	1
425	255	1
425	257	1
425	260	1
425	261	1
425	263	1
425	264	1
425	266	1
425	268	1
425	272	1
425	275	1
425	276	1
425	278	1
425	280	1
425	281	1
425	282	1
425	285	1
425	287	1
425	289	1
425	290	1
425	291	1
425	292	1
425	293	1
425	294	1
425	295	1
425	297	1
425	298	1
425	299	1
425	300	1
425	301	1
425	303	1
425	304	1
425	305	1
425	307	1
425	308	1
425	310	1
425	311	1
426	77	1
426	84	1
426	99	1
426	136	1
426	146	1
426	165	1
426	167	1
426	170	1
426	178	1
426	181	1
426	184	1
426	201	1
426	202	1
426	204	1
426	208	1
426	222	1
426	223	1
426	225	1
426	228	1
426	229	1
426	230	1
426	231	1
426	232	1
426	233	1
426	234	1
426	237	1
426	239	1
426	242	1
426	243	1
426	245	1
426	246	1
426	253	1
426	254	1
426	258	1
426	260	1
426	261	1
426	262	1
426	263	1
426	264	1
426	267	1
426	268	1
426	270	1
426	271	1
426	272	1
426	273	1
426	276	1
426	277	1
426	279	1
426	280	1
426	281	1
426	284	1
426	285	1
426	286	1
426	287	1
426	288	1
426	289	1
426	290	1
426	291	1
426	292	1
426	293	1
426	294	1
426	295	1
426	296	1
426	298	1
426	299	1
426	300	1
426	301	1
426	303	1
426	305	1
426	306	1
426	307	1
426	308	1
426	310	1
427	40	1
427	48	1
427	95	1
427	112	1
427	161	1
427	164	1
427	167	1
427	169	1
427	174	1
427	175	1
427	181	1
427	196	1
427	197	1
427	198	1
427	200	1
427	201	1
427	206	1
427	208	1
427	210	1
427	212	1
427	213	1
427	215	1
427	218	1
427	231	1
427	233	1
427	234	1
427	235	1
427	238	1
427	241	1
427	244	1
427	245	1
427	246	1
427	250	1
427	251	1
427	254	1
427	255	1
427	256	1
427	257	1
427	260	1
427	263	1
427	265	1
427	268	1
427	269	1
427	271	1
427	273	1
427	274	1
427	275	1
427	276	1
427	278	1
427	280	1
427	281	1
427	282	1
427	285	1
427	286	1
427	287	1
427	288	1
427	290	1
427	291	1
427	292	1
427	293	1
427	294	1
427	295	1
427	298	1
427	299	1
427	300	1
427	301	1
427	304	1
427	305	1
427	306	1
427	307	1
427	308	1
427	309	1
427	310	1
427	311	1
428	19	1
428	31	1
428	126	1
428	135	1
428	160	1
428	167	1
428	171	1
428	181	1
428	191	1
428	192	1
428	204	1
428	208	1
428	213	1
428	215	1
428	217	1
428	218	1
428	223	1
428	228	1
428	230	1
428	232	1
428	235	1
428	237	1
428	239	1
428	240	1
428	241	1
428	243	1
428	244	1
428	245	1
428	247	1
428	249	1
428	250	1
428	251	1
428	253	1
428	255	1
428	257	1
428	258	1
428	259	1
428	260	1
428	262	1
428	263	1
428	265	1
428	266	1
428	267	1
428	268	1
428	269	1
428	270	1
428	273	1
428	275	1
428	276	1
428	277	1
428	280	1
428	282	1
428	284	1
428	285	1
428	286	1
428	287	1
428	288	1
428	291	1
428	292	1
428	294	1
428	295	1
428	296	1
428	297	1
428	302	1
428	303	1
428	304	1
428	305	1
428	306	1
428	307	1
428	308	1
428	309	1
428	310	1
428	311	1
429	46	1
429	128	1
429	132	1
429	135	1
429	160	1
429	162	1
429	164	1
429	172	1
429	184	1
429	188	1
429	189	1
429	193	1
429	194	1
429	201	1
429	206	1
429	210	1
429	217	1
429	218	1
429	224	1
429	225	1
429	227	1
429	229	1
429	233	1
429	235	1
429	236	1
429	240	1
429	243	1
429	244	1
429	245	1
429	248	1
429	254	1
429	255	1
429	256	1
429	257	1
429	259	1
429	261	1
429	266	1
429	267	1
429	268	1
429	269	1
429	270	1
429	271	1
429	272	1
429	274	1
429	275	1
429	277	1
429	278	1
429	279	1
429	281	1
429	284	1
429	285	1
429	286	1
429	287	1
429	288	1
429	290	1
429	291	1
429	292	1
429	293	1
429	294	1
429	295	1
429	296	1
429	297	1
429	298	1
429	300	1
429	302	1
429	304	1
429	305	1
429	306	1
429	307	1
429	308	1
429	309	1
429	310	1
429	311	1
430	28	1
430	85	1
430	150	1
430	157	1
430	165	1
430	179	1
430	183	1
430	187	1
430	193	1
430	200	1
430	203	1
430	204	1
430	205	1
430	209	1
430	212	1
430	213	1
430	215	1
430	220	1
430	221	1
430	222	1
430	223	1
430	225	1
430	226	1
430	231	1
430	232	1
430	235	1
430	236	1
430	237	1
430	239	1
430	240	1
430	242	1
430	245	1
430	246	1
430	247	1
430	249	1
430	251	1
430	253	1
430	258	1
430	261	1
430	264	1
430	265	1
430	267	1
430	268	1
430	269	1
430	270	1
430	271	1
430	273	1
430	274	1
430	275	1
430	276	1
430	277	1
430	278	1
430	283	1
430	284	1
430	286	1
430	288	1
430	290	1
430	291	1
430	293	1
430	296	1
430	297	1
430	298	1
430	301	1
430	302	1
430	303	1
430	304	1
430	305	1
430	306	1
430	307	1
430	308	1
430	309	1
430	310	1
430	311	1
431	51	1
431	73	1
431	107	1
431	139	1
431	158	1
431	159	1
431	167	1
431	170	1
431	175	1
431	184	1
431	188	1
431	190	1
431	196	1
431	199	1
431	205	1
431	209	1
431	210	1
431	211	1
431	214	1
431	218	1
431	220	1
431	226	1
431	227	1
431	229	1
431	230	1
431	232	1
431	233	1
431	235	1
431	237	1
431	238	1
431	239	1
431	240	1
431	242	1
431	246	1
431	247	1
431	248	1
431	250	1
431	252	1
431	254	1
431	255	1
431	256	1
431	265	1
431	266	1
431	268	1
431	270	1
431	272	1
431	273	1
431	274	1
431	275	1
431	276	1
431	277	1
431	278	1
431	279	1
431	280	1
431	281	1
431	284	1
431	285	1
431	289	1
431	290	1
431	291	1
431	293	1
431	294	1
431	295	1
431	297	1
431	298	1
431	300	1
431	302	1
431	304	1
431	305	1
431	306	1
431	307	1
431	309	1
431	310	1
432	36	1
432	67	1
432	76	1
432	110	1
432	131	1
432	159	1
432	160	1
432	163	1
432	180	1
432	184	1
432	187	1
432	188	1
432	189	1
432	198	1
432	207	1
432	208	1
432	210	1
432	213	1
432	215	1
432	216	1
432	217	1
432	218	1
432	221	1
432	222	1
432	224	1
432	236	1
432	237	1
432	238	1
432	243	1
432	244	1
432	248	1
432	249	1
432	250	1
432	251	1
432	254	1
432	256	1
432	257	1
432	260	1
432	261	1
432	264	1
432	265	1
432	266	1
432	267	1
432	268	1
432	273	1
432	277	1
432	278	1
432	279	1
432	280	1
432	282	1
432	284	1
432	285	1
432	286	1
432	287	1
432	288	1
432	289	1
432	290	1
432	291	1
432	292	1
432	293	1
432	295	1
432	296	1
432	297	1
432	300	1
432	301	1
432	302	1
432	304	1
432	305	1
432	307	1
432	308	1
432	309	1
432	310	1
432	311	1
433	44	1
433	92	1
433	133	1
433	168	1
433	176	1
433	182	1
433	183	1
433	192	1
433	195	1
433	200	1
433	201	1
433	203	1
433	205	1
433	206	1
433	211	1
433	215	1
433	216	1
433	219	1
433	222	1
433	223	1
433	228	1
433	230	1
433	231	1
433	235	1
433	236	1
433	238	1
433	240	1
433	243	1
433	244	1
433	247	1
433	249	1
433	252	1
433	253	1
433	255	1
433	257	1
433	258	1
433	260	1
433	261	1
433	263	1
433	269	1
433	270	1
433	271	1
433	274	1
433	275	1
433	276	1
433	277	1
433	281	1
433	282	1
433	283	1
433	284	1
433	285	1
433	286	1
433	287	1
433	288	1
433	289	1
433	290	1
433	291	1
433	293	1
433	294	1
433	295	1
433	296	1
433	297	1
433	299	1
433	301	1
433	302	1
433	303	1
433	304	1
433	305	1
433	306	1
433	307	1
433	308	1
433	309	1
433	310	1
434	120	1
434	126	1
434	128	1
434	162	1
434	166	1
434	169	1
434	177	1
434	181	1
434	182	1
434	186	1
434	194	1
434	196	1
434	198	1
434	201	1
434	207	1
434	211	1
434	212	1
434	217	1
434	221	1
434	223	1
434	225	1
434	230	1
434	232	1
434	233	1
434	234	1
434	236	1
434	237	1
434	238	1
434	240	1
434	243	1
434	244	1
434	253	1
434	258	1
434	260	1
434	261	1
434	262	1
434	264	1
434	265	1
434	267	1
434	269	1
434	270	1
434	272	1
434	273	1
434	274	1
434	276	1
434	277	1
434	278	1
434	279	1
434	281	1
434	283	1
434	286	1
434	287	1
434	288	1
434	289	1
434	290	1
434	291	1
434	292	1
434	293	1
434	294	1
434	295	1
434	298	1
434	300	1
434	301	1
434	302	1
434	303	1
434	304	1
434	305	1
434	306	1
434	307	1
434	308	1
434	309	1
434	310	1
434	311	1
435	15	1
435	112	1
435	124	1
435	125	1
435	133	1
435	150	1
435	162	1
435	168	1
435	191	1
435	193	1
435	194	1
435	201	1
435	205	1
435	206	1
435	207	1
435	208	1
435	209	1
435	219	1
435	220	1
435	226	1
435	227	1
435	228	1
435	231	1
435	232	1
435	235	1
435	237	1
435	240	1
435	242	1
435	243	1
435	244	1
435	248	1
435	250	1
435	251	1
435	252	1
435	253	1
435	255	1
435	258	1
435	259	1
435	260	1
435	261	1
435	262	1
435	263	1
435	264	1
435	266	1
435	267	1
435	269	1
435	271	1
435	272	1
435	273	1
435	274	1
435	275	1
435	276	1
435	278	1
435	279	1
435	281	1
435	282	1
435	283	1
435	285	1
435	286	1
435	288	1
435	291	1
435	292	1
435	294	1
435	295	1
435	296	1
435	299	1
435	301	1
435	302	1
435	304	1
435	305	1
435	307	1
435	308	1
435	310	1
436	43	1
436	105	1
436	136	1
436	137	1
436	155	1
436	157	1
436	158	1
436	169	1
436	182	1
436	185	1
436	186	1
436	191	1
436	193	1
436	194	1
436	201	1
436	205	1
436	210	1
436	213	1
436	215	1
436	216	1
436	219	1
436	221	1
436	223	1
436	224	1
436	225	1
436	227	1
436	228	1
436	235	1
436	236	1
436	238	1
436	242	1
436	244	1
436	245	1
436	248	1
436	250	1
436	251	1
436	254	1
436	255	1
436	258	1
436	260	1
436	261	1
436	268	1
436	269	1
436	270	1
436	272	1
436	273	1
436	276	1
436	278	1
436	279	1
436	281	1
436	282	1
436	285	1
436	286	1
436	287	1
436	288	1
436	289	1
436	290	1
436	291	1
436	292	1
436	293	1
436	294	1
436	297	1
436	298	1
436	299	1
436	301	1
436	302	1
436	304	1
436	305	1
436	306	1
436	307	1
436	308	1
436	309	1
436	310	1
436	311	1
437	22	1
437	69	1
437	99	1
437	147	1
437	164	1
437	165	1
437	190	1
437	191	1
437	198	1
437	199	1
437	202	1
437	205	1
437	210	1
437	217	1
437	218	1
437	220	1
437	221	1
437	222	1
437	225	1
437	226	1
437	227	1
437	228	1
437	234	1
437	238	1
437	240	1
437	242	1
437	244	1
437	245	1
437	249	1
437	253	1
437	255	1
437	257	1
437	258	1
437	259	1
437	262	1
437	264	1
437	266	1
437	267	1
437	271	1
437	272	1
437	275	1
437	276	1
437	278	1
437	279	1
437	281	1
437	282	1
437	283	1
437	284	1
437	285	1
437	287	1
437	288	1
437	289	1
437	290	1
437	291	1
437	292	1
437	293	1
437	294	1
437	296	1
437	297	1
437	298	1
437	299	1
437	300	1
437	301	1
437	302	1
437	303	1
437	304	1
437	305	1
437	306	1
437	307	1
437	308	1
437	309	1
437	310	1
437	311	1
438	21	1
438	95	1
438	117	1
438	137	1
438	143	1
438	145	1
438	151	1
438	166	1
438	172	1
438	190	1
438	196	1
438	197	1
438	198	1
438	203	1
438	205	1
438	214	1
438	219	1
438	222	1
438	228	1
438	229	1
438	235	1
438	237	1
438	238	1
438	239	1
438	240	1
438	241	1
438	245	1
438	246	1
438	247	1
438	249	1
438	250	1
438	251	1
438	252	1
438	253	1
438	255	1
438	256	1
438	258	1
438	261	1
438	262	1
438	263	1
438	264	1
438	266	1
438	268	1
438	270	1
438	273	1
438	277	1
438	278	1
438	279	1
438	280	1
438	282	1
438	283	1
438	284	1
438	287	1
438	288	1
438	289	1
438	290	1
438	291	1
438	292	1
438	293	1
438	294	1
438	295	1
438	296	1
438	297	1
438	298	1
438	300	1
438	302	1
438	303	1
438	304	1
438	306	1
438	307	1
438	308	1
438	309	1
438	310	1
438	311	1
439	72	1
439	121	1
439	126	1
439	143	1
439	150	1
439	151	1
439	154	1
439	158	1
439	160	1
439	163	1
439	174	1
439	184	1
439	186	1
439	188	1
439	189	1
439	190	1
439	202	1
439	205	1
439	206	1
439	207	1
439	210	1
439	211	1
439	212	1
439	213	1
439	214	1
439	221	1
439	227	1
439	228	1
439	229	1
439	230	1
439	231	1
439	234	1
439	236	1
439	240	1
439	242	1
439	245	1
439	247	1
439	248	1
439	249	1
439	251	1
439	254	1
439	256	1
439	258	1
439	259	1
439	261	1
439	264	1
439	265	1
439	266	1
439	267	1
439	268	1
439	271	1
439	273	1
439	276	1
439	277	1
439	278	1
439	279	1
439	281	1
439	283	1
439	286	1
439	289	1
439	290	1
439	293	1
439	294	1
439	296	1
439	297	1
439	299	1
439	300	1
439	303	1
439	304	1
439	306	1
439	309	1
439	310	1
439	311	1
440	97	1
440	106	1
440	112	1
440	113	1
440	142	1
440	146	1
440	153	1
440	155	1
440	163	1
440	173	1
440	184	1
440	185	1
440	189	1
440	191	1
440	192	1
440	199	1
440	201	1
440	203	1
440	205	1
440	206	1
440	212	1
440	213	1
440	216	1
440	221	1
440	225	1
440	226	1
440	227	1
440	231	1
440	233	1
440	234	1
440	236	1
440	239	1
440	240	1
440	241	1
440	242	1
440	247	1
440	248	1
440	250	1
440	251	1
440	253	1
440	262	1
440	264	1
440	265	1
440	267	1
440	270	1
440	271	1
440	272	1
440	273	1
440	275	1
440	276	1
440	277	1
440	278	1
440	279	1
440	282	1
440	283	1
440	285	1
440	288	1
440	290	1
440	291	1
440	292	1
440	294	1
440	295	1
440	297	1
440	299	1
440	300	1
440	301	1
440	304	1
440	305	1
440	306	1
440	307	1
440	308	1
440	309	1
440	310	1
440	311	1
441	13	1
441	75	1
441	81	1
441	108	1
441	121	1
441	145	1
441	147	1
441	152	1
441	158	1
441	164	1
441	171	1
441	173	1
441	176	1
441	189	1
441	193	1
441	198	1
441	200	1
441	202	1
441	203	1
441	204	1
441	210	1
441	211	1
441	215	1
441	218	1
441	219	1
441	224	1
441	227	1
441	228	1
441	230	1
441	231	1
441	232	1
441	234	1
441	238	1
441	239	1
441	243	1
441	244	1
441	246	1
441	248	1
441	251	1
441	255	1
441	256	1
441	257	1
441	258	1
441	260	1
441	262	1
441	263	1
441	266	1
441	267	1
441	273	1
441	274	1
441	276	1
441	278	1
441	279	1
441	280	1
441	281	1
441	282	1
441	283	1
441	284	1
441	285	1
441	286	1
441	288	1
441	289	1
441	292	1
441	293	1
441	296	1
441	298	1
441	299	1
441	302	1
441	303	1
441	304	1
441	306	1
441	307	1
441	308	1
441	309	1
442	34	1
442	45	1
442	56	1
442	105	1
442	162	1
442	167	1
442	171	1
442	175	1
442	177	1
442	186	1
442	188	1
442	195	1
442	196	1
442	204	1
442	206	1
442	208	1
442	214	1
442	216	1
442	218	1
442	219	1
442	221	1
442	224	1
442	226	1
442	231	1
442	233	1
442	236	1
442	237	1
442	238	1
442	240	1
442	242	1
442	243	1
442	244	1
442	247	1
442	248	1
442	249	1
442	251	1
442	252	1
442	258	1
442	259	1
442	260	1
442	262	1
442	263	1
442	266	1
442	267	1
442	271	1
442	273	1
442	274	1
442	275	1
442	276	1
442	277	1
442	279	1
442	280	1
442	281	1
442	282	1
442	283	1
442	285	1
442	287	1
442	289	1
442	294	1
442	295	1
442	297	1
442	298	1
442	299	1
442	300	1
442	301	1
442	302	1
442	304	1
442	305	1
442	306	1
442	308	1
442	309	1
442	310	1
442	311	1
443	23	1
443	80	1
443	116	1
443	117	1
443	121	1
443	141	1
443	148	1
443	172	1
443	174	1
443	175	1
443	177	1
443	184	1
443	185	1
443	194	1
443	196	1
443	199	1
443	200	1
443	204	1
443	212	1
443	214	1
443	218	1
443	219	1
443	221	1
443	224	1
443	227	1
443	229	1
443	230	1
443	234	1
443	236	1
443	237	1
443	241	1
443	246	1
443	248	1
443	249	1
443	250	1
443	251	1
443	256	1
443	258	1
443	260	1
443	263	1
443	264	1
443	267	1
443	270	1
443	271	1
443	272	1
443	273	1
443	274	1
443	275	1
443	276	1
443	277	1
443	278	1
443	281	1
443	283	1
443	285	1
443	286	1
443	287	1
443	288	1
443	289	1
443	290	1
443	291	1
443	292	1
443	294	1
443	295	1
443	297	1
443	300	1
443	301	1
443	302	1
443	303	1
443	304	1
443	305	1
443	306	1
443	308	1
443	309	1
443	311	1
444	86	1
444	87	1
444	137	1
444	149	1
444	151	1
444	158	1
444	166	1
444	169	1
444	172	1
444	175	1
444	185	1
444	190	1
444	191	1
444	192	1
444	196	1
444	198	1
444	205	1
444	206	1
444	210	1
444	214	1
444	215	1
444	220	1
444	224	1
444	228	1
444	234	1
444	238	1
444	239	1
444	241	1
444	244	1
444	245	1
444	247	1
444	248	1
444	252	1
444	254	1
444	255	1
444	256	1
444	258	1
444	259	1
444	260	1
444	267	1
444	269	1
444	270	1
444	271	1
444	272	1
444	273	1
444	275	1
444	276	1
444	278	1
444	279	1
444	281	1
444	282	1
444	283	1
444	285	1
444	286	1
444	287	1
444	288	1
444	289	1
444	290	1
444	292	1
444	293	1
444	295	1
444	297	1
444	298	1
444	299	1
444	301	1
444	302	1
444	303	1
444	304	1
444	306	1
444	307	1
444	309	1
444	310	1
444	311	1
445	32	1
445	72	1
445	105	1
445	122	1
445	139	1
445	140	1
445	154	1
445	159	1
445	160	1
445	175	1
445	177	1
445	178	1
445	186	1
445	190	1
445	197	1
445	199	1
445	207	1
445	213	1
445	214	1
445	215	1
445	217	1
445	219	1
445	221	1
445	224	1
445	225	1
445	226	1
445	227	1
445	228	1
445	229	1
445	230	1
445	231	1
445	234	1
445	240	1
445	241	1
445	244	1
445	246	1
445	249	1
445	250	1
445	253	1
445	254	1
445	255	1
445	256	1
445	259	1
445	260	1
445	261	1
445	263	1
445	264	1
445	265	1
445	270	1
445	271	1
445	273	1
445	274	1
445	276	1
445	279	1
445	280	1
445	281	1
445	282	1
445	284	1
445	285	1
445	286	1
445	288	1
445	289	1
445	290	1
445	292	1
445	299	1
445	301	1
445	303	1
445	304	1
445	305	1
445	306	1
445	307	1
445	309	1
445	310	1
445	311	1
446	79	1
446	87	1
446	104	1
446	143	1
446	147	1
446	148	1
446	153	1
446	158	1
446	160	1
446	161	1
446	167	1
446	177	1
446	194	1
446	198	1
446	199	1
446	202	1
446	212	1
446	217	1
446	221	1
446	222	1
446	225	1
446	226	1
446	228	1
446	230	1
446	233	1
446	235	1
446	236	1
446	240	1
446	241	1
446	243	1
446	244	1
446	245	1
446	248	1
446	252	1
446	253	1
446	256	1
446	259	1
446	260	1
446	261	1
446	263	1
446	265	1
446	266	1
446	267	1
446	268	1
446	270	1
446	274	1
446	275	1
446	277	1
446	278	1
446	281	1
446	282	1
446	283	1
446	284	1
446	287	1
446	288	1
446	289	1
446	292	1
446	293	1
446	294	1
446	295	1
446	297	1
446	299	1
446	300	1
446	301	1
446	302	1
446	303	1
446	304	1
446	305	1
446	307	1
446	308	1
446	309	1
446	310	1
446	311	1
447	36	1
447	54	1
447	74	1
447	91	1
447	95	1
447	124	1
447	140	1
447	155	1
447	164	1
447	177	1
447	181	1
447	185	1
447	190	1
447	193	1
447	194	1
447	198	1
447	203	1
447	205	1
447	209	1
447	214	1
447	219	1
447	220	1
447	224	1
447	225	1
447	228	1
447	231	1
447	239	1
447	240	1
447	241	1
447	245	1
447	249	1
447	250	1
447	252	1
447	253	1
447	254	1
447	255	1
447	256	1
447	257	1
447	259	1
447	260	1
447	261	1
447	263	1
447	266	1
447	267	1
447	269	1
447	271	1
447	274	1
447	275	1
447	276	1
447	278	1
447	279	1
447	280	1
447	281	1
447	282	1
447	284	1
447	285	1
447	287	1
447	289	1
447	292	1
447	293	1
447	295	1
447	296	1
447	297	1
447	299	1
447	301	1
447	303	1
447	304	1
447	305	1
447	306	1
447	308	1
447	309	1
447	310	1
447	311	1
448	58	1
448	66	1
448	97	1
448	110	1
448	137	1
448	145	1
448	166	1
448	176	1
448	182	1
448	183	1
448	197	1
448	205	1
448	207	1
448	210	1
448	213	1
448	214	1
448	215	1
448	216	1
448	217	1
448	223	1
448	224	1
448	225	1
448	230	1
448	236	1
448	237	1
448	242	1
448	244	1
448	245	1
448	247	1
448	251	1
448	252	1
448	255	1
448	256	1
448	257	1
448	258	1
448	260	1
448	262	1
448	263	1
448	264	1
448	265	1
448	266	1
448	268	1
448	270	1
448	271	1
448	272	1
448	275	1
448	276	1
448	277	1
448	278	1
448	280	1
448	281	1
448	282	1
448	283	1
448	284	1
448	285	1
448	287	1
448	289	1
448	290	1
448	291	1
448	292	1
448	293	1
448	295	1
448	298	1
448	299	1
448	300	1
448	301	1
448	302	1
448	303	1
448	304	1
448	305	1
448	306	1
448	307	1
448	311	1
449	8	1
449	65	1
449	94	1
449	116	1
449	147	1
449	155	1
449	156	1
449	177	1
449	178	1
449	183	1
449	186	1
449	187	1
449	190	1
449	194	1
449	196	1
449	197	1
449	207	1
449	208	1
449	209	1
449	211	1
449	213	1
449	216	1
449	220	1
449	225	1
449	229	1
449	231	1
449	235	1
449	236	1
449	237	1
449	238	1
449	239	1
449	240	1
449	241	1
449	242	1
449	249	1
449	254	1
449	255	1
449	256	1
449	257	1
449	258	1
449	260	1
449	263	1
449	264	1
449	265	1
449	268	1
449	269	1
449	271	1
449	274	1
449	275	1
449	278	1
449	281	1
449	283	1
449	284	1
449	286	1
449	287	1
449	288	1
449	289	1
449	290	1
449	291	1
449	293	1
449	296	1
449	297	1
449	298	1
449	299	1
449	300	1
449	302	1
449	303	1
449	304	1
449	305	1
449	306	1
449	308	1
449	310	1
449	311	1
450	84	1
450	119	1
450	132	1
450	134	1
450	142	1
450	146	1
450	148	1
450	152	1
450	164	1
450	166	1
450	173	1
450	178	1
450	183	1
450	187	1
450	191	1
450	192	1
450	195	1
450	196	1
450	198	1
450	201	1
450	202	1
450	203	1
450	206	1
450	211	1
450	212	1
450	216	1
450	222	1
450	223	1
450	224	1
450	226	1
450	228	1
450	229	1
450	230	1
450	235	1
450	238	1
450	240	1
450	241	1
450	242	1
450	244	1
450	246	1
450	248	1
450	253	1
450	257	1
450	259	1
450	262	1
450	263	1
450	265	1
450	266	1
450	267	1
450	268	1
450	269	1
450	270	1
450	273	1
450	274	1
450	277	1
450	278	1
450	280	1
450	282	1
450	283	1
450	284	1
450	285	1
450	287	1
450	291	1
450	296	1
450	298	1
450	299	1
450	300	1
450	303	1
450	304	1
450	305	1
450	308	1
450	309	1
450	310	1
450	311	1
451	48	1
451	72	1
451	74	1
451	149	1
451	165	1
451	168	1
451	173	1
451	176	1
451	180	1
451	190	1
451	194	1
451	201	1
451	205	1
451	206	1
451	207	1
451	208	1
451	215	1
451	216	1
451	218	1
451	220	1
451	221	1
451	223	1
451	228	1
451	229	1
451	235	1
451	237	1
451	239	1
451	240	1
451	241	1
451	242	1
451	248	1
451	249	1
451	250	1
451	255	1
451	258	1
451	261	1
451	262	1
451	264	1
451	266	1
451	267	1
451	270	1
451	271	1
451	275	1
451	277	1
451	278	1
451	279	1
451	280	1
451	281	1
451	282	1
451	283	1
451	285	1
451	286	1
451	287	1
451	288	1
451	290	1
451	291	1
451	292	1
451	294	1
451	295	1
451	297	1
451	298	1
451	299	1
451	300	1
451	301	1
451	302	1
451	303	1
451	304	1
451	305	1
451	306	1
451	307	1
451	308	1
451	309	1
451	310	1
451	311	1
452	25	1
452	59	1
452	128	1
452	129	1
452	133	1
452	144	1
452	180	1
452	183	1
452	189	1
452	198	1
452	204	1
452	208	1
452	210	1
452	211	1
452	212	1
452	216	1
452	225	1
452	227	1
452	229	1
452	231	1
452	233	1
452	234	1
452	236	1
452	239	1
452	242	1
452	243	1
452	244	1
452	246	1
452	247	1
452	253	1
452	256	1
452	257	1
452	258	1
452	260	1
452	261	1
452	263	1
452	265	1
452	266	1
452	267	1
452	268	1
452	269	1
452	270	1
452	271	1
452	274	1
452	276	1
452	277	1
452	278	1
452	279	1
452	280	1
452	281	1
452	282	1
452	284	1
452	285	1
452	286	1
452	288	1
452	289	1
452	290	1
452	291	1
452	292	1
452	293	1
452	294	1
452	296	1
452	297	1
452	298	1
452	299	1
452	301	1
452	304	1
452	305	1
452	306	1
452	307	1
452	308	1
452	309	1
452	310	1
452	311	1
453	30	1
453	55	1
453	100	1
453	112	1
453	123	1
453	131	1
453	134	1
453	157	1
453	158	1
453	165	1
453	169	1
453	180	1
453	183	1
453	185	1
453	197	1
453	201	1
453	202	1
453	205	1
453	209	1
453	213	1
453	215	1
453	216	1
453	218	1
453	220	1
453	222	1
453	223	1
453	227	1
453	236	1
453	237	1
453	243	1
453	247	1
453	248	1
453	250	1
453	251	1
453	252	1
453	256	1
453	260	1
453	262	1
453	263	1
453	266	1
453	268	1
453	270	1
453	271	1
453	272	1
453	273	1
453	274	1
453	275	1
453	276	1
453	277	1
453	279	1
453	281	1
453	282	1
453	283	1
453	284	1
453	285	1
453	286	1
453	287	1
453	290	1
453	291	1
453	292	1
453	293	1
453	296	1
453	297	1
453	299	1
453	300	1
453	302	1
453	304	1
453	305	1
453	306	1
453	307	1
453	308	1
453	310	1
453	311	1
454	75	1
454	89	1
454	93	1
454	114	1
454	147	1
454	156	1
454	159	1
454	167	1
454	174	1
454	183	1
454	185	1
454	195	1
454	200	1
454	202	1
454	215	1
454	217	1
454	221	1
454	222	1
454	227	1
454	228	1
454	229	1
454	230	1
454	231	1
454	232	1
454	237	1
454	238	1
454	239	1
454	240	1
454	241	1
454	243	1
454	244	1
454	246	1
454	250	1
454	252	1
454	255	1
454	257	1
454	259	1
454	260	1
454	261	1
454	262	1
454	263	1
454	265	1
454	266	1
454	267	1
454	269	1
454	271	1
454	272	1
454	275	1
454	276	1
454	277	1
454	279	1
454	282	1
454	283	1
454	284	1
454	285	1
454	286	1
454	287	1
454	288	1
454	289	1
454	290	1
454	291	1
454	292	1
454	293	1
454	294	1
454	295	1
454	299	1
454	300	1
454	302	1
454	305	1
454	306	1
454	307	1
454	308	1
454	311	1
455	129	1
455	130	1
455	142	1
455	148	1
455	160	1
455	170	1
455	176	1
455	179	1
455	186	1
455	188	1
455	194	1
455	202	1
455	204	1
455	208	1
455	209	1
455	215	1
455	218	1
455	219	1
455	222	1
455	223	1
455	224	1
455	229	1
455	234	1
455	237	1
455	243	1
455	244	1
455	245	1
455	247	1
455	252	1
455	256	1
455	258	1
455	259	1
455	260	1
455	261	1
455	262	1
455	263	1
455	264	1
455	265	1
455	266	1
455	268	1
455	269	1
455	272	1
455	273	1
455	274	1
455	275	1
455	276	1
455	277	1
455	278	1
455	279	1
455	280	1
455	281	1
455	282	1
455	283	1
455	284	1
455	286	1
455	287	1
455	289	1
455	291	1
455	293	1
455	294	1
455	296	1
455	298	1
455	299	1
455	301	1
455	302	1
455	303	1
455	304	1
455	305	1
455	306	1
455	307	1
455	308	1
455	310	1
455	311	1
456	56	1
456	62	1
456	74	1
456	78	1
456	100	1
456	108	1
456	118	1
456	124	1
456	125	1
456	132	1
456	136	1
456	148	1
456	158	1
456	159	1
456	162	1
456	169	1
456	173	1
456	176	1
456	185	1
456	189	1
456	200	1
456	201	1
456	204	1
456	210	1
456	211	1
456	212	1
456	214	1
456	219	1
456	221	1
456	222	1
456	226	1
456	227	1
456	229	1
456	240	1
456	243	1
456	245	1
456	246	1
456	247	1
456	249	1
456	253	1
456	255	1
456	256	1
456	261	1
456	263	1
456	267	1
456	268	1
456	269	1
456	272	1
456	274	1
456	275	1
456	278	1
456	279	1
456	281	1
456	282	1
456	284	1
456	285	1
456	287	1
456	288	1
456	289	1
456	290	1
456	293	1
456	294	1
456	296	1
456	297	1
456	298	1
456	299	1
456	300	1
456	302	1
456	303	1
456	304	1
456	305	1
456	307	1
456	309	1
456	310	1
457	100	1
457	109	1
457	116	1
457	133	1
457	145	1
457	163	1
457	178	1
457	181	1
457	197	1
457	209	1
457	211	1
457	216	1
457	218	1
457	221	1
457	223	1
457	224	1
457	225	1
457	226	1
457	228	1
457	229	1
457	230	1
457	231	1
457	232	1
457	233	1
457	238	1
457	239	1
457	241	1
457	242	1
457	244	1
457	245	1
457	246	1
457	250	1
457	251	1
457	252	1
457	255	1
457	258	1
457	259	1
457	262	1
457	266	1
457	267	1
457	268	1
457	269	1
457	271	1
457	272	1
457	273	1
457	274	1
457	276	1
457	278	1
457	280	1
457	281	1
457	282	1
457	283	1
457	284	1
457	285	1
457	287	1
457	289	1
457	290	1
457	291	1
457	292	1
457	294	1
457	295	1
457	296	1
457	297	1
457	299	1
457	300	1
457	302	1
457	303	1
457	304	1
457	305	1
457	306	1
457	307	1
457	308	1
457	310	1
458	19	1
458	67	1
458	85	1
458	142	1
458	151	1
458	167	1
458	169	1
458	179	1
458	180	1
458	181	1
458	192	1
458	198	1
458	203	1
458	210	1
458	212	1
458	214	1
458	215	1
458	217	1
458	221	1
458	222	1
458	226	1
458	228	1
458	231	1
458	235	1
458	237	1
458	241	1
458	244	1
458	245	1
458	246	1
458	250	1
458	251	1
458	252	1
458	254	1
458	257	1
458	258	1
458	259	1
458	262	1
458	263	1
458	264	1
458	267	1
458	268	1
458	270	1
458	271	1
458	272	1
458	274	1
458	275	1
458	276	1
458	277	1
458	278	1
458	279	1
458	281	1
458	282	1
458	284	1
458	285	1
458	287	1
458	288	1
458	289	1
458	290	1
458	291	1
458	292	1
458	294	1
458	295	1
458	297	1
458	298	1
458	299	1
458	301	1
458	302	1
458	303	1
458	305	1
458	307	1
458	308	1
458	309	1
458	311	1
459	136	1
459	137	1
459	139	1
459	140	1
459	142	1
459	156	1
459	157	1
459	164	1
459	171	1
459	175	1
459	179	1
459	183	1
459	188	1
459	191	1
459	195	1
459	197	1
459	199	1
459	202	1
459	209	1
459	211	1
459	218	1
459	220	1
459	221	1
459	223	1
459	227	1
459	234	1
459	235	1
459	238	1
459	239	1
459	240	1
459	242	1
459	244	1
459	247	1
459	249	1
459	252	1
459	254	1
459	256	1
459	257	1
459	258	1
459	259	1
459	262	1
459	263	1
459	264	1
459	265	1
459	266	1
459	270	1
459	275	1
459	278	1
459	279	1
459	280	1
459	281	1
459	282	1
459	283	1
459	285	1
459	286	1
459	287	1
459	288	1
459	289	1
459	290	1
459	292	1
459	294	1
459	295	1
459	296	1
459	297	1
459	298	1
459	301	1
459	302	1
459	304	1
459	305	1
459	306	1
459	307	1
459	308	1
459	311	1
460	76	1
460	114	1
460	127	1
460	147	1
460	148	1
460	161	1
460	166	1
460	168	1
460	179	1
460	191	1
460	193	1
460	196	1
460	205	1
460	206	1
460	212	1
460	220	1
460	221	1
460	224	1
460	225	1
460	228	1
460	229	1
460	231	1
460	232	1
460	234	1
460	237	1
460	238	1
460	240	1
460	241	1
460	245	1
460	248	1
460	252	1
460	256	1
460	258	1
460	259	1
460	260	1
460	262	1
460	264	1
460	265	1
460	266	1
460	268	1
460	270	1
460	272	1
460	273	1
460	274	1
460	276	1
460	277	1
460	278	1
460	279	1
460	281	1
460	282	1
460	283	1
460	284	1
460	285	1
460	286	1
460	287	1
460	288	1
460	289	1
460	290	1
460	291	1
460	293	1
460	294	1
460	296	1
460	297	1
460	299	1
460	300	1
460	301	1
460	303	1
460	305	1
460	306	1
460	307	1
460	308	1
460	309	1
460	310	1
460	311	1
461	18	1
461	109	1
461	110	1
461	154	1
461	161	1
461	172	1
461	173	1
461	178	1
461	179	1
461	180	1
461	186	1
461	187	1
461	190	1
461	194	1
461	195	1
461	199	1
461	206	1
461	207	1
461	208	1
461	213	1
461	216	1
461	218	1
461	221	1
461	222	1
461	224	1
461	227	1
461	230	1
461	232	1
461	233	1
461	237	1
461	239	1
461	242	1
461	246	1
461	249	1
461	253	1
461	254	1
461	256	1
461	260	1
461	261	1
461	262	1
461	263	1
461	264	1
461	265	1
461	266	1
461	268	1
461	269	1
461	273	1
461	277	1
461	278	1
461	280	1
461	281	1
461	282	1
461	284	1
461	285	1
461	286	1
461	287	1
461	290	1
461	291	1
461	292	1
461	294	1
461	295	1
461	296	1
461	297	1
461	298	1
461	299	1
461	301	1
461	302	1
461	303	1
461	304	1
461	306	1
461	307	1
461	309	1
461	310	1
461	311	1
462	52	1
462	106	1
462	116	1
462	145	1
462	150	1
462	151	1
462	153	1
462	164	1
462	170	1
462	171	1
462	173	1
462	174	1
462	179	1
462	191	1
462	197	1
462	201	1
462	202	1
462	207	1
462	211	1
462	214	1
462	215	1
462	216	1
462	218	1
462	219	1
462	223	1
462	224	1
462	227	1
462	231	1
462	232	1
462	233	1
462	236	1
462	237	1
462	238	1
462	240	1
462	241	1
462	242	1
462	244	1
462	247	1
462	248	1
462	250	1
462	252	1
462	259	1
462	261	1
462	267	1
462	268	1
462	269	1
462	270	1
462	275	1
462	277	1
462	278	1
462	279	1
462	280	1
462	281	1
462	283	1
462	286	1
462	287	1
462	289	1
462	291	1
462	292	1
462	293	1
462	295	1
462	296	1
462	297	1
462	298	1
462	299	1
462	300	1
462	301	1
462	303	1
462	305	1
462	306	1
462	307	1
462	310	1
462	311	1
463	35	1
463	111	1
463	126	1
463	130	1
463	149	1
463	150	1
463	156	1
463	158	1
463	159	1
463	164	1
463	178	1
463	184	1
463	186	1
463	189	1
463	197	1
463	202	1
463	204	1
463	209	1
463	212	1
463	214	1
463	215	1
463	221	1
463	223	1
463	226	1
463	227	1
463	228	1
463	229	1
463	232	1
463	237	1
463	238	1
463	239	1
463	241	1
463	245	1
463	247	1
463	248	1
463	250	1
463	252	1
463	256	1
463	257	1
463	258	1
463	262	1
463	264	1
463	265	1
463	266	1
463	267	1
463	268	1
463	270	1
463	273	1
463	277	1
463	281	1
463	282	1
463	283	1
463	284	1
463	285	1
463	286	1
463	289	1
463	291	1
463	292	1
463	293	1
463	294	1
463	297	1
463	298	1
463	299	1
463	300	1
463	301	1
463	302	1
463	303	1
463	305	1
463	306	1
463	307	1
463	308	1
463	309	1
463	310	1
463	311	1
464	107	1
464	128	1
464	135	1
464	163	1
464	178	1
464	179	1
464	180	1
464	185	1
464	186	1
464	187	1
464	196	1
464	199	1
464	201	1
464	203	1
464	206	1
464	211	1
464	214	1
464	216	1
464	221	1
464	222	1
464	223	1
464	225	1
464	226	1
464	230	1
464	231	1
464	232	1
464	240	1
464	243	1
464	244	1
464	245	1
464	247	1
464	249	1
464	250	1
464	254	1
464	257	1
464	259	1
464	261	1
464	263	1
464	264	1
464	267	1
464	268	1
464	270	1
464	271	1
464	272	1
464	275	1
464	276	1
464	278	1
464	279	1
464	280	1
464	282	1
464	283	1
464	285	1
464	286	1
464	289	1
464	290	1
464	291	1
464	292	1
464	293	1
464	294	1
464	295	1
464	296	1
464	297	1
464	298	1
464	300	1
464	301	1
464	302	1
464	303	1
464	304	1
464	305	1
464	306	1
464	307	1
464	308	1
464	309	1
465	73	1
465	84	1
465	91	1
465	109	1
465	120	1
465	129	1
465	132	1
465	133	1
465	160	1
465	161	1
465	174	1
465	184	1
465	197	1
465	201	1
465	212	1
465	213	1
465	218	1
465	220	1
465	223	1
465	224	1
465	226	1
465	231	1
465	232	1
465	233	1
465	234	1
465	239	1
465	240	1
465	242	1
465	244	1
465	245	1
465	246	1
465	248	1
465	249	1
465	250	1
465	251	1
465	252	1
465	253	1
465	254	1
465	256	1
465	257	1
465	259	1
465	260	1
465	261	1
465	263	1
465	264	1
465	265	1
465	267	1
465	269	1
465	271	1
465	272	1
465	274	1
465	276	1
465	281	1
465	282	1
465	283	1
465	285	1
465	290	1
465	291	1
465	293	1
465	294	1
465	295	1
465	297	1
465	298	1
465	300	1
465	301	1
465	302	1
465	303	1
465	304	1
465	305	1
465	308	1
465	309	1
465	310	1
465	311	1
466	118	1
466	123	1
466	155	1
466	162	1
466	166	1
466	174	1
466	176	1
466	183	1
466	186	1
466	189	1
466	197	1
466	201	1
466	202	1
466	205	1
466	209	1
466	212	1
466	217	1
466	221	1
466	225	1
466	228	1
466	232	1
466	234	1
466	236	1
466	238	1
466	240	1
466	243	1
466	244	1
466	248	1
466	250	1
466	251	1
466	252	1
466	253	1
466	254	1
466	256	1
466	257	1
466	258	1
466	260	1
466	261	1
466	262	1
466	264	1
466	267	1
466	270	1
466	271	1
466	272	1
466	274	1
466	275	1
466	276	1
466	277	1
466	278	1
466	280	1
466	281	1
466	282	1
466	284	1
466	285	1
466	286	1
466	290	1
466	291	1
466	293	1
466	294	1
466	295	1
466	296	1
466	298	1
466	299	1
466	300	1
466	301	1
466	302	1
466	303	1
466	305	1
466	306	1
466	307	1
466	308	1
466	309	1
466	310	1
467	121	1
467	137	1
467	138	1
467	150	1
467	152	1
467	161	1
467	166	1
467	171	1
467	177	1
467	182	1
467	197	1
467	199	1
467	205	1
467	209	1
467	215	1
467	216	1
467	217	1
467	227	1
467	228	1
467	231	1
467	232	1
467	233	1
467	236	1
467	237	1
467	238	1
467	239	1
467	241	1
467	242	1
467	243	1
467	244	1
467	248	1
467	249	1
467	250	1
467	252	1
467	253	1
467	256	1
467	257	1
467	258	1
467	259	1
467	260	1
467	261	1
467	262	1
467	263	1
467	264	1
467	265	1
467	267	1
467	268	1
467	270	1
467	272	1
467	274	1
467	275	1
467	278	1
467	280	1
467	281	1
467	283	1
467	285	1
467	286	1
467	287	1
467	288	1
467	289	1
467	295	1
467	296	1
467	297	1
467	298	1
467	299	1
467	300	1
467	302	1
467	303	1
467	306	1
467	307	1
467	309	1
467	310	1
467	311	1
468	49	1
468	63	1
468	71	1
468	151	1
468	155	1
468	162	1
468	167	1
468	177	1
468	181	1
468	182	1
468	183	1
468	188	1
468	191	1
468	192	1
468	196	1
468	202	1
468	204	1
468	205	1
468	209	1
468	211	1
468	216	1
468	223	1
468	225	1
468	229	1
468	230	1
468	237	1
468	238	1
468	240	1
468	241	1
468	242	1
468	243	1
468	244	1
468	245	1
468	247	1
468	248	1
468	249	1
468	250	1
468	251	1
468	253	1
468	254	1
468	255	1
468	256	1
468	257	1
468	260	1
468	262	1
468	263	1
468	265	1
468	266	1
468	269	1
468	270	1
468	271	1
468	274	1
468	276	1
468	281	1
468	283	1
468	285	1
468	286	1
468	288	1
468	289	1
468	290	1
468	292	1
468	293	1
468	295	1
468	298	1
468	301	1
468	303	1
468	304	1
468	305	1
468	306	1
468	307	1
468	308	1
468	310	1
468	311	1
469	106	1
469	109	1
469	138	1
469	161	1
469	165	1
469	166	1
469	168	1
469	170	1
469	172	1
469	177	1
469	187	1
469	192	1
469	194	1
469	197	1
469	202	1
469	207	1
469	210	1
469	217	1
469	219	1
469	220	1
469	229	1
469	232	1
469	233	1
469	234	1
469	235	1
469	237	1
469	238	1
469	241	1
469	242	1
469	244	1
469	245	1
469	246	1
469	248	1
469	249	1
469	250	1
469	251	1
469	255	1
469	257	1
469	258	1
469	259	1
469	260	1
469	262	1
469	263	1
469	268	1
469	269	1
469	271	1
469	272	1
469	273	1
469	274	1
469	275	1
469	276	1
469	277	1
469	279	1
469	282	1
469	284	1
469	287	1
469	289	1
469	290	1
469	291	1
469	292	1
469	294	1
469	295	1
469	297	1
469	298	1
469	300	1
469	301	1
469	302	1
469	305	1
469	306	1
469	307	1
469	308	1
469	310	1
469	311	1
470	50	1
470	67	1
470	71	1
470	100	1
470	127	1
470	144	1
470	153	1
470	172	1
470	174	1
470	179	1
470	180	1
470	191	1
470	192	1
470	195	1
470	196	1
470	202	1
470	204	1
470	210	1
470	212	1
470	213	1
470	215	1
470	217	1
470	222	1
470	228	1
470	230	1
470	236	1
470	239	1
470	240	1
470	248	1
470	251	1
470	254	1
470	256	1
470	258	1
470	259	1
470	260	1
470	261	1
470	263	1
470	264	1
470	265	1
470	268	1
470	270	1
470	271	1
470	273	1
470	275	1
470	276	1
470	277	1
470	278	1
470	279	1
470	280	1
470	281	1
470	282	1
470	284	1
470	285	1
470	286	1
470	287	1
470	289	1
470	290	1
470	291	1
470	292	1
470	293	1
470	294	1
470	295	1
470	296	1
470	297	1
470	298	1
470	299	1
470	300	1
470	301	1
470	302	1
470	305	1
470	306	1
470	309	1
470	310	1
471	94	1
471	112	1
471	132	1
471	140	1
471	159	1
471	165	1
471	172	1
471	180	1
471	183	1
471	187	1
471	188	1
471	192	1
471	194	1
471	195	1
471	204	1
471	206	1
471	210	1
471	215	1
471	221	1
471	223	1
471	225	1
471	230	1
471	231	1
471	232	1
471	234	1
471	246	1
471	247	1
471	248	1
471	249	1
471	251	1
471	252	1
471	253	1
471	254	1
471	255	1
471	256	1
471	257	1
471	259	1
471	263	1
471	264	1
471	265	1
471	266	1
471	267	1
471	268	1
471	269	1
471	270	1
471	271	1
471	273	1
471	274	1
471	275	1
471	277	1
471	278	1
471	279	1
471	280	1
471	282	1
471	285	1
471	287	1
471	289	1
471	290	1
471	292	1
471	294	1
471	295	1
471	298	1
471	300	1
471	301	1
471	302	1
471	303	1
471	304	1
471	305	1
471	306	1
471	307	1
471	308	1
471	310	1
471	311	1
472	15	1
472	74	1
472	82	1
472	100	1
472	101	1
472	158	1
472	162	1
472	163	1
472	164	1
472	178	1
472	179	1
472	188	1
472	193	1
472	195	1
472	206	1
472	207	1
472	209	1
472	210	1
472	217	1
472	218	1
472	221	1
472	222	1
472	227	1
472	229	1
472	237	1
472	240	1
472	241	1
472	242	1
472	243	1
472	247	1
472	249	1
472	251	1
472	253	1
472	254	1
472	255	1
472	257	1
472	259	1
472	260	1
472	262	1
472	263	1
472	265	1
472	267	1
472	268	1
472	270	1
472	271	1
472	273	1
472	275	1
472	276	1
472	277	1
472	280	1
472	281	1
472	282	1
472	283	1
472	284	1
472	285	1
472	287	1
472	289	1
472	290	1
472	291	1
472	293	1
472	294	1
472	295	1
472	297	1
472	298	1
472	301	1
472	302	1
472	303	1
472	304	1
472	305	1
472	306	1
472	307	1
472	308	1
472	309	1
472	310	1
473	30	1
473	144	1
473	148	1
473	156	1
473	170	1
473	174	1
473	178	1
473	185	1
473	188	1
473	197	1
473	201	1
473	203	1
473	204	1
473	207	1
473	210	1
473	213	1
473	214	1
473	219	1
473	220	1
473	222	1
473	225	1
473	226	1
473	227	1
473	228	1
473	229	1
473	233	1
473	235	1
473	239	1
473	243	1
473	244	1
473	246	1
473	247	1
473	251	1
473	253	1
473	256	1
473	258	1
473	259	1
473	262	1
473	263	1
473	266	1
473	267	1
473	269	1
473	270	1
473	271	1
473	272	1
473	275	1
473	276	1
473	278	1
473	279	1
473	280	1
473	281	1
473	282	1
473	283	1
473	285	1
473	287	1
473	288	1
473	289	1
473	290	1
473	292	1
473	294	1
473	295	1
473	297	1
473	298	1
473	299	1
473	300	1
473	301	1
473	302	1
473	303	1
473	306	1
473	308	1
473	309	1
473	310	1
473	311	1
474	4	1
474	48	1
474	103	1
474	113	1
474	145	1
474	156	1
474	159	1
474	175	1
474	177	1
474	181	1
474	183	1
474	188	1
474	189	1
474	198	1
474	199	1
474	202	1
474	204	1
474	208	1
474	209	1
474	210	1
474	213	1
474	216	1
474	217	1
474	220	1
474	224	1
474	227	1
474	234	1
474	237	1
474	238	1
474	239	1
474	242	1
474	247	1
474	252	1
474	253	1
474	254	1
474	255	1
474	256	1
474	258	1
474	259	1
474	260	1
474	261	1
474	262	1
474	265	1
474	266	1
474	267	1
474	269	1
474	271	1
474	273	1
474	274	1
474	276	1
474	277	1
474	278	1
474	281	1
474	283	1
474	285	1
474	287	1
474	291	1
474	293	1
474	294	1
474	295	1
474	297	1
474	298	1
474	299	1
474	301	1
474	302	1
474	304	1
474	305	1
474	306	1
474	307	1
474	308	1
474	309	1
474	310	1
474	311	1
475	77	1
475	88	1
475	107	1
475	109	1
475	139	1
475	140	1
475	156	1
475	161	1
475	185	1
475	186	1
475	195	1
475	198	1
475	206	1
475	208	1
475	209	1
475	210	1
475	214	1
475	216	1
475	221	1
475	224	1
475	225	1
475	228	1
475	233	1
475	234	1
475	235	1
475	237	1
475	240	1
475	241	1
475	243	1
475	246	1
475	247	1
475	249	1
475	250	1
475	256	1
475	260	1
475	261	1
475	262	1
475	267	1
475	268	1
475	269	1
475	270	1
475	271	1
475	274	1
475	275	1
475	276	1
475	278	1
475	279	1
475	283	1
475	284	1
475	285	1
475	286	1
475	287	1
475	288	1
475	289	1
475	290	1
475	291	1
475	292	1
475	293	1
475	294	1
475	295	1
475	296	1
475	297	1
475	298	1
475	299	1
475	300	1
475	301	1
475	302	1
475	303	1
475	304	1
475	305	1
475	308	1
475	309	1
475	310	1
475	311	1
476	45	1
476	73	1
476	111	1
476	123	1
476	143	1
476	153	1
476	164	1
476	169	1
476	174	1
476	178	1
476	179	1
476	182	1
476	194	1
476	197	1
476	199	1
476	205	1
476	211	1
476	212	1
476	216	1
476	219	1
476	221	1
476	223	1
476	225	1
476	226	1
476	232	1
476	234	1
476	235	1
476	238	1
476	239	1
476	240	1
476	244	1
476	246	1
476	249	1
476	252	1
476	253	1
476	256	1
476	258	1
476	259	1
476	260	1
476	261	1
476	263	1
476	264	1
476	268	1
476	270	1
476	271	1
476	273	1
476	274	1
476	275	1
476	276	1
476	278	1
476	281	1
476	282	1
476	283	1
476	284	1
476	285	1
476	287	1
476	288	1
476	289	1
476	290	1
476	291	1
476	292	1
476	293	1
476	296	1
476	297	1
476	299	1
476	300	1
476	302	1
476	305	1
476	306	1
476	307	1
476	308	1
476	310	1
476	311	1
477	2	1
477	63	1
477	119	1
477	143	1
477	144	1
477	156	1
477	158	1
477	160	1
477	166	1
477	171	1
477	180	1
477	182	1
477	185	1
477	187	1
477	189	1
477	191	1
477	192	1
477	195	1
477	197	1
477	199	1
477	202	1
477	203	1
477	206	1
477	208	1
477	215	1
477	217	1
477	220	1
477	221	1
477	222	1
477	223	1
477	230	1
477	231	1
477	232	1
477	237	1
477	238	1
477	242	1
477	244	1
477	247	1
477	250	1
477	252	1
477	254	1
477	256	1
477	257	1
477	258	1
477	259	1
477	260	1
477	261	1
477	267	1
477	269	1
477	271	1
477	275	1
477	276	1
477	277	1
477	281	1
477	282	1
477	283	1
477	285	1
477	286	1
477	287	1
477	288	1
477	290	1
477	291	1
477	294	1
477	298	1
477	300	1
477	301	1
477	302	1
477	304	1
477	305	1
477	306	1
477	307	1
477	309	1
477	310	1
477	311	1
478	60	1
478	61	1
478	91	1
478	117	1
478	145	1
478	149	1
478	158	1
478	159	1
478	169	1
478	174	1
478	185	1
478	188	1
478	195	1
478	203	1
478	205	1
478	206	1
478	209	1
478	212	1
478	216	1
478	218	1
478	224	1
478	225	1
478	227	1
478	231	1
478	232	1
478	233	1
478	237	1
478	239	1
478	240	1
478	241	1
478	242	1
478	243	1
478	245	1
478	246	1
478	248	1
478	250	1
478	254	1
478	256	1
478	259	1
478	261	1
478	262	1
478	264	1
478	266	1
478	267	1
478	268	1
478	269	1
478	270	1
478	274	1
478	275	1
478	276	1
478	277	1
478	278	1
478	280	1
478	281	1
478	284	1
478	285	1
478	286	1
478	288	1
478	289	1
478	290	1
478	292	1
478	293	1
478	294	1
478	295	1
478	298	1
478	299	1
478	301	1
478	302	1
478	304	1
478	305	1
478	306	1
478	308	1
478	309	1
478	311	1
479	33	1
479	70	1
479	90	1
479	92	1
479	101	1
479	129	1
479	156	1
479	161	1
479	167	1
479	170	1
479	184	1
479	186	1
479	188	1
479	189	1
479	193	1
479	198	1
479	203	1
479	209	1
479	211	1
479	224	1
479	227	1
479	229	1
479	240	1
479	241	1
479	244	1
479	246	1
479	247	1
479	248	1
479	249	1
479	250	1
479	251	1
479	253	1
479	254	1
479	255	1
479	261	1
479	262	1
479	263	1
479	265	1
479	266	1
479	267	1
479	269	1
479	270	1
479	271	1
479	273	1
479	274	1
479	276	1
479	277	1
479	280	1
479	281	1
479	282	1
479	283	1
479	284	1
479	285	1
479	286	1
479	287	1
479	288	1
479	289	1
479	290	1
479	291	1
479	293	1
479	294	1
479	295	1
479	296	1
479	297	1
479	298	1
479	299	1
479	300	1
479	301	1
479	302	1
479	303	1
479	308	1
479	309	1
479	311	1
480	59	1
480	128	1
480	137	1
480	140	1
480	146	1
480	158	1
480	160	1
480	163	1
480	174	1
480	178	1
480	185	1
480	186	1
480	187	1
480	189	1
480	196	1
480	203	1
480	204	1
480	211	1
480	218	1
480	219	1
480	221	1
480	223	1
480	227	1
480	230	1
480	231	1
480	234	1
480	235	1
480	237	1
480	239	1
480	242	1
480	245	1
480	246	1
480	247	1
480	248	1
480	249	1
480	250	1
480	253	1
480	254	1
480	257	1
480	261	1
480	263	1
480	266	1
480	267	1
480	270	1
480	271	1
480	273	1
480	274	1
480	275	1
480	277	1
480	278	1
480	279	1
480	280	1
480	281	1
480	282	1
480	284	1
480	287	1
480	288	1
480	289	1
480	291	1
480	292	1
480	293	1
480	295	1
480	296	1
480	298	1
480	299	1
480	301	1
480	303	1
480	305	1
480	307	1
480	308	1
480	309	1
480	310	1
480	311	1
481	90	1
481	105	1
481	131	1
481	134	1
481	153	1
481	161	1
481	168	1
481	177	1
481	184	1
481	185	1
481	186	1
481	191	1
481	192	1
481	199	1
481	202	1
481	204	1
481	205	1
481	207	1
481	208	1
481	209	1
481	211	1
481	213	1
481	216	1
481	217	1
481	220	1
481	224	1
481	225	1
481	226	1
481	229	1
481	232	1
481	235	1
481	239	1
481	244	1
481	248	1
481	249	1
481	251	1
481	255	1
481	256	1
481	257	1
481	258	1
481	260	1
481	263	1
481	264	1
481	267	1
481	268	1
481	269	1
481	270	1
481	271	1
481	274	1
481	276	1
481	278	1
481	279	1
481	282	1
481	283	1
481	285	1
481	286	1
481	287	1
481	288	1
481	290	1
481	291	1
481	292	1
481	293	1
481	295	1
481	296	1
481	297	1
481	298	1
481	299	1
481	300	1
481	301	1
481	304	1
481	306	1
481	307	1
481	309	1
481	311	1
482	10	1
482	152	1
482	159	1
482	163	1
482	168	1
482	178	1
482	185	1
482	196	1
482	197	1
482	200	1
482	201	1
482	206	1
482	211	1
482	215	1
482	216	1
482	220	1
482	221	1
482	222	1
482	224	1
482	228	1
482	230	1
482	232	1
482	233	1
482	235	1
482	238	1
482	242	1
482	243	1
482	244	1
482	246	1
482	247	1
482	248	1
482	250	1
482	252	1
482	253	1
482	255	1
482	257	1
482	258	1
482	262	1
482	263	1
482	264	1
482	265	1
482	266	1
482	267	1
482	268	1
482	269	1
482	270	1
482	272	1
482	274	1
482	275	1
482	276	1
482	279	1
482	280	1
482	282	1
482	284	1
482	286	1
482	287	1
482	288	1
482	291	1
482	293	1
482	294	1
482	295	1
482	296	1
482	297	1
482	298	1
482	300	1
482	302	1
482	303	1
482	305	1
482	306	1
482	307	1
482	308	1
482	309	1
482	311	1
483	29	1
483	43	1
483	150	1
483	156	1
483	164	1
483	170	1
483	171	1
483	175	1
483	183	1
483	184	1
483	206	1
483	211	1
483	212	1
483	214	1
483	215	1
483	218	1
483	219	1
483	220	1
483	222	1
483	225	1
483	226	1
483	227	1
483	233	1
483	234	1
483	237	1
483	239	1
483	242	1
483	244	1
483	248	1
483	249	1
483	250	1
483	251	1
483	254	1
483	255	1
483	256	1
483	258	1
483	259	1
483	262	1
483	264	1
483	265	1
483	266	1
483	267	1
483	268	1
483	269	1
483	270	1
483	271	1
483	272	1
483	273	1
483	274	1
483	277	1
483	278	1
483	280	1
483	283	1
483	284	1
483	285	1
483	286	1
483	288	1
483	290	1
483	291	1
483	293	1
483	295	1
483	296	1
483	297	1
483	298	1
483	299	1
483	300	1
483	301	1
483	302	1
483	303	1
483	304	1
483	305	1
483	307	1
483	308	1
483	310	1
484	47	1
484	50	1
484	65	1
484	84	1
484	85	1
484	98	1
484	114	1
484	122	1
484	151	1
484	156	1
484	158	1
484	170	1
484	182	1
484	187	1
484	190	1
484	200	1
484	206	1
484	207	1
484	211	1
484	215	1
484	216	1
484	218	1
484	221	1
484	225	1
484	227	1
484	229	1
484	231	1
484	232	1
484	234	1
484	236	1
484	237	1
484	246	1
484	249	1
484	251	1
484	253	1
484	254	1
484	255	1
484	256	1
484	258	1
484	259	1
484	260	1
484	261	1
484	266	1
484	267	1
484	268	1
484	269	1
484	271	1
484	275	1
484	277	1
484	278	1
484	279	1
484	283	1
484	284	1
484	286	1
484	292	1
484	293	1
484	294	1
484	295	1
484	296	1
484	297	1
484	298	1
484	299	1
484	301	1
484	302	1
484	303	1
484	304	1
484	305	1
484	306	1
484	307	1
484	308	1
484	309	1
484	310	1
484	311	1
485	79	1
485	117	1
485	125	1
485	149	1
485	158	1
485	167	1
485	169	1
485	171	1
485	184	1
485	185	1
485	189	1
485	190	1
485	192	1
485	205	1
485	206	1
485	207	1
485	211	1
485	214	1
485	215	1
485	218	1
485	219	1
485	220	1
485	222	1
485	227	1
485	229	1
485	233	1
485	236	1
485	240	1
485	246	1
485	247	1
485	252	1
485	255	1
485	257	1
485	258	1
485	260	1
485	262	1
485	265	1
485	266	1
485	267	1
485	270	1
485	271	1
485	272	1
485	273	1
485	274	1
485	275	1
485	276	1
485	277	1
485	278	1
485	279	1
485	280	1
485	281	1
485	282	1
485	283	1
485	284	1
485	286	1
485	287	1
485	289	1
485	290	1
485	292	1
485	293	1
485	294	1
485	296	1
485	297	1
485	299	1
485	300	1
485	301	1
485	302	1
485	303	1
485	304	1
485	305	1
485	308	1
485	309	1
485	310	1
485	311	1
486	96	1
486	99	1
486	135	1
486	144	1
486	147	1
486	157	1
486	161	1
486	163	1
486	166	1
486	167	1
486	181	1
486	185	1
486	189	1
486	193	1
486	195	1
486	197	1
486	210	1
486	211	1
486	212	1
486	214	1
486	222	1
486	224	1
486	226	1
486	228	1
486	231	1
486	233	1
486	236	1
486	237	1
486	242	1
486	243	1
486	244	1
486	245	1
486	247	1
486	248	1
486	250	1
486	255	1
486	256	1
486	257	1
486	258	1
486	259	1
486	260	1
486	261	1
486	263	1
486	267	1
486	268	1
486	269	1
486	270	1
486	271	1
486	275	1
486	277	1
486	278	1
486	280	1
486	284	1
486	285	1
486	286	1
486	289	1
486	292	1
486	293	1
486	294	1
486	296	1
486	297	1
486	298	1
486	299	1
486	301	1
486	302	1
486	304	1
486	305	1
486	306	1
486	307	1
486	308	1
486	309	1
486	310	1
486	311	1
487	52	1
487	110	1
487	139	1
487	145	1
487	150	1
487	155	1
487	158	1
487	171	1
487	176	1
487	180	1
487	186	1
487	192	1
487	194	1
487	196	1
487	199	1
487	204	1
487	206	1
487	208	1
487	209	1
487	210	1
487	211	1
487	212	1
487	213	1
487	215	1
487	221	1
487	222	1
487	223	1
487	227	1
487	229	1
487	233	1
487	234	1
487	235	1
487	236	1
487	237	1
487	240	1
487	241	1
487	251	1
487	253	1
487	254	1
487	255	1
487	259	1
487	260	1
487	266	1
487	269	1
487	272	1
487	273	1
487	276	1
487	278	1
487	279	1
487	280	1
487	281	1
487	282	1
487	284	1
487	286	1
487	287	1
487	288	1
487	289	1
487	291	1
487	292	1
487	293	1
487	295	1
487	297	1
487	300	1
487	301	1
487	302	1
487	303	1
487	304	1
487	305	1
487	306	1
487	307	1
487	308	1
487	309	1
487	310	1
487	311	1
488	97	1
488	107	1
488	131	1
488	168	1
488	170	1
488	171	1
488	172	1
488	174	1
488	178	1
488	179	1
488	185	1
488	187	1
488	198	1
488	199	1
488	200	1
488	206	1
488	207	1
488	212	1
488	214	1
488	215	1
488	216	1
488	224	1
488	225	1
488	228	1
488	229	1
488	230	1
488	235	1
488	236	1
488	238	1
488	239	1
488	240	1
488	242	1
488	247	1
488	248	1
488	249	1
488	253	1
488	255	1
488	257	1
488	260	1
488	261	1
488	262	1
488	263	1
488	264	1
488	265	1
488	266	1
488	267	1
488	268	1
488	270	1
488	274	1
488	277	1
488	278	1
488	279	1
488	280	1
488	283	1
488	284	1
488	285	1
488	286	1
488	288	1
488	289	1
488	290	1
488	295	1
488	297	1
488	298	1
488	299	1
488	300	1
488	301	1
488	303	1
488	304	1
488	305	1
488	306	1
488	308	1
488	309	1
488	310	1
488	311	1
489	82	1
489	102	1
489	141	1
489	142	1
489	145	1
489	152	1
489	159	1
489	163	1
489	173	1
489	176	1
489	179	1
489	180	1
489	189	1
489	192	1
489	194	1
489	200	1
489	203	1
489	207	1
489	213	1
489	214	1
489	215	1
489	218	1
489	221	1
489	226	1
489	232	1
489	233	1
489	234	1
489	235	1
489	237	1
489	242	1
489	246	1
489	247	1
489	248	1
489	249	1
489	251	1
489	252	1
489	253	1
489	255	1
489	262	1
489	264	1
489	265	1
489	266	1
489	269	1
489	273	1
489	274	1
489	275	1
489	277	1
489	278	1
489	281	1
489	282	1
489	283	1
489	284	1
489	285	1
489	286	1
489	288	1
489	289	1
489	291	1
489	293	1
489	294	1
489	295	1
489	296	1
489	298	1
489	299	1
489	301	1
489	303	1
489	304	1
489	305	1
489	306	1
489	307	1
489	308	1
489	309	1
489	310	1
489	311	1
490	17	1
490	155	1
490	160	1
490	162	1
490	166	1
490	174	1
490	181	1
490	185	1
490	190	1
490	195	1
490	196	1
490	197	1
490	199	1
490	200	1
490	201	1
490	203	1
490	206	1
490	207	1
490	208	1
490	212	1
490	213	1
490	215	1
490	216	1
490	217	1
490	219	1
490	224	1
490	225	1
490	226	1
490	227	1
490	228	1
490	230	1
490	231	1
490	234	1
490	241	1
490	242	1
490	243	1
490	245	1
490	246	1
490	248	1
490	249	1
490	254	1
490	255	1
490	260	1
490	261	1
490	263	1
490	265	1
490	267	1
490	268	1
490	269	1
490	274	1
490	277	1
490	278	1
490	279	1
490	281	1
490	282	1
490	284	1
490	285	1
490	286	1
490	289	1
490	291	1
490	292	1
490	294	1
490	295	1
490	296	1
490	301	1
490	302	1
490	303	1
490	304	1
490	305	1
490	306	1
490	308	1
490	310	1
490	311	1
491	50	1
491	63	1
491	81	1
491	111	1
491	137	1
491	138	1
491	149	1
491	157	1
491	159	1
491	175	1
491	179	1
491	186	1
491	190	1
491	191	1
491	192	1
491	194	1
491	195	1
491	201	1
491	203	1
491	206	1
491	210	1
491	215	1
491	219	1
491	222	1
491	226	1
491	229	1
491	235	1
491	236	1
491	237	1
491	239	1
491	241	1
491	242	1
491	244	1
491	245	1
491	246	1
491	247	1
491	250	1
491	252	1
491	253	1
491	254	1
491	256	1
491	257	1
491	258	1
491	261	1
491	262	1
491	263	1
491	265	1
491	266	1
491	267	1
491	269	1
491	271	1
491	272	1
491	274	1
491	276	1
491	279	1
491	280	1
491	281	1
491	284	1
491	286	1
491	287	1
491	288	1
491	290	1
491	293	1
491	294	1
491	297	1
491	298	1
491	299	1
491	300	1
491	301	1
491	304	1
491	306	1
491	308	1
491	309	1
492	116	1
492	124	1
492	126	1
492	136	1
492	158	1
492	160	1
492	162	1
492	166	1
492	171	1
492	173	1
492	191	1
492	196	1
492	201	1
492	203	1
492	212	1
492	214	1
492	215	1
492	219	1
492	222	1
492	223	1
492	224	1
492	226	1
492	227	1
492	228	1
492	239	1
492	241	1
492	243	1
492	245	1
492	246	1
492	247	1
492	248	1
492	249	1
492	250	1
492	253	1
492	254	1
492	258	1
492	259	1
492	260	1
492	262	1
492	263	1
492	264	1
492	265	1
492	266	1
492	268	1
492	269	1
492	271	1
492	273	1
492	276	1
492	278	1
492	279	1
492	280	1
492	281	1
492	283	1
492	284	1
492	286	1
492	288	1
492	289	1
492	290	1
492	291	1
492	293	1
492	294	1
492	296	1
492	297	1
492	298	1
492	299	1
492	300	1
492	302	1
492	303	1
492	304	1
492	306	1
492	308	1
492	309	1
492	310	1
493	78	1
493	103	1
493	124	1
493	145	1
493	149	1
493	155	1
493	167	1
493	171	1
493	175	1
493	182	1
493	184	1
493	187	1
493	190	1
493	191	1
493	192	1
493	193	1
493	204	1
493	206	1
493	212	1
493	213	1
493	219	1
493	220	1
493	222	1
493	224	1
493	225	1
493	226	1
493	227	1
493	228	1
493	231	1
493	233	1
493	235	1
493	237	1
493	239	1
493	240	1
493	242	1
493	244	1
493	254	1
493	255	1
493	257	1
493	261	1
493	262	1
493	264	1
493	265	1
493	266	1
493	269	1
493	270	1
493	272	1
493	277	1
493	279	1
493	280	1
493	281	1
493	282	1
493	284	1
493	286	1
493	287	1
493	288	1
493	289	1
493	291	1
493	295	1
493	296	1
493	297	1
493	298	1
493	299	1
493	300	1
493	301	1
493	302	1
493	303	1
493	304	1
493	305	1
493	307	1
493	308	1
493	309	1
493	311	1
494	8	1
494	21	1
494	54	1
494	126	1
494	144	1
494	173	1
494	175	1
494	180	1
494	184	1
494	197	1
494	199	1
494	202	1
494	208	1
494	216	1
494	218	1
494	222	1
494	224	1
494	227	1
494	230	1
494	232	1
494	233	1
494	235	1
494	236	1
494	239	1
494	241	1
494	243	1
494	244	1
494	245	1
494	246	1
494	248	1
494	249	1
494	250	1
494	252	1
494	253	1
494	254	1
494	255	1
494	256	1
494	257	1
494	261	1
494	263	1
494	265	1
494	266	1
494	267	1
494	268	1
494	269	1
494	270	1
494	271	1
494	272	1
494	277	1
494	278	1
494	279	1
494	281	1
494	282	1
494	283	1
494	284	1
494	286	1
494	288	1
494	289	1
494	291	1
494	292	1
494	293	1
494	294	1
494	295	1
494	296	1
494	300	1
494	301	1
494	303	1
494	304	1
494	305	1
494	307	1
494	308	1
494	309	1
494	310	1
495	4	1
495	149	1
495	155	1
495	171	1
495	177	1
495	181	1
495	186	1
495	187	1
495	189	1
495	190	1
495	193	1
495	195	1
495	197	1
495	198	1
495	208	1
495	211	1
495	212	1
495	214	1
495	216	1
495	217	1
495	219	1
495	223	1
495	224	1
495	226	1
495	228	1
495	231	1
495	233	1
495	235	1
495	239	1
495	240	1
495	241	1
495	242	1
495	244	1
495	245	1
495	246	1
495	247	1
495	251	1
495	255	1
495	263	1
495	266	1
495	267	1
495	269	1
495	270	1
495	272	1
495	277	1
495	278	1
495	279	1
495	280	1
495	281	1
495	282	1
495	283	1
495	284	1
495	286	1
495	287	1
495	288	1
495	290	1
495	291	1
495	292	1
495	295	1
495	296	1
495	298	1
495	299	1
495	300	1
495	301	1
495	302	1
495	303	1
495	304	1
495	305	1
495	306	1
495	307	1
495	309	1
495	310	1
495	311	1
496	55	1
496	104	1
496	162	1
496	164	1
496	172	1
496	175	1
496	177	1
496	180	1
496	183	1
496	185	1
496	188	1
496	200	1
496	202	1
496	204	1
496	210	1
496	212	1
496	213	1
496	214	1
496	218	1
496	223	1
496	227	1
496	234	1
496	235	1
496	236	1
496	237	1
496	240	1
496	242	1
496	247	1
496	248	1
496	249	1
496	250	1
496	251	1
496	252	1
496	254	1
496	255	1
496	258	1
496	259	1
496	263	1
496	264	1
496	265	1
496	268	1
496	269	1
496	271	1
496	274	1
496	275	1
496	276	1
496	277	1
496	278	1
496	280	1
496	281	1
496	282	1
496	283	1
496	284	1
496	285	1
496	287	1
496	288	1
496	289	1
496	290	1
496	292	1
496	293	1
496	294	1
496	296	1
496	297	1
496	298	1
496	299	1
496	300	1
496	302	1
496	303	1
496	305	1
496	306	1
496	308	1
496	309	1
496	310	1
496	311	1
497	31	1
497	46	1
497	51	1
497	94	1
497	117	1
497	163	1
497	171	1
497	172	1
497	178	1
497	179	1
497	186	1
497	189	1
497	191	1
497	193	1
497	194	1
497	198	1
497	207	1
497	208	1
497	209	1
497	212	1
497	215	1
497	225	1
497	227	1
497	237	1
497	239	1
497	245	1
497	246	1
497	249	1
497	251	1
497	253	1
497	255	1
497	257	1
497	258	1
497	260	1
497	261	1
497	263	1
497	266	1
497	268	1
497	269	1
497	271	1
497	272	1
497	273	1
497	275	1
497	276	1
497	278	1
497	279	1
497	281	1
497	282	1
497	283	1
497	284	1
497	285	1
497	287	1
497	288	1
497	289	1
497	290	1
497	291	1
497	292	1
497	294	1
497	295	1
497	296	1
497	297	1
497	298	1
497	299	1
497	300	1
497	301	1
497	302	1
497	304	1
497	306	1
497	307	1
497	308	1
497	309	1
497	310	1
497	311	1
498	0	1
498	44	1
498	85	1
498	101	1
498	151	1
498	167	1
498	176	1
498	177	1
498	182	1
498	183	1
498	186	1
498	193	1
498	196	1
498	197	1
498	211	1
498	212	1
498	213	1
498	214	1
498	220	1
498	228	1
498	230	1
498	232	1
498	234	1
498	235	1
498	236	1
498	237	1
498	240	1
498	242	1
498	243	1
498	244	1
498	245	1
498	247	1
498	249	1
498	250	1
498	251	1
498	253	1
498	258	1
498	259	1
498	260	1
498	261	1
498	264	1
498	265	1
498	267	1
498	269	1
498	270	1
498	272	1
498	275	1
498	277	1
498	279	1
498	280	1
498	281	1
498	283	1
498	284	1
498	286	1
498	287	1
498	289	1
498	290	1
498	292	1
498	294	1
498	295	1
498	296	1
498	297	1
498	298	1
498	299	1
498	300	1
498	303	1
498	305	1
498	306	1
498	307	1
498	308	1
498	309	1
498	310	1
498	311	1
499	39	1
499	86	1
499	110	1
499	122	1
499	166	1
499	172	1
499	203	1
499	204	1
499	205	1
499	207	1
499	208	1
499	209	1
499	210	1
499	214	1
499	217	1
499	219	1
499	222	1
499	224	1
499	225	1
499	230	1
499	235	1
499	236	1
499	237	1
499	239	1
499	240	1
499	243	1
499	244	1
499	246	1
499	248	1
499	251	1
499	253	1
499	255	1
499	256	1
499	257	1
499	259	1
499	260	1
499	262	1
499	263	1
499	264	1
499	267	1
499	268	1
499	270	1
499	271	1
499	272	1
499	274	1
499	275	1
499	276	1
499	278	1
499	279	1
499	280	1
499	283	1
499	285	1
499	288	1
499	289	1
499	290	1
499	291	1
499	292	1
499	293	1
499	294	1
499	295	1
499	296	1
499	297	1
499	299	1
499	300	1
499	301	1
499	302	1
499	303	1
499	304	1
499	305	1
499	306	1
499	307	1
499	308	1
499	309	1
499	311	1
