0	201	1
0	352	1
0	369	1
1	351	1
1	361	1
1	375	1
2	364	1
2	404	1
2	424	1
3	298	1
3	379	1
3	439	1
4	378	1
4	455	1
4	460	1
5	425	1
5	443	1
5	454	1
6	363	1
6	370	1
6	447	1
7	213	1
7	440	1
7	465	1
8	64	1
8	401	1
8	415	1
9	226	1
9	286	1
9	426	1
10	114	1
10	216	1
10	434	1
11	398	1
11	402	1
11	466	1
12	42	1
12	296	1
12	401	1
13	424	1
13	426	1
13	443	1
14	307	1
14	424	1
14	431	1
15	215	1
15	333	1
15	432	1
16	454	1
16	456	1
16	457	1
17	381	1
17	390	1
17	451	1
18	303	1
18	319	1
18	454	1
19	379	1
19	442	1
19	458	1
20	323	1
20	398	1
20	441	1
21	232	1
21	392	1
21	406	1
22	415	1
22	426	1
22	455	1
23	359	1
23	400	1
23	427	1
24	205	1
24	337	1
24	452	1
25	69	1
25	357	1
25	461	1
26	260	1
26	266	1
26	363	1
27	312	1
27	345	1
27	454	1
28	327	1
28	426	1
28	453	1
29	369	1
29	425	1
29	454	1
30	287	1
30	374	1
30	466	1
31	288	1
31	443	1
31	459	1
32	207	1
32	302	1
32	355	1
33	239	1
33	399	1
33	433	1
34	269	1
34	455	1
34	461	1
35	262	1
35	313	1
35	360	1
36	213	1
36	427	1
36	441	1
37	376	1
37	420	1
37	451	1
38	134	1
38	380	1
38	406	1
39	275	1
39	447	1
39	463	1
40	355	1
40	457	1
40	462	1
41	107	1
41	341	1
41	448	1
42	239	1
42	419	1
42	430	1
43	384	1
43	433	1
43	465	1
44	182	1
44	301	1
44	316	1
45	268	1
45	381	1
45	458	1
46	228	1
46	398	1
46	456	1
47	336	1
47	404	1
47	442	1
48	391	1
48	417	1
48	431	1
49	246	1
49	429	1
49	438	1
50	371	1
50	436	1
50	452	1
51	328	1
51	382	1
51	411	1
52	249	1
52	306	1
52	436	1
53	386	1
53	422	1
53	448	1
54	361	1
54	373	1
54	451	1
55	299	1
55	408	1
55	420	1
56	216	1
56	375	1
56	376	1
57	227	1
57	289	1
57	434	1
58	346	1
58	363	1
58	407	1
59	367	1
59	406	1
59	419	1
60	115	1
60	284	1
60	367	1
61	269	1
61	341	1
61	356	1
62	419	1
62	425	1
62	464	1
63	263	1
63	342	1
63	374	1
64	419	1
64	426	1
64	442	1
65	311	1
65	340	1
65	458	1
66	253	1
66	349	1
66	363	1
67	246	1
67	430	1
67	448	1
68	256	1
68	414	1
68	430	1
69	362	1
69	418	1
69	440	1
70	444	1
70	456	1
70	463	1
71	405	1
71	414	1
71	424	1
72	335	1
72	411	1
72	432	1
73	381	1
73	399	1
73	402	1
74	374	1
74	427	1
74	467	1
75	344	1
75	371	1
75	381	1
76	365	1
76	380	1
76	455	1
77	316	1
77	398	1
77	448	1
78	310	1
78	411	1
78	461	1
79	415	1
79	435	1
79	466	1
80	353	1
80	434	1
80	436	1
81	293	1
81	418	1
81	434	1
82	386	1
82	448	1
82	464	1
83	314	1
83	426	1
83	453	1
84	338	1
84	411	1
84	448	1
85	328	1
85	363	1
85	454	1
86	193	1
86	258	1
86	377	1
87	373	1
87	377	1
87	452	1
88	161	1
88	336	1
88	456	1
89	216	1
89	329	1
89	434	1
90	303	1
90	339	1
90	439	1
91	376	1
91	442	1
91	460	1
92	297	1
92	394	1
92	400	1
93	350	1
93	352	1
93	364	1
94	387	1
94	401	1
94	461	1
95	242	1
95	311	1
95	423	1
96	313	1
96	331	1
96	381	1
97	362	1
97	365	1
97	391	1
98	377	1
98	414	1
98	434	1
99	358	1
99	391	1
99	437	1
100	261	1
100	378	1
100	404	1
101	233	1
101	321	1
101	381	1
102	367	1
102	402	1
102	430	1
103	424	1
103	425	1
103	455	1
104	292	1
104	320	1
104	421	1
105	409	1
105	450	1
105	456	1
106	300	1
106	399	1
106	432	1
107	234	1
107	270	1
107	426	1
108	329	1
108	431	1
108	444	1
109	299	1
109	388	1
109	400	1
110	363	1
110	365	1
110	373	1
111	293	1
111	319	1
111	394	1
112	300	1
112	322	1
112	347	1
113	381	1
113	432	1
113	444	1
114	236	1
114	447	1
114	456	1
115	407	1
115	438	1
115	455	1
116	311	1
116	405	1
116	440	1
117	401	1
117	412	1
117	442	1
118	300	1
118	403	1
118	429	1
119	341	1
119	440	1
119	461	1
120	346	1
120	430	1
120	450	1
121	231	1
121	376	1
121	409	1
122	117	1
122	441	1
122	454	1
123	274	1
123	417	1
123	465	1
124	416	1
124	424	1
124	434	1
124	446	1
125	221	1
125	304	1
125	425	1
125	462	1
126	273	1
126	392	1
126	397	1
126	441	1
127	77	1
127	198	1
127	347	1
127	402	1
128	398	1
128	406	1
128	418	1
128	467	1
129	121	1
129	323	1
129	390	1
129	422	1
130	260	1
130	380	1
130	415	1
130	436	1
131	239	1
131	322	1
131	363	1
131	406	1
132	303	1
132	355	1
132	369	1
132	396	1
133	361	1
133	396	1
133	423	1
133	432	1
134	189	1
134	266	1
134	442	1
134	452	1
135	143	1
135	293	1
135	353	1
135	450	1
136	288	1
136	346	1
136	377	1
136	435	1
137	253	1
137	301	1
137	421	1
137	424	1
138	189	1
138	387	1
138	420	1
138	455	1
139	376	1
139	379	1
139	380	1
139	461	1
140	357	1
140	436	1
140	450	1
140	461	1
141	330	1
141	342	1
141	455	1
141	463	1
142	403	1
142	422	1
142	433	1
142	466	1
143	323	1
143	358	1
143	394	1
143	430	1
144	167	1
144	344	1
144	410	1
144	459	1
145	305	1
145	381	1
145	431	1
145	458	1
146	354	1
146	360	1
146	374	1
146	451	1
147	355	1
147	392	1
147	425	1
147	454	1
148	356	1
148	382	1
148	389	1
148	452	1
149	232	1
149	322	1
149	439	1
149	461	1
150	212	1
150	324	1
150	428	1
150	451	1
151	371	1
151	389	1
151	401	1
151	447	1
152	273	1
152	381	1
152	398	1
152	453	1
153	239	1
153	429	1
153	432	1
153	458	1
154	278	1
154	333	1
154	407	1
154	439	1
155	67	1
155	368	1
155	387	1
155	406	1
156	401	1
156	406	1
156	430	1
156	435	1
157	351	1
157	413	1
157	417	1
157	447	1
158	331	1
158	428	1
158	458	1
158	467	1
159	114	1
159	285	1
159	392	1
159	435	1
160	302	1
160	342	1
160	367	1
160	424	1
161	82	1
161	284	1
161	329	1
161	464	1
162	343	1
162	361	1
162	395	1
162	452	1
163	290	1
163	350	1
163	447	1
163	458	1
164	265	1
164	305	1
164	313	1
164	357	1
165	254	1
165	258	1
165	388	1
165	457	1
166	287	1
166	306	1
166	414	1
166	466	1
167	56	1
167	340	1
167	369	1
167	400	1
168	296	1
168	353	1
168	409	1
168	435	1
169	386	1
169	389	1
169	425	1
169	451	1
170	321	1
170	381	1
170	425	1
170	443	1
171	279	1
171	381	1
171	406	1
171	410	1
172	170	1
172	311	1
172	439	1
172	460	1
173	316	1
173	434	1
173	444	1
173	450	1
174	250	1
174	326	1
174	345	1
174	362	1
175	330	1
175	378	1
175	396	1
175	416	1
176	324	1
176	387	1
176	395	1
176	419	1
177	250	1
177	378	1
177	426	1
177	447	1
178	282	1
178	316	1
178	441	1
178	456	1
179	351	1
179	382	1
179	403	1
179	434	1
180	277	1
180	281	1
180	365	1
180	460	1
181	412	1
181	434	1
181	440	1
181	450	1
182	102	1
182	315	1
182	378	1
182	438	1
183	333	1
183	346	1
183	416	1
183	432	1
184	217	1
184	398	1
184	432	1
184	438	1
185	276	1
185	309	1
185	366	1
185	440	1
186	173	1
186	337	1
186	362	1
186	408	1
187	103	1
187	243	1
187	333	1
187	391	1
188	418	1
188	433	1
188	448	1
188	463	1
189	248	1
189	292	1
189	361	1
189	442	1
190	283	1
190	428	1
190	438	1
190	440	1
191	280	1
191	294	1
191	366	1
191	445	1
192	281	1
192	394	1
192	402	1
192	414	1
193	383	1
193	411	1
193	444	1
193	451	1
194	272	1
194	344	1
194	378	1
194	438	1
195	263	1
195	279	1
195	324	1
195	467	1
196	402	1
196	427	1
196	449	1
196	459	1
197	391	1
197	397	1
197	402	1
197	413	1
198	381	1
198	397	1
198	424	1
198	431	1
199	276	1
199	334	1
199	357	1
199	444	1
200	375	1
200	407	1
200	418	1
200	438	1
201	240	1
201	334	1
201	436	1
201	441	1
202	67	1
202	381	1
202	431	1
202	453	1
203	301	1
203	339	1
203	393	1
203	434	1
204	116	1
204	389	1
204	450	1
204	465	1
205	125	1
205	346	1
205	458	1
205	459	1
206	337	1
206	446	1
206	452	1
206	463	1
207	346	1
207	357	1
207	398	1
207	416	1
208	354	1
208	366	1
208	423	1
208	434	1
209	302	1
209	403	1
209	404	1
209	447	1
210	187	1
210	425	1
210	431	1
210	463	1
211	89	1
211	410	1
211	419	1
211	466	1
212	299	1
212	319	1
212	390	1
212	430	1
213	228	1
213	269	1
213	308	1
213	377	1
213	436	1
214	256	1
214	320	1
214	366	1
214	384	1
214	457	1
215	271	1
215	293	1
215	320	1
215	437	1
215	463	1
216	73	1
216	244	1
216	349	1
216	363	1
216	407	1
217	161	1
217	330	1
217	340	1
217	357	1
217	371	1
218	328	1
218	368	1
218	405	1
218	413	1
218	464	1
219	362	1
219	380	1
219	406	1
219	433	1
219	440	1
220	247	1
220	281	1
220	421	1
220	428	1
220	441	1
221	382	1
221	402	1
221	422	1
221	433	1
221	464	1
222	340	1
222	407	1
222	434	1
222	448	1
222	465	1
223	266	1
223	292	1
223	304	1
223	391	1
223	403	1
224	269	1
224	309	1
224	445	1
224	451	1
224	458	1
225	380	1
225	384	1
225	430	1
225	433	1
225	456	1
226	165	1
226	401	1
226	404	1
226	430	1
226	431	1
227	132	1
227	398	1
227	403	1
227	409	1
227	419	1
228	300	1
228	313	1
228	419	1
228	422	1
228	453	1
229	299	1
229	344	1
229	380	1
229	382	1
229	412	1
230	319	1
230	337	1
230	339	1
230	419	1
230	429	1
231	197	1
231	344	1
231	369	1
231	382	1
231	462	1
232	363	1
232	392	1
232	410	1
232	419	1
232	463	1
233	231	1
233	383	1
233	391	1
233	405	1
233	437	1
234	355	1
234	426	1
234	434	1
234	436	1
234	445	1
235	399	1
235	400	1
235	461	1
235	462	1
235	464	1
236	283	1
236	322	1
236	405	1
236	434	1
236	443	1
237	336	1
237	362	1
237	390	1
237	411	1
237	451	1
238	332	1
238	426	1
238	429	1
238	430	1
238	464	1
239	265	1
239	339	1
239	343	1
239	386	1
239	397	1
240	266	1
240	283	1
240	377	1
240	462	1
240	464	1
241	325	1
241	353	1
241	388	1
241	452	1
241	461	1
242	292	1
242	384	1
242	429	1
242	446	1
242	454	1
243	129	1
243	418	1
243	431	1
243	448	1
243	463	1
244	271	1
244	273	1
244	346	1
244	383	1
244	407	1
245	330	1
245	385	1
245	401	1
245	447	1
245	453	1
246	393	1
246	416	1
246	445	1
246	457	1
246	460	1
247	262	1
247	342	1
247	355	1
247	369	1
247	377	1
248	263	1
248	334	1
248	399	1
248	414	1
248	448	1
249	365	1
249	380	1
249	425	1
249	440	1
249	465	1
250	285	1
250	311	1
250	389	1
250	394	1
250	448	1
251	254	1
251	332	1
251	333	1
251	359	1
251	375	1
252	296	1
252	405	1
252	434	1
252	439	1
252	440	1
253	352	1
253	409	1
253	428	1
253	429	1
253	438	1
254	326	1
254	368	1
254	385	1
254	419	1
254	448	1
255	267	1
255	390	1
255	400	1
255	419	1
255	455	1
256	57	1
256	225	1
256	321	1
256	394	1
256	422	1
257	381	1
257	410	1
257	421	1
257	423	1
257	466	1
258	258	1
258	347	1
258	364	1
258	396	1
258	421	1
259	314	1
259	356	1
259	385	1
259	396	1
259	461	1
260	123	1
260	257	1
260	348	1
260	368	1
260	414	1
261	251	1
261	314	1
261	407	1
261	422	1
261	430	1
262	311	1
262	318	1
262	420	1
262	431	1
262	465	1
263	304	1
263	333	1
263	358	1
263	396	1
263	430	1
264	291	1
264	426	1
264	437	1
264	448	1
264	457	1
265	262	1
265	308	1
265	397	1
265	416	1
265	455	1
266	360	1
266	362	1
266	397	1
266	435	1
266	443	1
267	275	1
267	349	1
267	357	1
267	397	1
267	452	1
268	167	1
268	356	1
268	373	1
268	410	1
268	463	1
269	246	1
269	336	1
269	380	1
269	462	1
269	466	1
270	325	1
270	364	1
270	396	1
270	409	1
270	458	1
271	279	1
271	328	1
271	382	1
271	385	1
271	441	1
272	361	1
272	372	1
272	373	1
272	447	1
272	463	1
273	365	1
273	422	1
273	449	1
273	453	1
273	465	1
274	265	1
274	422	1
274	430	1
274	433	1
274	442	1
275	327	1
275	405	1
275	413	1
275	429	1
275	467	1
276	212	1
276	386	1
276	393	1
276	408	1
276	454	1
277	272	1
277	289	1
277	368	1
277	377	1
277	440	1
278	48	1
278	345	1
278	409	1
278	416	1
278	427	1
279	245	1
279	309	1
279	321	1
279	325	1
279	422	1
280	349	1
280	374	1
280	381	1
280	447	1
280	464	1
281	319	1
281	321	1
281	351	1
281	382	1
281	390	1
281	460	1
282	228	1
282	312	1
282	314	1
282	378	1
282	382	1
282	415	1
282	462	1
283	222	1
283	268	1
283	337	1
283	378	1
283	381	1
283	411	1
283	439	1
283	453	1
284	296	1
284	376	1
284	397	1
284	423	1
284	452	1
284	454	1
284	456	1
284	459	1
284	465	1
285	291	1
285	296	1
285	342	1
285	373	1
285	378	1
285	410	1
285	435	1
285	448	1
285	467	1
286	296	1
286	313	1
286	335	1
286	408	1
286	411	1
286	415	1
286	424	1
286	427	1
286	463	1
287	299	1
287	302	1
287	308	1
287	327	1
287	362	1
287	396	1
287	415	1
287	437	1
287	440	1
288	266	1
288	340	1
288	348	1
288	386	1
288	399	1
288	410	1
288	421	1
288	448	1
288	455	1
289	274	1
289	307	1
289	368	1
289	371	1
289	398	1
289	417	1
289	435	1
289	437	1
289	460	1
290	303	1
290	312	1
290	318	1
290	326	1
290	344	1
290	386	1
290	406	1
290	418	1
290	428	1
291	191	1
291	220	1
291	277	1
291	312	1
291	315	1
291	353	1
291	381	1
291	446	1
291	465	1
292	111	1
292	306	1
292	355	1
292	388	1
292	390	1
292	400	1
292	430	1
292	431	1
292	433	1
293	154	1
293	252	1
293	284	1
293	353	1
293	364	1
293	381	1
293	410	1
293	439	1
293	465	1
294	160	1
294	240	1
294	318	1
294	336	1
294	392	1
294	394	1
294	399	1
294	412	1
294	453	1
295	62	1
295	300	1
295	341	1
295	349	1
295	352	1
295	368	1
295	407	1
295	412	1
295	417	1
295	442	1
296	192	1
296	241	1
296	252	1
296	305	1
296	321	1
296	388	1
296	412	1
296	430	1
296	444	1
296	451	1
297	221	1
297	287	1
297	312	1
297	358	1
297	387	1
297	394	1
297	409	1
297	434	1
297	447	1
297	464	1
298	256	1
298	334	1
298	342	1
298	372	1
298	421	1
298	425	1
298	440	1
298	455	1
298	460	1
298	461	1
299	215	1
299	244	1
299	329	1
299	399	1
299	405	1
299	411	1
299	415	1
299	433	1
299	436	1
299	454	1
300	60	1
300	291	1
300	330	1
300	359	1
300	363	1
300	389	1
300	415	1
300	431	1
300	438	1
300	440	1
301	225	1
301	350	1
301	372	1
301	378	1
301	404	1
301	406	1
301	418	1
301	427	1
301	452	1
301	463	1
302	349	1
302	370	1
302	397	1
302	412	1
302	420	1
302	428	1
302	432	1
302	448	1
302	461	1
302	463	1
303	326	1
303	353	1
303	359	1
303	370	1
303	391	1
303	400	1
303	403	1
303	404	1
303	414	1
303	440	1
304	104	1
304	314	1
304	315	1
304	374	1
304	403	1
304	408	1
304	414	1
304	419	1
304	441	1
304	447	1
305	169	1
305	304	1
305	362	1
305	419	1
305	430	1
305	433	1
305	440	1
305	444	1
305	462	1
305	466	1
306	196	1
306	322	1
306	347	1
306	368	1
306	392	1
306	395	1
306	419	1
306	437	1
306	442	1
306	453	1
307	318	1
307	367	1
307	372	1
307	375	1
307	396	1
307	445	1
307	449	1
307	450	1
307	451	1
307	465	1
308	163	1
308	249	1
308	358	1
308	372	1
308	389	1
308	404	1
308	408	1
308	409	1
308	444	1
308	457	1
309	74	1
309	194	1
309	233	1
309	271	1
309	292	1
309	323	1
309	342	1
309	406	1
309	413	1
309	445	1
309	456	1
310	80	1
310	242	1
310	337	1
310	343	1
310	346	1
310	365	1
310	405	1
310	408	1
310	412	1
310	418	1
310	433	1
310	439	1
311	191	1
311	240	1
311	265	1
311	299	1
311	320	1
311	339	1
311	354	1
311	376	1
311	378	1
311	387	1
311	426	1
311	432	1
311	437	1
312	156	1
312	334	1
312	361	1
312	418	1
312	420	1
312	421	1
312	422	1
312	428	1
312	429	1
312	437	1
312	441	1
312	444	1
312	465	1
313	86	1
313	241	1
313	331	1
313	354	1
313	381	1
313	384	1
313	387	1
313	393	1
313	402	1
313	424	1
313	447	1
313	449	1
313	459	1
314	257	1
314	261	1
314	285	1
314	326	1
314	365	1
314	377	1
314	385	1
314	387	1
314	403	1
314	407	1
314	446	1
314	447	1
314	463	1
315	149	1
315	239	1
315	255	1
315	291	1
315	331	1
315	377	1
315	384	1
315	395	1
315	401	1
315	410	1
315	413	1
315	444	1
315	461	1
316	85	1
316	294	1
316	348	1
316	351	1
316	359	1
316	374	1
316	387	1
316	393	1
316	396	1
316	422	1
316	425	1
316	436	1
316	453	1
317	272	1
317	332	1
317	334	1
317	357	1
317	371	1
317	382	1
317	409	1
317	425	1
317	437	1
317	440	1
317	444	1
317	456	1
317	457	1
318	234	1
318	322	1
318	340	1
318	354	1
318	362	1
318	364	1
318	394	1
318	417	1
318	427	1
318	432	1
318	440	1
318	446	1
318	461	1
319	239	1
319	313	1
319	314	1
319	322	1
319	359	1
319	366	1
319	383	1
319	417	1
319	418	1
319	425	1
319	445	1
319	458	1
319	463	1
320	152	1
320	160	1
320	276	1
320	281	1
320	324	1
320	328	1
320	366	1
320	370	1
320	376	1
320	398	1
320	403	1
320	429	1
320	433	1
321	131	1
321	314	1
321	321	1
321	368	1
321	398	1
321	405	1
321	438	1
321	445	1
321	449	1
321	452	1
321	455	1
321	457	1
321	465	1
322	185	1
322	305	1
322	324	1
322	349	1
322	356	1
322	390	1
322	392	1
322	396	1
322	397	1
322	402	1
322	407	1
322	431	1
322	439	1
323	237	1
323	259	1
323	299	1
323	331	1
323	357	1
323	358	1
323	396	1
323	401	1
323	405	1
323	413	1
323	424	1
323	434	1
323	456	1
324	361	1
324	383	1
324	392	1
324	398	1
324	402	1
324	417	1
324	423	1
324	434	1
324	438	1
324	440	1
324	443	1
324	462	1
324	465	1
325	49	1
325	168	1
325	260	1
325	261	1
325	351	1
325	355	1
325	383	1
325	388	1
325	389	1
325	421	1
325	422	1
325	432	1
325	435	1
326	319	1
326	325	1
326	329	1
326	334	1
326	365	1
326	374	1
326	379	1
326	385	1
326	405	1
326	406	1
326	423	1
326	457	1
326	459	1
327	14	1
327	239	1
327	268	1
327	369	1
327	373	1
327	397	1
327	398	1
327	409	1
327	423	1
327	426	1
327	428	1
327	430	1
327	441	1
327	455	1
328	3	1
328	202	1
328	286	1
328	317	1
328	318	1
328	332	1
328	342	1
328	376	1
328	384	1
328	403	1
328	421	1
328	430	1
328	445	1
328	464	1
329	227	1
329	269	1
329	295	1
329	300	1
329	343	1
329	360	1
329	382	1
329	397	1
329	403	1
329	407	1
329	409	1
329	410	1
329	420	1
329	454	1
329	465	1
330	307	1
330	349	1
330	362	1
330	363	1
330	371	1
330	382	1
330	394	1
330	424	1
330	425	1
330	432	1
330	450	1
330	452	1
330	454	1
330	460	1
330	466	1
331	347	1
331	352	1
331	364	1
331	373	1
331	374	1
331	380	1
331	381	1
331	431	1
331	435	1
331	437	1
331	440	1
331	443	1
331	461	1
331	463	1
331	465	1
332	195	1
332	200	1
332	294	1
332	299	1
332	306	1
332	317	1
332	321	1
332	332	1
332	346	1
332	366	1
332	370	1
332	417	1
332	455	1
332	461	1
332	467	1
333	233	1
333	312	1
333	338	1
333	344	1
333	346	1
333	353	1
333	358	1
333	384	1
333	391	1
333	406	1
333	410	1
333	411	1
333	430	1
333	448	1
333	467	1
334	226	1
334	238	1
334	316	1
334	350	1
334	367	1
334	370	1
334	379	1
334	402	1
334	411	1
334	426	1
334	427	1
334	429	1
334	433	1
334	438	1
334	440	1
335	334	1
335	344	1
335	351	1
335	376	1
335	379	1
335	380	1
335	384	1
335	391	1
335	392	1
335	397	1
335	421	1
335	445	1
335	453	1
335	461	1
335	464	1
336	47	1
336	52	1
336	285	1
336	288	1
336	308	1
336	329	1
336	338	1
336	375	1
336	406	1
336	420	1
336	437	1
336	445	1
336	450	1
336	453	1
336	462	1
337	341	1
337	347	1
337	349	1
337	352	1
337	354	1
337	382	1
337	387	1
337	390	1
337	401	1
337	404	1
337	414	1
337	424	1
337	428	1
337	440	1
337	455	1
337	458	1
338	192	1
338	227	1
338	320	1
338	367	1
338	382	1
338	388	1
338	390	1
338	394	1
338	399	1
338	402	1
338	409	1
338	410	1
338	415	1
338	422	1
338	445	1
338	449	1
338	459	1
339	247	1
339	287	1
339	319	1
339	324	1
339	341	1
339	345	1
339	365	1
339	391	1
339	404	1
339	410	1
339	419	1
339	432	1
339	434	1
339	438	1
339	444	1
339	446	1
339	461	1
340	230	1
340	232	1
340	243	1
340	275	1
340	318	1
340	327	1
340	361	1
340	384	1
340	409	1
340	422	1
340	427	1
340	428	1
340	445	1
340	447	1
340	456	1
340	458	1
340	459	1
340	466	1
341	254	1
341	267	1
341	273	1
341	277	1
341	295	1
341	309	1
341	319	1
341	335	1
341	349	1
341	365	1
341	378	1
341	403	1
341	433	1
341	434	1
341	446	1
341	448	1
341	458	1
341	459	1
342	264	1
342	314	1
342	329	1
342	359	1
342	364	1
342	372	1
342	375	1
342	379	1
342	380	1
342	393	1
342	411	1
342	412	1
342	426	1
342	431	1
342	437	1
342	449	1
342	451	1
342	467	1
343	259	1
343	334	1
343	335	1
343	338	1
343	350	1
343	382	1
343	400	1
343	403	1
343	417	1
343	420	1
343	430	1
343	435	1
343	436	1
343	440	1
343	443	1
343	446	1
343	457	1
343	463	1
344	278	1
344	292	1
344	345	1
344	353	1
344	382	1
344	384	1
344	390	1
344	393	1
344	396	1
344	400	1
344	409	1
344	410	1
344	418	1
344	426	1
344	440	1
344	441	1
344	446	1
344	457	1
345	283	1
345	291	1
345	313	1
345	318	1
345	320	1
345	339	1
345	354	1
345	362	1
345	365	1
345	366	1
345	385	1
345	414	1
345	416	1
345	417	1
345	424	1
345	451	1
345	452	1
345	465	1
346	85	1
346	207	1
346	255	1
346	308	1
346	330	1
346	341	1
346	343	1
346	348	1
346	356	1
346	358	1
346	376	1
346	394	1
346	398	1
346	413	1
346	414	1
346	439	1
346	444	1
346	449	1
347	317	1
347	321	1
347	325	1
347	329	1
347	341	1
347	351	1
347	352	1
347	363	1
347	367	1
347	368	1
347	397	1
347	401	1
347	402	1
347	442	1
347	444	1
347	449	1
347	451	1
347	460	1
348	97	1
348	235	1
348	256	1
348	331	1
348	345	1
348	359	1
348	362	1
348	366	1
348	386	1
348	405	1
348	419	1
348	420	1
348	423	1
348	439	1
348	443	1
348	448	1
348	453	1
348	457	1
349	120	1
349	259	1
349	290	1
349	363	1
349	377	1
349	384	1
349	386	1
349	390	1
349	399	1
349	401	1
349	411	1
349	416	1
349	424	1
349	429	1
349	432	1
349	443	1
349	445	1
349	457	1
349	467	1
350	1	1
350	288	1
350	299	1
350	303	1
350	318	1
350	326	1
350	355	1
350	361	1
350	384	1
350	386	1
350	390	1
350	401	1
350	421	1
350	435	1
350	446	1
350	449	1
350	453	1
350	454	1
350	455	1
351	142	1
351	237	1
351	251	1
351	349	1
351	372	1
351	374	1
351	379	1
351	388	1
351	393	1
351	398	1
351	413	1
351	422	1
351	426	1
351	435	1
351	439	1
351	448	1
351	452	1
351	454	1
351	464	1
352	63	1
352	70	1
352	203	1
352	302	1
352	328	1
352	334	1
352	358	1
352	364	1
352	377	1
352	390	1
352	407	1
352	419	1
352	430	1
352	431	1
352	437	1
352	441	1
352	459	1
352	464	1
352	467	1
353	209	1
353	214	1
353	282	1
353	353	1
353	359	1
353	382	1
353	395	1
353	416	1
353	417	1
353	419	1
353	421	1
353	422	1
353	424	1
353	443	1
353	445	1
353	453	1
353	456	1
353	463	1
353	464	1
354	235	1
354	289	1
354	313	1
354	330	1
354	345	1
354	357	1
354	367	1
354	374	1
354	398	1
354	399	1
354	403	1
354	406	1
354	425	1
354	437	1
354	439	1
354	443	1
354	446	1
354	460	1
354	466	1
355	133	1
355	268	1
355	303	1
355	313	1
355	334	1
355	355	1
355	376	1
355	381	1
355	388	1
355	389	1
355	395	1
355	401	1
355	418	1
355	424	1
355	431	1
355	439	1
355	447	1
355	455	1
355	467	1
356	182	1
356	222	1
356	264	1
356	265	1
356	317	1
356	340	1
356	355	1
356	361	1
356	362	1
356	393	1
356	415	1
356	424	1
356	428	1
356	435	1
356	444	1
356	451	1
356	455	1
356	460	1
356	462	1
356	467	1
357	210	1
357	226	1
357	252	1
357	266	1
357	272	1
357	294	1
357	300	1
357	308	1
357	357	1
357	359	1
357	392	1
357	405	1
357	413	1
357	416	1
357	419	1
357	431	1
357	435	1
357	444	1
357	453	1
357	458	1
358	131	1
358	294	1
358	313	1
358	316	1
358	333	1
358	350	1
358	356	1
358	358	1
358	369	1
358	406	1
358	411	1
358	425	1
358	431	1
358	438	1
358	439	1
358	440	1
358	442	1
358	450	1
358	461	1
358	466	1
359	230	1
359	249	1
359	290	1
359	295	1
359	301	1
359	302	1
359	321	1
359	341	1
359	348	1
359	365	1
359	374	1
359	390	1
359	406	1
359	425	1
359	438	1
359	444	1
359	445	1
359	456	1
359	460	1
359	461	1
360	263	1
360	290	1
360	338	1
360	339	1
360	341	1
360	356	1
360	380	1
360	391	1
360	395	1
360	407	1
360	410	1
360	411	1
360	419	1
360	422	1
360	433	1
360	439	1
360	447	1
360	459	1
360	460	1
360	462	1
361	127	1
361	263	1
361	328	1
361	351	1
361	359	1
361	382	1
361	384	1
361	388	1
361	390	1
361	407	1
361	427	1
361	430	1
361	435	1
361	437	1
361	441	1
361	452	1
361	453	1
361	455	1
361	462	1
361	467	1
362	270	1
362	325	1
362	330	1
362	357	1
362	362	1
362	379	1
362	385	1
362	389	1
362	391	1
362	406	1
362	409	1
362	413	1
362	427	1
362	437	1
362	449	1
362	452	1
362	454	1
362	457	1
362	465	1
362	466	1
363	215	1
363	250	1
363	293	1
363	310	1
363	327	1
363	361	1
363	370	1
363	373	1
363	385	1
363	389	1
363	407	1
363	411	1
363	422	1
363	427	1
363	428	1
363	439	1
363	451	1
363	455	1
363	458	1
363	464	1
364	192	1
364	242	1
364	285	1
364	296	1
364	307	1
364	325	1
364	337	1
364	392	1
364	397	1
364	400	1
364	409	1
364	412	1
364	414	1
364	423	1
364	425	1
364	437	1
364	438	1
364	443	1
364	458	1
364	466	1
365	12	1
365	90	1
365	202	1
365	203	1
365	289	1
365	328	1
365	330	1
365	333	1
365	348	1
365	350	1
365	368	1
365	393	1
365	396	1
365	403	1
365	417	1
365	421	1
365	440	1
365	445	1
365	447	1
365	457	1
366	120	1
366	288	1
366	300	1
366	327	1
366	335	1
366	343	1
366	356	1
366	366	1
366	382	1
366	383	1
366	389	1
366	390	1
366	397	1
366	399	1
366	414	1
366	429	1
366	437	1
366	452	1
366	460	1
366	466	1
367	138	1
367	177	1
367	198	1
367	286	1
367	303	1
367	308	1
367	309	1
367	323	1
367	328	1
367	335	1
367	336	1
367	339	1
367	356	1
367	367	1
367	374	1
367	376	1
367	403	1
367	404	1
367	414	1
367	461	1
368	229	1
368	280	1
368	305	1
368	319	1
368	334	1
368	335	1
368	343	1
368	354	1
368	369	1
368	374	1
368	380	1
368	394	1
368	399	1
368	401	1
368	444	1
368	446	1
368	448	1
368	454	1
368	460	1
368	463	1
369	214	1
369	221	1
369	269	1
369	285	1
369	312	1
369	339	1
369	344	1
369	375	1
369	388	1
369	389	1
369	390	1
369	394	1
369	408	1
369	412	1
369	416	1
369	420	1
369	422	1
369	437	1
369	446	1
369	462	1
369	463	1
370	138	1
370	229	1
370	265	1
370	266	1
370	269	1
370	289	1
370	291	1
370	303	1
370	308	1
370	338	1
370	353	1
370	387	1
370	389	1
370	394	1
370	418	1
370	432	1
370	454	1
370	455	1
370	459	1
370	462	1
370	467	1
371	2	1
371	253	1
371	277	1
371	282	1
371	290	1
371	334	1
371	342	1
371	369	1
371	384	1
371	393	1
371	398	1
371	400	1
371	401	1
371	402	1
371	406	1
371	423	1
371	424	1
371	428	1
371	436	1
371	448	1
371	459	1
372	163	1
372	215	1
372	229	1
372	298	1
372	303	1
372	348	1
372	365	1
372	367	1
372	385	1
372	394	1
372	412	1
372	423	1
372	428	1
372	436	1
372	438	1
372	439	1
372	443	1
372	450	1
372	457	1
372	458	1
372	464	1
373	20	1
373	101	1
373	264	1
373	273	1
373	283	1
373	304	1
373	360	1
373	361	1
373	363	1
373	367	1
373	374	1
373	386	1
373	389	1
373	402	1
373	428	1
373	431	1
373	440	1
373	443	1
373	444	1
373	450	1
373	454	1
374	125	1
374	153	1
374	244	1
374	246	1
374	272	1
374	280	1
374	311	1
374	321	1
374	327	1
374	336	1
374	367	1
374	371	1
374	374	1
374	407	1
374	419	1
374	423	1
374	438	1
374	450	1
374	452	1
374	454	1
374	465	1
375	254	1
375	290	1
375	291	1
375	299	1
375	325	1
375	355	1
375	360	1
375	365	1
375	375	1
375	383	1
375	392	1
375	402	1
375	406	1
375	409	1
375	410	1
375	415	1
375	416	1
375	440	1
375	448	1
375	458	1
375	466	1
376	87	1
376	192	1
376	206	1
376	216	1
376	272	1
376	313	1
376	317	1
376	326	1
376	367	1
376	372	1
376	380	1
376	392	1
376	395	1
376	404	1
376	411	1
376	412	1
376	436	1
376	439	1
376	441	1
376	453	1
376	457	1
377	210	1
377	300	1
377	306	1
377	332	1
377	345	1
377	349	1
377	352	1
377	357	1
377	374	1
377	378	1
377	391	1
377	401	1
377	406	1
377	420	1
377	426	1
377	438	1
377	449	1
377	454	1
377	459	1
377	462	1
377	464	1
378	107	1
378	292	1
378	295	1
378	296	1
378	313	1
378	329	1
378	348	1
378	356	1
378	361	1
378	399	1
378	413	1
378	424	1
378	426	1
378	429	1
378	432	1
378	444	1
378	445	1
378	446	1
378	451	1
378	453	1
378	459	1
379	102	1
379	179	1
379	257	1
379	268	1
379	299	1
379	321	1
379	351	1
379	375	1
379	376	1
379	397	1
379	403	1
379	413	1
379	414	1
379	425	1
379	430	1
379	438	1
379	440	1
379	443	1
379	451	1
379	465	1
379	466	1
380	285	1
380	351	1
380	363	1
380	366	1
380	368	1
380	374	1
380	375	1
380	388	1
380	403	1
380	408	1
380	410	1
380	417	1
380	423	1
380	439	1
380	444	1
380	447	1
380	450	1
380	451	1
380	453	1
380	455	1
380	458	1
380	466	1
381	58	1
381	271	1
381	301	1
381	338	1
381	359	1
381	362	1
381	367	1
381	381	1
381	382	1
381	394	1
381	395	1
381	398	1
381	405	1
381	409	1
381	414	1
381	417	1
381	424	1
381	425	1
381	444	1
381	453	1
381	460	1
381	466	1
382	159	1
382	230	1
382	299	1
382	316	1
382	319	1
382	323	1
382	348	1
382	380	1
382	393	1
382	396	1
382	398	1
382	405	1
382	408	1
382	411	1
382	414	1
382	433	1
382	436	1
382	439	1
382	442	1
382	447	1
382	449	1
382	464	1
383	213	1
383	224	1
383	247	1
383	256	1
383	312	1
383	314	1
383	318	1
383	336	1
383	348	1
383	361	1
383	365	1
383	403	1
383	409	1
383	410	1
383	414	1
383	423	1
383	427	1
383	433	1
383	435	1
383	436	1
383	442	1
383	451	1
384	7	1
384	224	1
384	238	1
384	248	1
384	276	1
384	310	1
384	328	1
384	338	1
384	350	1
384	351	1
384	364	1
384	371	1
384	400	1
384	406	1
384	409	1
384	412	1
384	416	1
384	430	1
384	435	1
384	441	1
384	460	1
384	463	1
385	50	1
385	174	1
385	292	1
385	316	1
385	319	1
385	330	1
385	334	1
385	350	1
385	384	1
385	390	1
385	406	1
385	407	1
385	408	1
385	410	1
385	413	1
385	421	1
385	425	1
385	427	1
385	428	1
385	447	1
385	457	1
385	459	1
385	460	1
386	234	1
386	290	1
386	308	1
386	334	1
386	336	1
386	339	1
386	340	1
386	351	1
386	353	1
386	360	1
386	364	1
386	372	1
386	378	1
386	385	1
386	405	1
386	407	1
386	410	1
386	417	1
386	432	1
386	435	1
386	446	1
386	448	1
386	466	1
387	217	1
387	230	1
387	257	1
387	270	1
387	272	1
387	286	1
387	307	1
387	323	1
387	326	1
387	388	1
387	391	1
387	393	1
387	400	1
387	404	1
387	412	1
387	426	1
387	429	1
387	440	1
387	441	1
387	445	1
387	451	1
387	457	1
387	465	1
388	0	1
388	201	1
388	225	1
388	245	1
388	249	1
388	256	1
388	294	1
388	316	1
388	333	1
388	368	1
388	369	1
388	378	1
388	398	1
388	409	1
388	411	1
388	416	1
388	440	1
388	441	1
388	454	1
388	455	1
388	456	1
388	458	1
388	462	1
389	90	1
389	201	1
389	203	1
389	250	1
389	280	1
389	288	1
389	332	1
389	338	1
389	351	1
389	372	1
389	375	1
389	381	1
389	383	1
389	392	1
389	393	1
389	411	1
389	414	1
389	417	1
389	432	1
389	443	1
389	454	1
389	462	1
389	467	1
390	83	1
390	282	1
390	294	1
390	302	1
390	338	1
390	339	1
390	341	1
390	355	1
390	369	1
390	371	1
390	374	1
390	375	1
390	379	1
390	407	1
390	421	1
390	426	1
390	432	1
390	440	1
390	446	1
390	447	1
390	452	1
390	459	1
390	460	1
391	182	1
391	221	1
391	262	1
391	296	1
391	300	1
391	359	1
391	361	1
391	378	1
391	388	1
391	390	1
391	392	1
391	397	1
391	403	1
391	411	1
391	414	1
391	419	1
391	420	1
391	422	1
391	428	1
391	434	1
391	443	1
391	445	1
391	457	1
392	218	1
392	243	1
392	264	1
392	287	1
392	291	1
392	318	1
392	322	1
392	350	1
392	353	1
392	354	1
392	366	1
392	372	1
392	379	1
392	386	1
392	422	1
392	424	1
392	426	1
392	428	1
392	431	1
392	433	1
392	436	1
392	437	1
392	442	1
393	25	1
393	151	1
393	154	1
393	283	1
393	314	1
393	324	1
393	328	1
393	330	1
393	348	1
393	356	1
393	368	1
393	370	1
393	376	1
393	378	1
393	399	1
393	401	1
393	419	1
393	423	1
393	433	1
393	434	1
393	437	1
393	454	1
393	461	1
394	140	1
394	205	1
394	217	1
394	227	1
394	314	1
394	315	1
394	322	1
394	355	1
394	365	1
394	368	1
394	382	1
394	393	1
394	396	1
394	400	1
394	409	1
394	410	1
394	422	1
394	439	1
394	443	1
394	447	1
394	451	1
394	463	1
394	465	1
395	239	1
395	263	1
395	276	1
395	321	1
395	322	1
395	330	1
395	332	1
395	343	1
395	346	1
395	348	1
395	368	1
395	386	1
395	402	1
395	405	1
395	406	1
395	417	1
395	424	1
395	430	1
395	451	1
395	452	1
395	457	1
395	458	1
395	465	1
396	153	1
396	329	1
396	335	1
396	336	1
396	344	1
396	353	1
396	372	1
396	383	1
396	387	1
396	396	1
396	408	1
396	409	1
396	420	1
396	421	1
396	423	1
396	428	1
396	429	1
396	431	1
396	446	1
396	448	1
396	462	1
396	463	1
396	465	1
396	466	1
397	262	1
397	286	1
397	300	1
397	314	1
397	344	1
397	355	1
397	384	1
397	389	1
397	396	1
397	398	1
397	399	1
397	400	1
397	403	1
397	411	1
397	419	1
397	422	1
397	435	1
397	443	1
397	447	1
397	452	1
397	458	1
397	460	1
397	462	1
397	466	1
398	104	1
398	155	1
398	266	1
398	302	1
398	307	1
398	309	1
398	310	1
398	312	1
398	349	1
398	350	1
398	352	1
398	405	1
398	411	1
398	417	1
398	421	1
398	425	1
398	432	1
398	433	1
398	436	1
398	442	1
398	443	1
398	447	1
398	455	1
398	462	1
399	88	1
399	97	1
399	280	1
399	287	1
399	294	1
399	312	1
399	328	1
399	342	1
399	351	1
399	358	1
399	365	1
399	373	1
399	375	1
399	377	1
399	387	1
399	393	1
399	394	1
399	395	1
399	410	1
399	414	1
399	448	1
399	451	1
399	454	1
399	461	1
399	465	1
400	32	1
400	215	1
400	234	1
400	260	1
400	278	1
400	291	1
400	295	1
400	312	1
400	323	1
400	325	1
400	352	1
400	354	1
400	362	1
400	376	1
400	386	1
400	398	1
400	401	1
400	403	1
400	405	1
400	432	1
400	434	1
400	438	1
400	448	1
400	449	1
400	461	1
401	261	1
401	265	1
401	266	1
401	272	1
401	317	1
401	326	1
401	335	1
401	341	1
401	347	1
401	349	1
401	354	1
401	362	1
401	373	1
401	378	1
401	382	1
401	386	1
401	400	1
401	421	1
401	428	1
401	429	1
401	436	1
401	444	1
401	460	1
401	461	1
401	462	1
402	102	1
402	144	1
402	163	1
402	175	1
402	241	1
402	296	1
402	331	1
402	356	1
402	363	1
402	375	1
402	389	1
402	390	1
402	393	1
402	394	1
402	400	1
402	410	1
402	415	1
402	419	1
402	426	1
402	434	1
402	440	1
402	442	1
402	450	1
402	454	1
402	464	1
403	234	1
403	243	1
403	246	1
403	281	1
403	308	1
403	341	1
403	346	1
403	347	1
403	350	1
403	359	1
403	360	1
403	383	1
403	385	1
403	396	1
403	397	1
403	415	1
403	421	1
403	423	1
403	425	1
403	430	1
403	435	1
403	453	1
403	455	1
403	461	1
403	465	1
404	213	1
404	265	1
404	292	1
404	300	1
404	317	1
404	333	1
404	337	1
404	344	1
404	359	1
404	365	1
404	370	1
404	378	1
404	381	1
404	392	1
404	396	1
404	403	1
404	423	1
404	424	1
404	425	1
404	435	1
404	438	1
404	440	1
404	447	1
404	458	1
404	459	1
405	75	1
405	255	1
405	265	1
405	302	1
405	306	1
405	316	1
405	337	1
405	339	1
405	359	1
405	380	1
405	381	1
405	393	1
405	394	1
405	405	1
405	407	1
405	408	1
405	411	1
405	427	1
405	430	1
405	438	1
405	443	1
405	445	1
405	452	1
405	457	1
405	466	1
406	166	1
406	181	1
406	280	1
406	286	1
406	289	1
406	315	1
406	322	1
406	327	1
406	347	1
406	362	1
406	366	1
406	368	1
406	378	1
406	402	1
406	405	1
406	416	1
406	432	1
406	436	1
406	440	1
406	449	1
406	452	1
406	454	1
406	456	1
406	457	1
406	459	1
407	84	1
407	187	1
407	232	1
407	320	1
407	323	1
407	331	1
407	345	1
407	353	1
407	358	1
407	364	1
407	367	1
407	369	1
407	370	1
407	381	1
407	386	1
407	387	1
407	400	1
407	409	1
407	413	1
407	414	1
407	421	1
407	437	1
407	449	1
407	457	1
407	460	1
407	461	1
408	199	1
408	272	1
408	281	1
408	282	1
408	309	1
408	312	1
408	344	1
408	357	1
408	362	1
408	372	1
408	380	1
408	385	1
408	386	1
408	391	1
408	394	1
408	398	1
408	409	1
408	419	1
408	423	1
408	432	1
408	436	1
408	448	1
408	453	1
408	454	1
408	455	1
408	459	1
409	67	1
409	84	1
409	209	1
409	304	1
409	307	1
409	313	1
409	327	1
409	352	1
409	355	1
409	359	1
409	364	1
409	374	1
409	376	1
409	383	1
409	386	1
409	391	1
409	400	1
409	407	1
409	409	1
409	415	1
409	418	1
409	445	1
409	446	1
409	447	1
409	457	1
409	466	1
410	262	1
410	269	1
410	274	1
410	278	1
410	284	1
410	295	1
410	336	1
410	344	1
410	353	1
410	355	1
410	362	1
410	363	1
410	379	1
410	387	1
410	389	1
410	390	1
410	395	1
410	403	1
410	427	1
410	433	1
410	437	1
410	439	1
410	453	1
410	460	1
410	466	1
410	467	1
411	285	1
411	293	1
411	305	1
411	313	1
411	314	1
411	318	1
411	326	1
411	334	1
411	340	1
411	344	1
411	356	1
411	377	1
411	383	1
411	390	1
411	404	1
411	409	1
411	411	1
411	417	1
411	421	1
411	427	1
411	434	1
411	438	1
411	441	1
411	442	1
411	454	1
411	460	1
412	97	1
412	251	1
412	306	1
412	309	1
412	316	1
412	336	1
412	345	1
412	346	1
412	353	1
412	360	1
412	362	1
412	378	1
412	383	1
412	387	1
412	401	1
412	409	1
412	413	1
412	427	1
412	437	1
412	438	1
412	441	1
412	444	1
412	452	1
412	455	1
412	463	1
412	467	1
413	18	1
413	219	1
413	236	1
413	253	1
413	255	1
413	303	1
413	305	1
413	326	1
413	337	1
413	339	1
413	370	1
413	373	1
413	375	1
413	379	1
413	390	1
413	391	1
413	400	1
413	403	1
413	428	1
413	441	1
413	442	1
413	450	1
413	452	1
413	454	1
413	456	1
413	467	1
414	220	1
414	231	1
414	274	1
414	295	1
414	303	1
414	340	1
414	348	1
414	350	1
414	352	1
414	357	1
414	370	1
414	371	1
414	373	1
414	376	1
414	393	1
414	397	1
414	407	1
414	409	1
414	417	1
414	419	1
414	421	1
414	423	1
414	432	1
414	435	1
414	438	1
414	454	1
414	459	1
415	162	1
415	288	1
415	298	1
415	304	1
415	341	1
415	347	1
415	363	1
415	374	1
415	381	1
415	385	1
415	400	1
415	407	1
415	408	1
415	410	1
415	418	1
415	419	1
415	421	1
415	422	1
415	427	1
415	432	1
415	436	1
415	439	1
415	452	1
415	454	1
415	455	1
415	464	1
415	467	1
416	216	1
416	227	1
416	285	1
416	294	1
416	305	1
416	316	1
416	338	1
416	340	1
416	342	1
416	363	1
416	368	1
416	374	1
416	387	1
416	388	1
416	390	1
416	395	1
416	411	1
416	415	1
416	434	1
416	435	1
416	438	1
416	442	1
416	448	1
416	449	1
416	456	1
416	458	1
416	467	1
417	23	1
417	119	1
417	241	1
417	256	1
417	270	1
417	294	1
417	318	1
417	336	1
417	341	1
417	360	1
417	363	1
417	368	1
417	379	1
417	389	1
417	398	1
417	401	1
417	403	1
417	409	1
417	412	1
417	415	1
417	425	1
417	431	1
417	442	1
417	448	1
417	453	1
417	465	1
417	466	1
418	253	1
418	310	1
418	333	1
418	343	1
418	351	1
418	360	1
418	365	1
418	373	1
418	375	1
418	378	1
418	400	1
418	404	1
418	407	1
418	409	1
418	413	1
418	416	1
418	426	1
418	429	1
418	432	1
418	435	1
418	438	1
418	445	1
418	446	1
418	452	1
418	453	1
418	455	1
418	463	1
419	98	1
419	226	1
419	258	1
419	266	1
419	287	1
419	307	1
419	332	1
419	343	1
419	348	1
419	350	1
419	355	1
419	363	1
419	364	1
419	369	1
419	387	1
419	395	1
419	401	1
419	407	1
419	428	1
419	430	1
419	431	1
419	438	1
419	439	1
419	440	1
419	447	1
419	454	1
419	462	1
420	152	1
420	165	1
420	239	1
420	264	1
420	292	1
420	296	1
420	301	1
420	332	1
420	348	1
420	351	1
420	378	1
420	384	1
420	390	1
420	396	1
420	397	1
420	402	1
420	408	1
420	413	1
420	424	1
420	432	1
420	435	1
420	437	1
420	446	1
420	449	1
420	460	1
420	464	1
420	467	1
421	36	1
421	153	1
421	172	1
421	248	1
421	289	1
421	298	1
421	300	1
421	307	1
421	315	1
421	341	1
421	344	1
421	347	1
421	355	1
421	365	1
421	371	1
421	374	1
421	383	1
421	402	1
421	404	1
421	410	1
421	414	1
421	423	1
421	433	1
421	437	1
421	447	1
421	449	1
421	451	1
421	456	1
422	86	1
422	225	1
422	239	1
422	262	1
422	295	1
422	314	1
422	321	1
422	326	1
422	335	1
422	343	1
422	359	1
422	368	1
422	385	1
422	386	1
422	391	1
422	395	1
422	398	1
422	403	1
422	410	1
422	415	1
422	417	1
422	434	1
422	436	1
422	443	1
422	447	1
422	448	1
422	454	1
422	463	1
422	467	1
423	197	1
423	219	1
423	220	1
423	233	1
423	293	1
423	298	1
423	309	1
423	323	1
423	347	1
423	350	1
423	354	1
423	358	1
423	366	1
423	376	1
423	388	1
423	389	1
423	391	1
423	396	1
423	408	1
423	409	1
423	410	1
423	421	1
423	433	1
423	440	1
423	443	1
423	447	1
423	453	1
423	464	1
423	465	1
424	250	1
424	276	1
424	280	1
424	281	1
424	288	1
424	300	1
424	315	1
424	320	1
424	323	1
424	333	1
424	339	1
424	371	1
424	374	1
424	379	1
424	382	1
424	385	1
424	386	1
424	387	1
424	391	1
424	403	1
424	404	1
424	413	1
424	415	1
424	421	1
424	431	1
424	446	1
424	453	1
424	454	1
424	466	1
425	115	1
425	250	1
425	255	1
425	260	1
425	267	1
425	290	1
425	298	1
425	313	1
425	338	1
425	342	1
425	350	1
425	357	1
425	373	1
425	375	1
425	397	1
425	401	1
425	405	1
425	407	1
425	417	1
425	422	1
425	427	1
425	439	1
425	441	1
425	442	1
425	445	1
425	454	1
425	458	1
425	460	1
425	463	1
426	108	1
426	164	1
426	226	1
426	259	1
426	301	1
426	327	1
426	332	1
426	348	1
426	359	1
426	360	1
426	365	1
426	368	1
426	375	1
426	387	1
426	390	1
426	397	1
426	410	1
426	416	1
426	423	1
426	425	1
426	428	1
426	430	1
426	436	1
426	441	1
426	450	1
426	455	1
426	459	1
426	463	1
426	465	1
427	28	1
427	47	1
427	220	1
427	241	1
427	292	1
427	321	1
427	327	1
427	334	1
427	345	1
427	352	1
427	353	1
427	363	1
427	371	1
427	372	1
427	376	1
427	377	1
427	389	1
427	391	1
427	398	1
427	400	1
427	405	1
427	414	1
427	422	1
427	423	1
427	450	1
427	452	1
427	453	1
427	462	1
427	467	1
428	110	1
428	254	1
428	257	1
428	273	1
428	285	1
428	290	1
428	296	1
428	307	1
428	336	1
428	340	1
428	354	1
428	362	1
428	365	1
428	366	1
428	368	1
428	370	1
428	373	1
428	377	1
428	385	1
428	387	1
428	392	1
428	396	1
428	405	1
428	433	1
428	439	1
428	447	1
428	449	1
428	463	1
428	466	1
429	135	1
429	147	1
429	206	1
429	208	1
429	258	1
429	303	1
429	315	1
429	324	1
429	350	1
429	351	1
429	358	1
429	360	1
429	366	1
429	369	1
429	390	1
429	398	1
429	399	1
429	412	1
429	418	1
429	420	1
429	426	1
429	430	1
429	432	1
429	435	1
429	447	1
429	449	1
429	457	1
429	461	1
429	464	1
430	208	1
430	277	1
430	280	1
430	297	1
430	300	1
430	307	1
430	334	1
430	340	1
430	350	1
430	353	1
430	354	1
430	366	1
430	367	1
430	372	1
430	374	1
430	376	1
430	385	1
430	392	1
430	405	1
430	408	1
430	418	1
430	428	1
430	432	1
430	438	1
430	446	1
430	450	1
430	452	1
430	453	1
430	458	1
430	466	1
431	81	1
431	123	1
431	209	1
431	213	1
431	231	1
431	237	1
431	252	1
431	253	1
431	258	1
431	295	1
431	296	1
431	297	1
431	339	1
431	358	1
431	359	1
431	366	1
431	392	1
431	399	1
431	401	1
431	410	1
431	420	1
431	427	1
431	428	1
431	429	1
431	432	1
431	443	1
431	451	1
431	463	1
431	464	1
431	466	1
432	314	1
432	319	1
432	322	1
432	344	1
432	356	1
432	364	1
432	367	1
432	372	1
432	373	1
432	374	1
432	375	1
432	376	1
432	380	1
432	383	1
432	391	1
432	404	1
432	411	1
432	419	1
432	424	1
432	427	1
432	429	1
432	432	1
432	434	1
432	438	1
432	439	1
432	444	1
432	448	1
432	449	1
432	451	1
432	458	1
433	45	1
433	207	1
433	245	1
433	266	1
433	272	1
433	320	1
433	323	1
433	325	1
433	341	1
433	346	1
433	355	1
433	369	1
433	373	1
433	377	1
433	397	1
433	407	1
433	410	1
433	420	1
433	422	1
433	433	1
433	435	1
433	436	1
433	440	1
433	442	1
433	443	1
433	445	1
433	446	1
433	448	1
433	461	1
433	462	1
434	78	1
434	145	1
434	165	1
434	187	1
434	199	1
434	250	1
434	261	1
434	263	1
434	282	1
434	305	1
434	327	1
434	329	1
434	340	1
434	342	1
434	353	1
434	359	1
434	366	1
434	373	1
434	377	1
434	393	1
434	395	1
434	399	1
434	400	1
434	420	1
434	421	1
434	422	1
434	428	1
434	429	1
434	456	1
434	460	1
435	107	1
435	230	1
435	298	1
435	299	1
435	315	1
435	354	1
435	358	1
435	364	1
435	378	1
435	379	1
435	382	1
435	392	1
435	399	1
435	411	1
435	416	1
435	417	1
435	419	1
435	424	1
435	425	1
435	427	1
435	434	1
435	440	1
435	443	1
435	444	1
435	451	1
435	452	1
435	453	1
435	458	1
435	460	1
435	467	1
436	137	1
436	247	1
436	260	1
436	265	1
436	286	1
436	302	1
436	321	1
436	324	1
436	340	1
436	343	1
436	353	1
436	371	1
436	376	1
436	383	1
436	385	1
436	390	1
436	398	1
436	400	1
436	401	1
436	405	1
436	420	1
436	421	1
436	428	1
436	438	1
436	440	1
436	441	1
436	457	1
436	462	1
436	465	1
436	467	1
437	7	1
437	144	1
437	220	1
437	270	1
437	304	1
437	307	1
437	315	1
437	319	1
437	332	1
437	336	1
437	345	1
437	348	1
437	359	1
437	360	1
437	362	1
437	367	1
437	394	1
437	406	1
437	412	1
437	421	1
437	428	1
437	434	1
437	435	1
437	440	1
437	446	1
437	448	1
437	450	1
437	453	1
437	454	1
437	463	1
437	466	1
438	151	1
438	255	1
438	303	1
438	326	1
438	329	1
438	334	1
438	351	1
438	360	1
438	362	1
438	365	1
438	368	1
438	371	1
438	380	1
438	384	1
438	396	1
438	402	1
438	403	1
438	407	1
438	412	1
438	414	1
438	415	1
438	426	1
438	429	1
438	430	1
438	436	1
438	440	1
438	444	1
438	449	1
438	451	1
438	453	1
438	463	1
439	159	1
439	240	1
439	270	1
439	272	1
439	286	1
439	288	1
439	302	1
439	306	1
439	307	1
439	323	1
439	331	1
439	336	1
439	344	1
439	351	1
439	371	1
439	385	1
439	388	1
439	389	1
439	393	1
439	395	1
439	402	1
439	403	1
439	404	1
439	409	1
439	416	1
439	425	1
439	442	1
439	455	1
439	457	1
439	459	1
439	467	1
440	97	1
440	116	1
440	240	1
440	256	1
440	265	1
440	291	1
440	293	1
440	297	1
440	315	1
440	330	1
440	331	1
440	332	1
440	343	1
440	365	1
440	367	1
440	376	1
440	378	1
440	399	1
440	401	1
440	407	1
440	409	1
440	429	1
440	434	1
440	437	1
440	439	1
440	441	1
440	442	1
440	452	1
440	454	1
440	457	1
440	465	1
441	179	1
441	248	1
441	272	1
441	276	1
441	293	1
441	305	1
441	317	1
441	335	1
441	339	1
441	349	1
441	357	1
441	364	1
441	373	1
441	383	1
441	395	1
441	403	1
441	406	1
441	407	1
441	409	1
441	410	1
441	413	1
441	415	1
441	417	1
441	431	1
441	437	1
441	438	1
441	449	1
441	452	1
441	453	1
441	460	1
441	464	1
442	237	1
442	259	1
442	268	1
442	280	1
442	290	1
442	304	1
442	321	1
442	338	1
442	352	1
442	354	1
442	356	1
442	368	1
442	370	1
442	385	1
442	397	1
442	400	1
442	407	1
442	412	1
442	419	1
442	424	1
442	428	1
442	431	1
442	439	1
442	446	1
442	449	1
442	452	1
442	454	1
442	457	1
442	460	1
442	464	1
442	466	1
443	208	1
443	241	1
443	283	1
443	293	1
443	296	1
443	313	1
443	344	1
443	354	1
443	358	1
443	361	1
443	370	1
443	371	1
443	374	1
443	375	1
443	387	1
443	388	1
443	389	1
443	390	1
443	398	1
443	399	1
443	402	1
443	405	1
443	407	1
443	418	1
443	424	1
443	443	1
443	447	1
443	449	1
443	453	1
443	456	1
443	460	1
443	465	1
444	47	1
444	153	1
444	260	1
444	269	1
444	293	1
444	308	1
444	350	1
444	353	1
444	354	1
444	371	1
444	372	1
444	375	1
444	379	1
444	387	1
444	388	1
444	402	1
444	407	1
444	412	1
444	419	1
444	424	1
444	428	1
444	430	1
444	431	1
444	432	1
444	433	1
444	434	1
444	437	1
444	438	1
444	443	1
444	448	1
444	455	1
444	460	1
445	33	1
445	144	1
445	259	1
445	267	1
445	278	1
445	284	1
445	292	1
445	318	1
445	325	1
445	329	1
445	335	1
445	339	1
445	341	1
445	344	1
445	358	1
445	361	1
445	378	1
445	395	1
445	397	1
445	404	1
445	405	1
445	410	1
445	425	1
445	430	1
445	431	1
445	436	1
445	440	1
445	441	1
445	442	1
445	454	1
445	457	1
445	463	1
446	55	1
446	82	1
446	99	1
446	258	1
446	260	1
446	296	1
446	333	1
446	335	1
446	368	1
446	371	1
446	376	1
446	381	1
446	392	1
446	395	1
446	407	1
446	409	1
446	411	1
446	412	1
446	420	1
446	421	1
446	432	1
446	434	1
446	441	1
446	445	1
446	447	1
446	448	1
446	449	1
446	456	1
446	457	1
446	458	1
446	461	1
446	466	1
447	42	1
447	199	1
447	200	1
447	225	1
447	236	1
447	246	1
447	284	1
447	292	1
447	304	1
447	317	1
447	319	1
447	322	1
447	344	1
447	346	1
447	347	1
447	352	1
447	356	1
447	364	1
447	388	1
447	390	1
447	401	1
447	403	1
447	413	1
447	417	1
447	421	1
447	424	1
447	437	1
447	445	1
447	450	1
447	453	1
447	459	1
447	461	1
448	147	1
448	177	1
448	215	1
448	249	1
448	258	1
448	269	1
448	302	1
448	304	1
448	309	1
448	313	1
448	317	1
448	330	1
448	344	1
448	351	1
448	352	1
448	355	1
448	358	1
448	360	1
448	365	1
448	368	1
448	374	1
448	383	1
448	392	1
448	393	1
448	397	1
448	401	1
448	419	1
448	421	1
448	436	1
448	452	1
448	457	1
448	460	1
449	44	1
449	46	1
449	93	1
449	172	1
449	227	1
449	236	1
449	262	1
449	308	1
449	317	1
449	322	1
449	340	1
449	352	1
449	354	1
449	361	1
449	368	1
449	375	1
449	383	1
449	409	1
449	413	1
449	417	1
449	421	1
449	431	1
449	435	1
449	436	1
449	439	1
449	450	1
449	451	1
449	452	1
449	454	1
449	459	1
449	466	1
449	467	1
450	52	1
450	170	1
450	241	1
450	276	1
450	304	1
450	319	1
450	329	1
450	334	1
450	335	1
450	340	1
450	382	1
450	386	1
450	389	1
450	392	1
450	409	1
450	418	1
450	420	1
450	421	1
450	424	1
450	425	1
450	429	1
450	433	1
450	434	1
450	438	1
450	440	1
450	451	1
450	452	1
450	454	1
450	457	1
450	459	1
450	462	1
450	465	1
451	96	1
451	189	1
451	194	1
451	206	1
451	245	1
451	286	1
451	332	1
451	337	1
451	338	1
451	352	1
451	357	1
451	361	1
451	378	1
451	380	1
451	382	1
451	391	1
451	396	1
451	402	1
451	405	1
451	423	1
451	425	1
451	430	1
451	435	1
451	439	1
451	443	1
451	444	1
451	446	1
451	450	1
451	453	1
451	454	1
451	455	1
451	456	1
452	101	1
452	225	1
452	230	1
452	253	1
452	299	1
452	305	1
452	320	1
452	329	1
452	343	1
452	348	1
452	350	1
452	358	1
452	366	1
452	391	1
452	393	1
452	396	1
452	397	1
452	403	1
452	406	1
452	411	1
452	415	1
452	417	1
452	418	1
452	420	1
452	425	1
452	427	1
452	429	1
452	433	1
452	435	1
452	441	1
452	448	1
452	455	1
453	100	1
453	142	1
453	160	1
453	243	1
453	268	1
453	291	1
453	299	1
453	326	1
453	329	1
453	332	1
453	342	1
453	345	1
453	351	1
453	353	1
453	357	1
453	367	1
453	375	1
453	380	1
453	385	1
453	388	1
453	393	1
453	407	1
453	412	1
453	414	1
453	419	1
453	420	1
453	422	1
453	427	1
453	441	1
453	442	1
453	445	1
453	450	1
453	456	1
454	134	1
454	176	1
454	183	1
454	235	1
454	280	1
454	302	1
454	305	1
454	322	1
454	335	1
454	337	1
454	346	1
454	347	1
454	357	1
454	367	1
454	369	1
454	377	1
454	380	1
454	386	1
454	387	1
454	390	1
454	393	1
454	394	1
454	400	1
454	406	1
454	425	1
454	428	1
454	432	1
454	434	1
454	439	1
454	441	1
454	446	1
454	450	1
454	467	1
455	242	1
455	250	1
455	283	1
455	295	1
455	300	1
455	307	1
455	311	1
455	320	1
455	339	1
455	342	1
455	349	1
455	355	1
455	361	1
455	373	1
455	382	1
455	394	1
455	403	1
455	405	1
455	411	1
455	414	1
455	418	1
455	428	1
455	430	1
455	433	1
455	436	1
455	437	1
455	443	1
455	445	1
455	446	1
455	452	1
455	457	1
455	465	1
455	467	1
456	126	1
456	217	1
456	268	1
456	279	1
456	295	1
456	311	1
456	313	1
456	316	1
456	322	1
456	323	1
456	329	1
456	340	1
456	345	1
456	348	1
456	349	1
456	370	1
456	378	1
456	379	1
456	384	1
456	386	1
456	394	1
456	401	1
456	408	1
456	426	1
456	428	1
456	429	1
456	436	1
456	440	1
456	450	1
456	452	1
456	455	1
456	456	1
456	460	1
456	461	1
457	66	1
457	260	1
457	282	1
457	317	1
457	324	1
457	330	1
457	343	1
457	346	1
457	354	1
457	365	1
457	368	1
457	379	1
457	385	1
457	396	1
457	403	1
457	408	1
457	412	1
457	413	1
457	418	1
457	427	1
457	430	1
457	431	1
457	435	1
457	438	1
457	439	1
457	440	1
457	445	1
457	447	1
457	449	1
457	450	1
457	453	1
457	458	1
457	464	1
457	465	1
458	133	1
458	252	1
458	253	1
458	287	1
458	313	1
458	319	1
458	326	1
458	327	1
458	333	1
458	339	1
458	341	1
458	344	1
458	361	1
458	362	1
458	363	1
458	367	1
458	384	1
458	393	1
458	401	1
458	406	1
458	420	1
458	423	1
458	429	1
458	431	1
458	433	1
458	435	1
458	439	1
458	440	1
458	441	1
458	451	1
458	453	1
458	456	1
458	460	1
458	465	1
458	467	1
459	17	1
459	68	1
459	204	1
459	243	1
459	256	1
459	291	1
459	302	1
459	325	1
459	326	1
459	332	1
459	339	1
459	358	1
459	367	1
459	374	1
459	376	1
459	385	1
459	395	1
459	396	1
459	408	1
459	409	1
459	412	1
459	413	1
459	418	1
459	422	1
459	424	1
459	426	1
459	428	1
459	432	1
459	434	1
459	435	1
459	436	1
459	440	1
459	441	1
459	453	1
459	460	1
459	466	1
460	246	1
460	287	1
460	297	1
460	314	1
460	321	1
460	327	1
460	330	1
460	336	1
460	347	1
460	350	1
460	360	1
460	364	1
460	366	1
460	376	1
460	379	1
460	381	1
460	386	1
460	389	1
460	391	1
460	393	1
460	394	1
460	397	1
460	399	1
460	412	1
460	414	1
460	415	1
460	417	1
460	424	1
460	425	1
460	433	1
460	437	1
460	449	1
460	451	1
460	452	1
460	455	1
460	459	1
461	224	1
461	232	1
461	238	1
461	267	1
461	272	1
461	275	1
461	277	1
461	280	1
461	306	1
461	309	1
461	329	1
461	332	1
461	337	1
461	350	1
461	360	1
461	365	1
461	398	1
461	400	1
461	403	1
461	411	1
461	412	1
461	413	1
461	415	1
461	416	1
461	419	1
461	427	1
461	431	1
461	439	1
461	440	1
461	444	1
461	448	1
461	453	1
461	455	1
461	458	1
461	463	1
461	467	1
462	31	1
462	128	1
462	307	1
462	309	1
462	315	1
462	320	1
462	329	1
462	343	1
462	365	1
462	367	1
462	371	1
462	373	1
462	377	1
462	382	1
462	391	1
462	392	1
462	409	1
462	413	1
462	416	1
462	418	1
462	421	1
462	424	1
462	430	1
462	435	1
462	437	1
462	438	1
462	442	1
462	443	1
462	446	1
462	448	1
462	449	1
462	450	1
462	456	1
462	459	1
462	460	1
462	461	1
463	49	1
463	130	1
463	156	1
463	255	1
463	327	1
463	335	1
463	341	1
463	358	1
463	366	1
463	371	1
463	373	1
463	375	1
463	376	1
463	377	1
463	384	1
463	386	1
463	389	1
463	391	1
463	393	1
463	399	1
463	406	1
463	413	1
463	415	1
463	418	1
463	419	1
463	426	1
463	435	1
463	439	1
463	443	1
463	444	1
463	445	1
463	449	1
463	454	1
463	464	1
463	465	1
463	466	1
464	187	1
464	188	1
464	219	1
464	222	1
464	257	1
464	268	1
464	270	1
464	315	1
464	319	1
464	322	1
464	335	1
464	350	1
464	353	1
464	354	1
464	355	1
464	356	1
464	359	1
464	369	1
464	370	1
464	373	1
464	384	1
464	386	1
464	392	1
464	393	1
464	411	1
464	419	1
464	421	1
464	424	1
464	425	1
464	429	1
464	431	1
464	434	1
464	440	1
464	444	1
464	447	1
464	450	1
464	459	1
465	194	1
465	238	1
465	285	1
465	294	1
465	314	1
465	315	1
465	316	1
465	317	1
465	321	1
465	323	1
465	325	1
465	354	1
465	362	1
465	369	1
465	371	1
465	373	1
465	381	1
465	382	1
465	385	1
465	387	1
465	393	1
465	398	1
465	399	1
465	403	1
465	405	1
465	415	1
465	417	1
465	420	1
465	430	1
465	432	1
465	440	1
465	441	1
465	446	1
465	459	1
465	464	1
465	465	1
465	466	1
466	215	1
466	293	1
466	305	1
466	307	1
466	310	1
466	315	1
466	319	1
466	321	1
466	322	1
466	323	1
466	324	1
466	328	1
466	331	1
466	343	1
466	357	1
466	361	1
466	363	1
466	365	1
466	376	1
466	389	1
466	395	1
466	397	1
466	399	1
466	417	1
466	420	1
466	423	1
466	425	1
466	426	1
466	431	1
466	432	1
466	433	1
466	444	1
466	447	1
466	449	1
466	451	1
466	456	1
466	465	1
467	155	1
467	250	1
467	284	1
467	288	1
467	317	1
467	324	1
467	326	1
467	333	1
467	334	1
467	338	1
467	359	1
467	362	1
467	364	1
467	374	1
467	380	1
467	382	1
467	383	1
467	388	1
467	389	1
467	394	1
467	400	1
467	404	1
467	408	1
467	415	1
467	423	1
467	424	1
467	426	1
467	433	1
467	437	1
467	439	1
467	440	1
467	441	1
467	443	1
467	449	1
467	454	1
467	462	1
467	467	1
468	124	1
468	132	1
468	235	1
468	236	1
468	241	1
468	249	1
468	268	1
468	278	1
468	301	1
468	321	1
468	327	1
468	333	1
468	342	1
468	352	1
468	362	1
468	374	1
468	378	1
468	379	1
468	389	1
468	394	1
468	397	1
468	417	1
468	418	1
468	423	1
468	429	1
468	434	1
468	435	1
468	438	1
468	441	1
468	443	1
468	448	1
468	450	1
468	457	1
468	459	1
468	462	1
468	463	1
468	465	1
469	258	1
469	279	1
469	293	1
469	304	1
469	308	1
469	311	1
469	333	1
469	336	1
469	337	1
469	339	1
469	341	1
469	350	1
469	357	1
469	366	1
469	379	1
469	387	1
469	390	1
469	395	1
469	399	1
469	400	1
469	401	1
469	402	1
469	404	1
469	406	1
469	410	1
469	413	1
469	414	1
469	428	1
469	436	1
469	442	1
469	446	1
469	451	1
469	452	1
469	455	1
469	457	1
469	461	1
469	465	1
470	208	1
470	237	1
470	256	1
470	262	1
470	264	1
470	265	1
470	280	1
470	281	1
470	283	1
470	287	1
470	311	1
470	324	1
470	329	1
470	331	1
470	336	1
470	351	1
470	354	1
470	356	1
470	361	1
470	365	1
470	368	1
470	380	1
470	385	1
470	390	1
470	391	1
470	396	1
470	397	1
470	406	1
470	408	1
470	423	1
470	433	1
470	450	1
470	453	1
470	457	1
470	458	1
470	460	1
470	462	1
470	463	1
471	258	1
471	278	1
471	279	1
471	280	1
471	290	1
471	294	1
471	304	1
471	310	1
471	311	1
471	312	1
471	329	1
471	333	1
471	353	1
471	354	1
471	355	1
471	356	1
471	357	1
471	359	1
471	363	1
471	374	1
471	375	1
471	383	1
471	386	1
471	388	1
471	390	1
471	397	1
471	400	1
471	412	1
471	414	1
471	416	1
471	420	1
471	425	1
471	450	1
471	451	1
471	453	1
471	457	1
471	459	1
471	464	1
472	152	1
472	196	1
472	218	1
472	246	1
472	247	1
472	248	1
472	252	1
472	254	1
472	279	1
472	280	1
472	301	1
472	305	1
472	318	1
472	325	1
472	336	1
472	342	1
472	343	1
472	349	1
472	352	1
472	355	1
472	370	1
472	380	1
472	392	1
472	404	1
472	407	1
472	411	1
472	419	1
472	420	1
472	427	1
472	433	1
472	440	1
472	443	1
472	454	1
472	455	1
472	458	1
472	459	1
472	464	1
472	465	1
472	466	1
473	216	1
473	262	1
473	291	1
473	312	1
473	319	1
473	325	1
473	336	1
473	337	1
473	343	1
473	364	1
473	371	1
473	377	1
473	379	1
473	382	1
473	385	1
473	391	1
473	396	1
473	399	1
473	403	1
473	407	1
473	411	1
473	415	1
473	416	1
473	421	1
473	430	1
473	431	1
473	435	1
473	438	1
473	440	1
473	441	1
473	443	1
473	448	1
473	449	1
473	451	1
473	458	1
473	459	1
473	462	1
473	463	1
473	465	1
473	466	1
474	5	1
474	36	1
474	174	1
474	206	1
474	246	1
474	257	1
474	277	1
474	314	1
474	318	1
474	322	1
474	329	1
474	336	1
474	355	1
474	358	1
474	369	1
474	372	1
474	373	1
474	376	1
474	385	1
474	386	1
474	387	1
474	389	1
474	395	1
474	397	1
474	400	1
474	403	1
474	424	1
474	430	1
474	441	1
474	443	1
474	445	1
474	448	1
474	449	1
474	453	1
474	454	1
474	459	1
474	460	1
474	464	1
474	466	1
474	467	1
475	12	1
475	131	1
475	142	1
475	202	1
475	255	1
475	284	1
475	293	1
475	301	1
475	305	1
475	322	1
475	337	1
475	343	1
475	349	1
475	352	1
475	357	1
475	360	1
475	364	1
475	367	1
475	382	1
475	394	1
475	396	1
475	399	1
475	400	1
475	403	1
475	405	1
475	406	1
475	407	1
475	418	1
475	425	1
475	426	1
475	429	1
475	435	1
475	437	1
475	438	1
475	439	1
475	442	1
475	450	1
475	455	1
475	462	1
475	464	1
475	466	1
476	221	1
476	243	1
476	290	1
476	305	1
476	309	1
476	320	1
476	323	1
476	334	1
476	335	1
476	338	1
476	347	1
476	356	1
476	358	1
476	359	1
476	365	1
476	369	1
476	376	1
476	379	1
476	380	1
476	383	1
476	384	1
476	387	1
476	394	1
476	405	1
476	407	1
476	409	1
476	411	1
476	414	1
476	418	1
476	419	1
476	422	1
476	425	1
476	430	1
476	435	1
476	447	1
476	451	1
476	452	1
476	453	1
476	458	1
476	462	1
476	464	1
477	34	1
477	90	1
477	238	1
477	249	1
477	252	1
477	253	1
477	269	1
477	310	1
477	314	1
477	337	1
477	340	1
477	344	1
477	352	1
477	363	1
477	365	1
477	366	1
477	367	1
477	372	1
477	378	1
477	387	1
477	391	1
477	393	1
477	394	1
477	399	1
477	407	1
477	414	1
477	415	1
477	416	1
477	419	1
477	428	1
477	430	1
477	440	1
477	442	1
477	443	1
477	444	1
477	447	1
477	450	1
477	453	1
477	456	1
477	464	1
477	465	1
478	137	1
478	175	1
478	227	1
478	247	1
478	275	1
478	276	1
478	303	1
478	305	1
478	311	1
478	314	1
478	321	1
478	325	1
478	329	1
478	330	1
478	340	1
478	345	1
478	347	1
478	348	1
478	362	1
478	365	1
478	372	1
478	373	1
478	378	1
478	379	1
478	390	1
478	392	1
478	398	1
478	399	1
478	404	1
478	407	1
478	411	1
478	412	1
478	415	1
478	416	1
478	417	1
478	419	1
478	426	1
478	428	1
478	438	1
478	439	1
478	442	1
479	52	1
479	152	1
479	198	1
479	215	1
479	252	1
479	253	1
479	283	1
479	286	1
479	307	1
479	330	1
479	331	1
479	337	1
479	346	1
479	355	1
479	366	1
479	367	1
479	377	1
479	378	1
479	382	1
479	392	1
479	399	1
479	403	1
479	404	1
479	406	1
479	408	1
479	409	1
479	410	1
479	415	1
479	416	1
479	422	1
479	426	1
479	427	1
479	435	1
479	436	1
479	447	1
479	449	1
479	454	1
479	455	1
479	463	1
479	464	1
479	467	1
480	196	1
480	224	1
480	250	1
480	252	1
480	256	1
480	260	1
480	269	1
480	271	1
480	289	1
480	292	1
480	294	1
480	297	1
480	305	1
480	321	1
480	322	1
480	324	1
480	328	1
480	334	1
480	335	1
480	349	1
480	366	1
480	369	1
480	370	1
480	374	1
480	376	1
480	389	1
480	399	1
480	403	1
480	406	1
480	414	1
480	420	1
480	427	1
480	428	1
480	432	1
480	434	1
480	436	1
480	437	1
480	439	1
480	441	1
480	459	1
480	460	1
481	154	1
481	183	1
481	204	1
481	271	1
481	272	1
481	305	1
481	307	1
481	316	1
481	318	1
481	329	1
481	339	1
481	346	1
481	349	1
481	351	1
481	360	1
481	367	1
481	368	1
481	373	1
481	377	1
481	387	1
481	391	1
481	393	1
481	397	1
481	401	1
481	403	1
481	407	1
481	414	1
481	417	1
481	421	1
481	422	1
481	424	1
481	426	1
481	430	1
481	438	1
481	442	1
481	444	1
481	445	1
481	446	1
481	448	1
481	451	1
481	466	1
482	134	1
482	152	1
482	159	1
482	161	1
482	195	1
482	259	1
482	301	1
482	318	1
482	323	1
482	327	1
482	331	1
482	341	1
482	345	1
482	346	1
482	351	1
482	353	1
482	354	1
482	357	1
482	364	1
482	369	1
482	370	1
482	373	1
482	380	1
482	382	1
482	390	1
482	396	1
482	397	1
482	398	1
482	401	1
482	404	1
482	413	1
482	414	1
482	416	1
482	426	1
482	430	1
482	431	1
482	440	1
482	456	1
482	457	1
482	463	1
482	465	1
483	152	1
483	179	1
483	210	1
483	226	1
483	239	1
483	247	1
483	252	1
483	279	1
483	289	1
483	301	1
483	322	1
483	325	1
483	330	1
483	332	1
483	340	1
483	342	1
483	348	1
483	353	1
483	354	1
483	355	1
483	357	1
483	365	1
483	374	1
483	387	1
483	405	1
483	407	1
483	416	1
483	418	1
483	422	1
483	427	1
483	428	1
483	430	1
483	431	1
483	433	1
483	441	1
483	447	1
483	456	1
483	460	1
483	463	1
483	464	1
483	467	1
484	41	1
484	108	1
484	225	1
484	259	1
484	261	1
484	265	1
484	288	1
484	320	1
484	333	1
484	342	1
484	345	1
484	349	1
484	357	1
484	365	1
484	371	1
484	380	1
484	391	1
484	396	1
484	399	1
484	403	1
484	404	1
484	406	1
484	412	1
484	417	1
484	429	1
484	430	1
484	432	1
484	434	1
484	439	1
484	442	1
484	444	1
484	447	1
484	449	1
484	452	1
484	453	1
484	454	1
484	457	1
484	460	1
484	461	1
484	463	1
484	465	1
484	467	1
485	185	1
485	250	1
485	252	1
485	293	1
485	294	1
485	311	1
485	320	1
485	326	1
485	335	1
485	338	1
485	339	1
485	343	1
485	346	1
485	368	1
485	372	1
485	376	1
485	380	1
485	381	1
485	382	1
485	393	1
485	394	1
485	396	1
485	401	1
485	402	1
485	404	1
485	405	1
485	410	1
485	412	1
485	419	1
485	425	1
485	428	1
485	433	1
485	437	1
485	439	1
485	440	1
485	445	1
485	450	1
485	454	1
485	456	1
485	457	1
485	460	1
485	461	1
485	463	1
486	50	1
486	169	1
486	194	1
486	200	1
486	256	1
486	258	1
486	315	1
486	325	1
486	335	1
486	336	1
486	340	1
486	342	1
486	347	1
486	351	1
486	356	1
486	361	1
486	362	1
486	363	1
486	378	1
486	381	1
486	384	1
486	386	1
486	408	1
486	416	1
486	422	1
486	424	1
486	425	1
486	426	1
486	427	1
486	429	1
486	433	1
486	436	1
486	442	1
486	448	1
486	450	1
486	452	1
486	453	1
486	456	1
486	460	1
486	461	1
486	463	1
486	466	1
486	467	1
487	157	1
487	172	1
487	270	1
487	277	1
487	286	1
487	295	1
487	296	1
487	301	1
487	328	1
487	329	1
487	333	1
487	335	1
487	347	1
487	348	1
487	350	1
487	353	1
487	361	1
487	369	1
487	375	1
487	383	1
487	388	1
487	389	1
487	391	1
487	392	1
487	393	1
487	395	1
487	397	1
487	403	1
487	404	1
487	408	1
487	410	1
487	418	1
487	419	1
487	421	1
487	423	1
487	425	1
487	429	1
487	431	1
487	436	1
487	438	1
487	448	1
487	458	1
487	461	1
488	219	1
488	222	1
488	236	1
488	254	1
488	259	1
488	260	1
488	271	1
488	281	1
488	282	1
488	289	1
488	294	1
488	303	1
488	305	1
488	310	1
488	329	1
488	332	1
488	333	1
488	338	1
488	342	1
488	344	1
488	348	1
488	365	1
488	370	1
488	371	1
488	377	1
488	378	1
488	382	1
488	396	1
488	403	1
488	407	1
488	408	1
488	413	1
488	415	1
488	423	1
488	426	1
488	430	1
488	431	1
488	442	1
488	446	1
488	452	1
488	457	1
488	464	1
488	466	1
489	87	1
489	224	1
489	251	1
489	253	1
489	267	1
489	274	1
489	276	1
489	281	1
489	295	1
489	297	1
489	300	1
489	309	1
489	323	1
489	336	1
489	354	1
489	355	1
489	359	1
489	363	1
489	384	1
489	393	1
489	397	1
489	406	1
489	408	1
489	409	1
489	410	1
489	411	1
489	412	1
489	413	1
489	423	1
489	424	1
489	429	1
489	430	1
489	435	1
489	436	1
489	437	1
489	445	1
489	446	1
489	447	1
489	448	1
489	451	1
489	459	1
489	460	1
489	462	1
490	103	1
490	230	1
490	241	1
490	262	1
490	271	1
490	281	1
490	299	1
490	303	1
490	309	1
490	312	1
490	320	1
490	323	1
490	336	1
490	344	1
490	350	1
490	351	1
490	358	1
490	359	1
490	360	1
490	366	1
490	370	1
490	371	1
490	376	1
490	379	1
490	381	1
490	382	1
490	383	1
490	406	1
490	414	1
490	417	1
490	424	1
490	429	1
490	430	1
490	431	1
490	434	1
490	444	1
490	445	1
490	446	1
490	450	1
490	462	1
490	464	1
490	466	1
490	467	1
491	119	1
491	151	1
491	157	1
491	160	1
491	193	1
491	208	1
491	235	1
491	237	1
491	245	1
491	247	1
491	262	1
491	276	1
491	301	1
491	331	1
491	350	1
491	357	1
491	362	1
491	364	1
491	370	1
491	372	1
491	379	1
491	381	1
491	382	1
491	386	1
491	387	1
491	389	1
491	394	1
491	397	1
491	403	1
491	410	1
491	417	1
491	418	1
491	419	1
491	429	1
491	431	1
491	435	1
491	436	1
491	442	1
491	444	1
491	447	1
491	456	1
491	459	1
491	463	1
491	464	1
492	34	1
492	233	1
492	242	1
492	263	1
492	284	1
492	293	1
492	300	1
492	303	1
492	306	1
492	311	1
492	319	1
492	335	1
492	338	1
492	342	1
492	343	1
492	352	1
492	358	1
492	359	1
492	362	1
492	366	1
492	372	1
492	383	1
492	386	1
492	390	1
492	394	1
492	396	1
492	398	1
492	400	1
492	404	1
492	407	1
492	414	1
492	416	1
492	423	1
492	424	1
492	426	1
492	427	1
492	436	1
492	440	1
492	442	1
492	446	1
492	454	1
492	458	1
492	461	1
492	462	1
492	463	1
493	211	1
493	239	1
493	252	1
493	275	1
493	295	1
493	314	1
493	325	1
493	327	1
493	336	1
493	338	1
493	346	1
493	352	1
493	358	1
493	360	1
493	362	1
493	371	1
493	373	1
493	381	1
493	383	1
493	388	1
493	389	1
493	396	1
493	397	1
493	398	1
493	400	1
493	402	1
493	403	1
493	404	1
493	410	1
493	415	1
493	426	1
493	427	1
493	428	1
493	431	1
493	436	1
493	438	1
493	439	1
493	445	1
493	448	1
493	453	1
493	455	1
493	457	1
493	458	1
493	459	1
493	460	1
493	465	1
494	24	1
494	45	1
494	194	1
494	238	1
494	274	1
494	279	1
494	285	1
494	289	1
494	291	1
494	301	1
494	303	1
494	309	1
494	312	1
494	315	1
494	318	1
494	334	1
494	340	1
494	347	1
494	351	1
494	353	1
494	359	1
494	367	1
494	369	1
494	370	1
494	373	1
494	386	1
494	387	1
494	388	1
494	401	1
494	408	1
494	409	1
494	416	1
494	428	1
494	429	1
494	431	1
494	433	1
494	434	1
494	436	1
494	437	1
494	439	1
494	441	1
494	443	1
494	447	1
494	454	1
494	456	1
494	459	1
494	461	1
495	162	1
495	179	1
495	216	1
495	221	1
495	258	1
495	312	1
495	320	1
495	337	1
495	338	1
495	341	1
495	342	1
495	343	1
495	347	1
495	348	1
495	353	1
495	363	1
495	367	1
495	368	1
495	369	1
495	372	1
495	377	1
495	378	1
495	384	1
495	387	1
495	393	1
495	395	1
495	397	1
495	405	1
495	406	1
495	409	1
495	410	1
495	411	1
495	413	1
495	416	1
495	423	1
495	424	1
495	435	1
495	437	1
495	438	1
495	439	1
495	448	1
495	451	1
495	454	1
495	456	1
495	457	1
495	459	1
495	464	1
495	467	1
496	150	1
496	158	1
496	177	1
496	250	1
496	252	1
496	264	1
496	276	1
496	299	1
496	323	1
496	326	1
496	335	1
496	338	1
496	344	1
496	345	1
496	350	1
496	356	1
496	360	1
496	361	1
496	367	1
496	375	1
496	378	1
496	381	1
496	383	1
496	384	1
496	385	1
496	388	1
496	396	1
496	399	1
496	404	1
496	405	1
496	406	1
496	412	1
496	415	1
496	416	1
496	418	1
496	420	1
496	434	1
496	439	1
496	440	1
496	444	1
496	446	1
496	447	1
496	450	1
496	451	1
496	456	1
496	458	1
496	460	1
496	465	1
496	466	1
497	55	1
497	215	1
497	247	1
497	263	1
497	271	1
497	278	1
497	317	1
497	341	1
497	343	1
497	348	1
497	349	1
497	366	1
497	368	1
497	369	1
497	370	1
497	374	1
497	377	1
497	384	1
497	385	1
497	387	1
497	388	1
497	392	1
497	393	1
497	394	1
497	396	1
497	399	1
497	400	1
497	404	1
497	411	1
497	413	1
497	420	1
497	422	1
497	424	1
497	425	1
497	433	1
497	440	1
497	444	1
497	447	1
497	449	1
497	454	1
497	455	1
497	456	1
497	458	1
497	460	1
497	461	1
497	463	1
497	464	1
497	465	1
497	467	1
498	73	1
498	149	1
498	176	1
498	212	1
498	220	1
498	222	1
498	226	1
498	230	1
498	238	1
498	251	1
498	255	1
498	280	1
498	306	1
498	316	1
498	319	1
498	325	1
498	329	1
498	332	1
498	337	1
498	347	1
498	350	1
498	352	1
498	353	1
498	361	1
498	369	1
498	370	1
498	372	1
498	375	1
498	393	1
498	401	1
498	408	1
498	409	1
498	411	1
498	419	1
498	421	1
498	422	1
498	426	1
498	427	1
498	428	1
498	431	1
498	436	1
498	442	1
498	443	1
498	445	1
498	452	1
498	456	1
498	464	1
498	466	1
498	467	1
499	21	1
499	189	1
499	216	1
499	244	1
499	308	1
499	309	1
499	319	1
499	330	1
499	331	1
499	332	1
499	335	1
499	345	1
499	348	1
499	354	1
499	359	1
499	360	1
499	361	1
499	366	1
499	374	1
499	382	1
499	390	1
499	394	1
499	396	1
499	399	1
499	403	1
499	404	1
499	405	1
499	408	1
499	412	1
499	414	1
499	416	1
499	418	1
499	422	1
499	424	1
499	429	1
499	432	1
499	434	1
499	436	1
499	439	1
499	444	1
499	447	1
499	448	1
499	449	1
499	450	1
499	451	1
499	454	1
499	457	1
499	466	1
499	467	1
500	14	1
500	81	1
500	182	1
500	236	1
500	241	1
500	243	1
500	284	1
500	305	1
500	308	1
500	324	1
500	330	1
500	334	1
500	347	1
500	356	1
500	357	1
500	358	1
500	360	1
500	365	1
500	368	1
500	374	1
500	378	1
500	382	1
500	384	1
500	387	1
500	388	1
500	394	1
500	395	1
500	399	1
500	400	1
500	403	1
500	404	1
500	406	1
500	408	1
500	414	1
500	420	1
500	429	1
500	432	1
500	433	1
500	437	1
500	439	1
500	441	1
500	446	1
500	449	1
500	454	1
500	457	1
500	461	1
500	462	1
500	463	1
500	466	1
501	11	1
501	233	1
501	269	1
501	280	1
501	284	1
501	287	1
501	290	1
501	301	1
501	306	1
501	308	1
501	309	1
501	311	1
501	332	1
501	334	1
501	336	1
501	339	1
501	342	1
501	343	1
501	352	1
501	354	1
501	361	1
501	363	1
501	365	1
501	366	1
501	367	1
501	369	1
501	370	1
501	376	1
501	378	1
501	379	1
501	385	1
501	387	1
501	392	1
501	394	1
501	404	1
501	406	1
501	413	1
501	414	1
501	428	1
501	430	1
501	437	1
501	441	1
501	443	1
501	449	1
501	459	1
501	460	1
501	461	1
501	463	1
501	467	1
502	43	1
502	151	1
502	205	1
502	226	1
502	272	1
502	296	1
502	309	1
502	310	1
502	322	1
502	327	1
502	338	1
502	339	1
502	340	1
502	368	1
502	371	1
502	372	1
502	374	1
502	379	1
502	380	1
502	385	1
502	389	1
502	390	1
502	394	1
502	395	1
502	396	1
502	397	1
502	399	1
502	401	1
502	402	1
502	406	1
502	408	1
502	410	1
502	412	1
502	414	1
502	416	1
502	419	1
502	420	1
502	423	1
502	431	1
502	432	1
502	438	1
502	441	1
502	442	1
502	445	1
502	446	1
502	450	1
502	451	1
502	460	1
502	463	1
502	465	1
503	122	1
503	172	1
503	184	1
503	249	1
503	263	1
503	271	1
503	273	1
503	275	1
503	282	1
503	286	1
503	289	1
503	293	1
503	298	1
503	307	1
503	311	1
503	320	1
503	321	1
503	325	1
503	334	1
503	348	1
503	353	1
503	357	1
503	365	1
503	369	1
503	372	1
503	383	1
503	387	1
503	394	1
503	396	1
503	397	1
503	406	1
503	407	1
503	414	1
503	417	1
503	418	1
503	420	1
503	423	1
503	425	1
503	434	1
503	437	1
503	438	1
503	439	1
503	440	1
503	444	1
503	447	1
503	449	1
503	450	1
503	455	1
503	458	1
503	460	1
503	462	1
504	37	1
504	89	1
504	216	1
504	240	1
504	255	1
504	261	1
504	270	1
504	284	1
504	298	1
504	301	1
504	309	1
504	316	1
504	317	1
504	318	1
504	325	1
504	328	1
504	340	1
504	343	1
504	345	1
504	346	1
504	349	1
504	350	1
504	365	1
504	366	1
504	373	1
504	378	1
504	379	1
504	380	1
504	385	1
504	388	1
504	390	1
504	393	1
504	395	1
504	397	1
504	399	1
504	403	1
504	413	1
504	421	1
504	428	1
504	431	1
504	437	1
504	438	1
504	441	1
504	442	1
504	445	1
504	449	1
504	452	1
504	455	1
504	457	1
504	461	1
504	463	1
504	464	1
505	8	1
505	59	1
505	109	1
505	122	1
505	166	1
505	178	1
505	179	1
505	204	1
505	208	1
505	218	1
505	240	1
505	243	1
505	261	1
505	273	1
505	281	1
505	283	1
505	284	1
505	314	1
505	316	1
505	332	1
505	333	1
505	338	1
505	342	1
505	343	1
505	350	1
505	360	1
505	370	1
505	371	1
505	380	1
505	381	1
505	391	1
505	399	1
505	400	1
505	401	1
505	404	1
505	410	1
505	412	1
505	420	1
505	424	1
505	428	1
505	430	1
505	434	1
505	435	1
505	437	1
505	438	1
505	440	1
505	449	1
505	457	1
505	461	1
505	462	1
505	463	1
505	464	1
505	467	1
506	70	1
506	165	1
506	193	1
506	198	1
506	211	1
506	230	1
506	247	1
506	256	1
506	270	1
506	287	1
506	322	1
506	324	1
506	327	1
506	328	1
506	329	1
506	333	1
506	335	1
506	344	1
506	354	1
506	355	1
506	362	1
506	363	1
506	364	1
506	377	1
506	378	1
506	380	1
506	381	1
506	383	1
506	384	1
506	389	1
506	400	1
506	403	1
506	415	1
506	418	1
506	424	1
506	426	1
506	431	1
506	433	1
506	435	1
506	436	1
506	439	1
506	441	1
506	446	1
506	453	1
506	455	1
506	456	1
506	457	1
506	459	1
506	461	1
506	463	1
506	464	1
506	466	1
506	467	1
507	42	1
507	80	1
507	86	1
507	187	1
507	189	1
507	208	1
507	218	1
507	232	1
507	245	1
507	267	1
507	268	1
507	285	1
507	289	1
507	292	1
507	298	1
507	317	1
507	323	1
507	335	1
507	339	1
507	347	1
507	348	1
507	354	1
507	358	1
507	367	1
507	380	1
507	381	1
507	382	1
507	383	1
507	385	1
507	391	1
507	397	1
507	401	1
507	405	1
507	412	1
507	418	1
507	419	1
507	421	1
507	422	1
507	425	1
507	427	1
507	432	1
507	438	1
507	439	1
507	448	1
507	450	1
507	455	1
507	456	1
507	458	1
507	459	1
507	460	1
507	461	1
507	462	1
507	466	1
508	35	1
508	139	1
508	182	1
508	190	1
508	236	1
508	237	1
508	246	1
508	249	1
508	259	1
508	287	1
508	294	1
508	308	1
508	310	1
508	322	1
508	325	1
508	330	1
508	334	1
508	338	1
508	340	1
508	344	1
508	350	1
508	358	1
508	359	1
508	361	1
508	371	1
508	372	1
508	379	1
508	382	1
508	385	1
508	397	1
508	400	1
508	402	1
508	403	1
508	405	1
508	409	1
508	417	1
508	420	1
508	421	1
508	424	1
508	426	1
508	428	1
508	433	1
508	435	1
508	439	1
508	440	1
508	441	1
508	447	1
508	449	1
508	450	1
508	454	1
508	455	1
508	456	1
508	464	1
508	465	1
509	143	1
509	173	1
509	192	1
509	269	1
509	284	1
509	286	1
509	295	1
509	297	1
509	301	1
509	308	1
509	311	1
509	314	1
509	320	1
509	322	1
509	328	1
509	329	1
509	336	1
509	359	1
509	360	1
509	364	1
509	368	1
509	369	1
509	374	1
509	376	1
509	380	1
509	382	1
509	384	1
509	386	1
509	388	1
509	389	1
509	392	1
509	393	1
509	395	1
509	397	1
509	398	1
509	399	1
509	402	1
509	404	1
509	418	1
509	419	1
509	420	1
509	423	1
509	425	1
509	426	1
509	427	1
509	429	1
509	433	1
509	440	1
509	447	1
509	452	1
509	453	1
509	459	1
509	463	1
509	464	1
509	467	1
510	185	1
510	223	1
510	237	1
510	240	1
510	250	1
510	259	1
510	272	1
510	281	1
510	296	1
510	297	1
510	304	1
510	309	1
510	312	1
510	317	1
510	318	1
510	322	1
510	328	1
510	332	1
510	337	1
510	345	1
510	348	1
510	352	1
510	355	1
510	360	1
510	366	1
510	370	1
510	373	1
510	375	1
510	380	1
510	383	1
510	388	1
510	389	1
510	396	1
510	401	1
510	404	1
510	405	1
510	406	1
510	407	1
510	414	1
510	416	1
510	417	1
510	418	1
510	419	1
510	422	1
510	426	1
510	428	1
510	432	1
510	433	1
510	438	1
510	448	1
510	450	1
510	456	1
510	458	1
510	459	1
510	461	1
510	467	1
511	63	1
511	162	1
511	175	1
511	217	1
511	229	1
511	258	1
511	270	1
511	281	1
511	292	1
511	294	1
511	299	1
511	303	1
511	306	1
511	307	1
511	314	1
511	317	1
511	318	1
511	324	1
511	330	1
511	336	1
511	337	1
511	341	1
511	346	1
511	349	1
511	354	1
511	355	1
511	357	1
511	361	1
511	364	1
511	365	1
511	367	1
511	369	1
511	370	1
511	374	1
511	376	1
511	387	1
511	391	1
511	394	1
511	396	1
511	402	1
511	403	1
511	405	1
511	412	1
511	414	1
511	418	1
511	421	1
511	430	1
511	431	1
511	433	1
511	442	1
511	444	1
511	446	1
511	450	1
511	454	1
511	456	1
511	459	1
511	462	1
512	37	1
512	40	1
512	76	1
512	151	1
512	170	1
512	206	1
512	234	1
512	236	1
512	270	1
512	274	1
512	291	1
512	312	1
512	315	1
512	324	1
512	328	1
512	329	1
512	330	1
512	331	1
512	335	1
512	337	1
512	346	1
512	352	1
512	354	1
512	358	1
512	360	1
512	363	1
512	365	1
512	369	1
512	375	1
512	379	1
512	381	1
512	383	1
512	386	1
512	387	1
512	388	1
512	392	1
512	395	1
512	398	1
512	408	1
512	413	1
512	414	1
512	415	1
512	418	1
512	419	1
512	425	1
512	434	1
512	436	1
512	437	1
512	444	1
512	445	1
512	446	1
512	453	1
512	461	1
512	462	1
512	464	1
512	465	1
512	466	1
512	467	1
513	93	1
513	155	1
513	210	1
513	228	1
513	242	1
513	261	1
513	263	1
513	275	1
513	276	1
513	278	1
513	280	1
513	293	1
513	301	1
513	302	1
513	312	1
513	317	1
513	323	1
513	333	1
513	345	1
513	350	1
513	355	1
513	363	1
513	369	1
513	374	1
513	375	1
513	377	1
513	378	1
513	381	1
513	382	1
513	385	1
513	387	1
513	388	1
513	390	1
513	396	1
513	398	1
513	399	1
513	400	1
513	404	1
513	414	1
513	416	1
513	417	1
513	421	1
513	427	1
513	428	1
513	430	1
513	440	1
513	442	1
513	444	1
513	447	1
513	454	1
513	455	1
513	457	1
513	458	1
513	459	1
513	461	1
513	462	1
513	463	1
513	465	1
513	466	1
514	69	1
514	131	1
514	163	1
514	190	1
514	199	1
514	277	1
514	287	1
514	290	1
514	306	1
514	312	1
514	318	1
514	322	1
514	343	1
514	346	1
514	350	1
514	353	1
514	354	1
514	355	1
514	357	1
514	362	1
514	363	1
514	366	1
514	367	1
514	370	1
514	375	1
514	379	1
514	380	1
514	383	1
514	385	1
514	393	1
514	396	1
514	400	1
514	409	1
514	410	1
514	412	1
514	413	1
514	414	1
514	416	1
514	421	1
514	422	1
514	423	1
514	431	1
514	432	1
514	434	1
514	435	1
514	439	1
514	441	1
514	443	1
514	444	1
514	445	1
514	446	1
514	450	1
514	451	1
514	454	1
514	455	1
514	459	1
514	461	1
514	462	1
514	463	1
514	464	1
515	23	1
515	114	1
515	196	1
515	204	1
515	219	1
515	249	1
515	279	1
515	282	1
515	288	1
515	290	1
515	291	1
515	295	1
515	297	1
515	299	1
515	302	1
515	312	1
515	314	1
515	315	1
515	319	1
515	331	1
515	332	1
515	340	1
515	344	1
515	347	1
515	348	1
515	351	1
515	354	1
515	363	1
515	366	1
515	371	1
515	372	1
515	375	1
515	376	1
515	382	1
515	384	1
515	385	1
515	386	1
515	388	1
515	392	1
515	396	1
515	397	1
515	398	1
515	399	1
515	402	1
515	419	1
515	420	1
515	425	1
515	427	1
515	434	1
515	435	1
515	436	1
515	440	1
515	441	1
515	442	1
515	444	1
515	445	1
515	448	1
515	452	1
515	458	1
515	465	1
516	11	1
516	142	1
516	193	1
516	223	1
516	272	1
516	275	1
516	277	1
516	290	1
516	291	1
516	298	1
516	304	1
516	307	1
516	315	1
516	317	1
516	318	1
516	320	1
516	329	1
516	346	1
516	347	1
516	348	1
516	363	1
516	372	1
516	374	1
516	377	1
516	381	1
516	382	1
516	383	1
516	384	1
516	391	1
516	392	1
516	395	1
516	400	1
516	404	1
516	407	1
516	408	1
516	410	1
516	413	1
516	414	1
516	415	1
516	416	1
516	420	1
516	421	1
516	422	1
516	428	1
516	433	1
516	435	1
516	437	1
516	439	1
516	440	1
516	441	1
516	443	1
516	446	1
516	449	1
516	450	1
516	460	1
516	461	1
516	462	1
516	463	1
516	465	1
516	467	1
517	101	1
517	250	1
517	258	1
517	277	1
517	285	1
517	300	1
517	307	1
517	309	1
517	315	1
517	319	1
517	322	1
517	325	1
517	331	1
517	333	1
517	334	1
517	336	1
517	337	1
517	341	1
517	344	1
517	354	1
517	355	1
517	357	1
517	359	1
517	360	1
517	362	1
517	365	1
517	371	1
517	373	1
517	379	1
517	381	1
517	387	1
517	389	1
517	391	1
517	393	1
517	397	1
517	407	1
517	408	1
517	409	1
517	410	1
517	412	1
517	414	1
517	416	1
517	417	1
517	419	1
517	421	1
517	426	1
517	433	1
517	434	1
517	435	1
517	437	1
517	438	1
517	441	1
517	442	1
517	443	1
517	445	1
517	450	1
517	453	1
517	461	1
517	463	1
517	465	1
517	467	1
518	36	1
518	161	1
518	205	1
518	240	1
518	241	1
518	242	1
518	246	1
518	254	1
518	255	1
518	271	1
518	276	1
518	283	1
518	289	1
518	296	1
518	300	1
518	314	1
518	325	1
518	331	1
518	332	1
518	333	1
518	347	1
518	356	1
518	358	1
518	362	1
518	369	1
518	370	1
518	373	1
518	376	1
518	378	1
518	379	1
518	384	1
518	386	1
518	393	1
518	399	1
518	401	1
518	402	1
518	403	1
518	405	1
518	409	1
518	410	1
518	411	1
518	416	1
518	421	1
518	423	1
518	427	1
518	429	1
518	430	1
518	431	1
518	437	1
518	438	1
518	440	1
518	441	1
518	443	1
518	445	1
518	446	1
518	448	1
518	455	1
518	456	1
518	457	1
518	460	1
518	462	1
518	467	1
519	171	1
519	178	1
519	214	1
519	228	1
519	230	1
519	255	1
519	261	1
519	264	1
519	267	1
519	277	1
519	281	1
519	284	1
519	289	1
519	300	1
519	308	1
519	309	1
519	320	1
519	321	1
519	324	1
519	327	1
519	328	1
519	343	1
519	356	1
519	362	1
519	365	1
519	366	1
519	367	1
519	371	1
519	372	1
519	375	1
519	376	1
519	378	1
519	381	1
519	384	1
519	392	1
519	394	1
519	396	1
519	397	1
519	401	1
519	406	1
519	407	1
519	413	1
519	414	1
519	416	1
519	420	1
519	422	1
519	423	1
519	427	1
519	429	1
519	430	1
519	431	1
519	433	1
519	434	1
519	440	1
519	447	1
519	451	1
519	454	1
519	455	1
519	456	1
519	459	1
519	460	1
519	464	1
520	133	1
520	136	1
520	146	1
520	184	1
520	229	1
520	244	1
520	251	1
520	264	1
520	268	1
520	269	1
520	271	1
520	275	1
520	291	1
520	298	1
520	299	1
520	301	1
520	316	1
520	326	1
520	329	1
520	331	1
520	333	1
520	338	1
520	341	1
520	344	1
520	345	1
520	356	1
520	364	1
520	366	1
520	379	1
520	380	1
520	384	1
520	387	1
520	389	1
520	392	1
520	399	1
520	401	1
520	402	1
520	403	1
520	404	1
520	407	1
520	410	1
520	413	1
520	414	1
520	415	1
520	417	1
520	420	1
520	422	1
520	423	1
520	429	1
520	435	1
520	440	1
520	444	1
520	445	1
520	446	1
520	450	1
520	453	1
520	455	1
520	457	1
520	458	1
520	461	1
520	462	1
520	467	1
521	60	1
521	61	1
521	88	1
521	145	1
521	184	1
521	237	1
521	259	1
521	273	1
521	287	1
521	299	1
521	300	1
521	304	1
521	307	1
521	325	1
521	327	1
521	329	1
521	333	1
521	338	1
521	345	1
521	349	1
521	350	1
521	351	1
521	352	1
521	358	1
521	360	1
521	364	1
521	366	1
521	376	1
521	379	1
521	380	1
521	381	1
521	384	1
521	385	1
521	389	1
521	390	1
521	394	1
521	397	1
521	398	1
521	400	1
521	401	1
521	408	1
521	412	1
521	418	1
521	420	1
521	421	1
521	424	1
521	426	1
521	429	1
521	432	1
521	436	1
521	439	1
521	440	1
521	444	1
521	445	1
521	447	1
521	450	1
521	452	1
521	453	1
521	457	1
521	461	1
521	462	1
521	465	1
521	467	1
522	44	1
522	113	1
522	159	1
522	171	1
522	212	1
522	232	1
522	237	1
522	247	1
522	251	1
522	257	1
522	259	1
522	282	1
522	286	1
522	287	1
522	301	1
522	307	1
522	317	1
522	328	1
522	330	1
522	337	1
522	345	1
522	348	1
522	349	1
522	351	1
522	352	1
522	355	1
522	357	1
522	361	1
522	371	1
522	374	1
522	375	1
522	379	1
522	388	1
522	393	1
522	395	1
522	396	1
522	403	1
522	404	1
522	405	1
522	407	1
522	409	1
522	414	1
522	415	1
522	416	1
522	419	1
522	420	1
522	421	1
522	424	1
522	426	1
522	428	1
522	437	1
522	438	1
522	445	1
522	448	1
522	449	1
522	451	1
522	453	1
522	456	1
522	457	1
522	459	1
522	460	1
522	462	1
522	463	1
522	465	1
523	37	1
523	92	1
523	169	1
523	186	1
523	205	1
523	231	1
523	252	1
523	253	1
523	256	1
523	257	1
523	264	1
523	278	1
523	282	1
523	294	1
523	311	1
523	312	1
523	314	1
523	317	1
523	331	1
523	338	1
523	341	1
523	344	1
523	347	1
523	356	1
523	362	1
523	365	1
523	366	1
523	369	1
523	370	1
523	372	1
523	375	1
523	376	1
523	379	1
523	381	1
523	386	1
523	387	1
523	390	1
523	395	1
523	397	1
523	398	1
523	399	1
523	401	1
523	402	1
523	405	1
523	406	1
523	412	1
523	413	1
523	415	1
523	416	1
523	418	1
523	420	1
523	421	1
523	422	1
523	425	1
523	430	1
523	433	1
523	436	1
523	438	1
523	439	1
523	447	1
523	448	1
523	451	1
523	454	1
523	460	1
523	466	1
524	68	1
524	183	1
524	200	1
524	226	1
524	234	1
524	244	1
524	249	1
524	255	1
524	263	1
524	266	1
524	272	1
524	281	1
524	285	1
524	310	1
524	316	1
524	317	1
524	322	1
524	324	1
524	325	1
524	326	1
524	334	1
524	336	1
524	338	1
524	342	1
524	343	1
524	350	1
524	352	1
524	356	1
524	364	1
524	370	1
524	373	1
524	382	1
524	386	1
524	389	1
524	391	1
524	392	1
524	401	1
524	402	1
524	405	1
524	407	1
524	413	1
524	417	1
524	419	1
524	420	1
524	422	1
524	425	1
524	427	1
524	428	1
524	431	1
524	433	1
524	436	1
524	438	1
524	442	1
524	446	1
524	447	1
524	448	1
524	449	1
524	450	1
524	451	1
524	455	1
524	460	1
524	462	1
524	463	1
524	464	1
524	465	1
524	466	1
525	12	1
525	156	1
525	242	1
525	245	1
525	249	1
525	279	1
525	287	1
525	302	1
525	307	1
525	318	1
525	328	1
525	331	1
525	336	1
525	345	1
525	348	1
525	351	1
525	357	1
525	362	1
525	363	1
525	367	1
525	368	1
525	370	1
525	371	1
525	379	1
525	381	1
525	384	1
525	388	1
525	390	1
525	391	1
525	392	1
525	395	1
525	397	1
525	398	1
525	400	1
525	401	1
525	402	1
525	408	1
525	412	1
525	415	1
525	422	1
525	423	1
525	426	1
525	429	1
525	431	1
525	432	1
525	434	1
525	435	1
525	438	1
525	439	1
525	440	1
525	442	1
525	446	1
525	447	1
525	448	1
525	449	1
525	451	1
525	453	1
525	454	1
525	455	1
525	456	1
525	457	1
525	459	1
525	460	1
525	462	1
525	463	1
525	465	1
525	466	1
526	165	1
526	216	1
526	242	1
526	268	1
526	283	1
526	284	1
526	295	1
526	296	1
526	302	1
526	319	1
526	326	1
526	331	1
526	339	1
526	340	1
526	347	1
526	348	1
526	349	1
526	356	1
526	365	1
526	369	1
526	374	1
526	375	1
526	380	1
526	382	1
526	385	1
526	389	1
526	391	1
526	392	1
526	393	1
526	395	1
526	397	1
526	398	1
526	400	1
526	402	1
526	404	1
526	405	1
526	408	1
526	410	1
526	412	1
526	413	1
526	415	1
526	416	1
526	417	1
526	418	1
526	420	1
526	423	1
526	426	1
526	429	1
526	431	1
526	432	1
526	433	1
526	437	1
526	438	1
526	440	1
526	441	1
526	442	1
526	444	1
526	447	1
526	448	1
526	449	1
526	450	1
526	452	1
526	459	1
526	460	1
526	462	1
526	464	1
526	465	1
526	467	1
527	181	1
527	225	1
527	257	1
527	259	1
527	266	1
527	275	1
527	280	1
527	288	1
527	299	1
527	300	1
527	312	1
527	315	1
527	318	1
527	321	1
527	333	1
527	336	1
527	341	1
527	343	1
527	347	1
527	349	1
527	350	1
527	357	1
527	361	1
527	362	1
527	366	1
527	369	1
527	373	1
527	374	1
527	385	1
527	388	1
527	390	1
527	394	1
527	395	1
527	400	1
527	402	1
527	403	1
527	405	1
527	410	1
527	411	1
527	412	1
527	413	1
527	415	1
527	420	1
527	422	1
527	428	1
527	429	1
527	430	1
527	432	1
527	433	1
527	434	1
527	435	1
527	436	1
527	443	1
527	444	1
527	445	1
527	446	1
527	447	1
527	451	1
527	452	1
527	454	1
527	455	1
527	456	1
527	457	1
527	458	1
527	460	1
527	462	1
527	464	1
527	467	1
528	105	1
528	136	1
528	150	1
528	179	1
528	217	1
528	224	1
528	234	1
528	243	1
528	250	1
528	264	1
528	267	1
528	277	1
528	278	1
528	285	1
528	289	1
528	290	1
528	299	1
528	307	1
528	310	1
528	316	1
528	323	1
528	325	1
528	328	1
528	329	1
528	341	1
528	342	1
528	348	1
528	349	1
528	355	1
528	360	1
528	363	1
528	366	1
528	373	1
528	377	1
528	378	1
528	383	1
528	386	1
528	388	1
528	391	1
528	393	1
528	397	1
528	401	1
528	404	1
528	405	1
528	407	1
528	408	1
528	411	1
528	414	1
528	416	1
528	417	1
528	420	1
528	422	1
528	423	1
528	424	1
528	428	1
528	429	1
528	432	1
528	433	1
528	437	1
528	439	1
528	442	1
528	443	1
528	446	1
528	448	1
528	450	1
528	455	1
528	466	1
528	467	1
529	52	1
529	115	1
529	122	1
529	141	1
529	162	1
529	206	1
529	255	1
529	260	1
529	262	1
529	267	1
529	270	1
529	275	1
529	282	1
529	286	1
529	296	1
529	306	1
529	314	1
529	318	1
529	334	1
529	340	1
529	342	1
529	348	1
529	352	1
529	353	1
529	355	1
529	359	1
529	360	1
529	362	1
529	366	1
529	369	1
529	370	1
529	372	1
529	374	1
529	376	1
529	380	1
529	382	1
529	383	1
529	388	1
529	390	1
529	393	1
529	400	1
529	402	1
529	403	1
529	411	1
529	412	1
529	421	1
529	423	1
529	428	1
529	429	1
529	430	1
529	432	1
529	436	1
529	438	1
529	439	1
529	440	1
529	441	1
529	442	1
529	448	1
529	449	1
529	450	1
529	453	1
529	454	1
529	455	1
529	456	1
529	457	1
529	458	1
529	463	1
529	467	1
530	28	1
530	75	1
530	241	1
530	256	1
530	289	1
530	291	1
530	293	1
530	300	1
530	311	1
530	313	1
530	316	1
530	320	1
530	328	1
530	330	1
530	334	1
530	338	1
530	340	1
530	342	1
530	345	1
530	348	1
530	354	1
530	356	1
530	362	1
530	367	1
530	368	1
530	369	1
530	371	1
530	372	1
530	373	1
530	378	1
530	383	1
530	384	1
530	390	1
530	391	1
530	393	1
530	396	1
530	400	1
530	404	1
530	405	1
530	410	1
530	414	1
530	415	1
530	416	1
530	418	1
530	420	1
530	422	1
530	424	1
530	425	1
530	427	1
530	428	1
530	429	1
530	430	1
530	433	1
530	435	1
530	436	1
530	438	1
530	444	1
530	445	1
530	446	1
530	447	1
530	448	1
530	449	1
530	451	1
530	454	1
530	458	1
530	463	1
530	466	1
530	467	1
531	72	1
531	149	1
531	207	1
531	218	1
531	244	1
531	245	1
531	248	1
531	262	1
531	283	1
531	286	1
531	288	1
531	290	1
531	291	1
531	298	1
531	299	1
531	303	1
531	312	1
531	325	1
531	327	1
531	328	1
531	329	1
531	331	1
531	332	1
531	341	1
531	355	1
531	361	1
531	362	1
531	363	1
531	367	1
531	368	1
531	371	1
531	375	1
531	383	1
531	384	1
531	389	1
531	390	1
531	391	1
531	393	1
531	394	1
531	395	1
531	400	1
531	402	1
531	406	1
531	408	1
531	414	1
531	416	1
531	418	1
531	419	1
531	422	1
531	423	1
531	424	1
531	425	1
531	426	1
531	427	1
531	429	1
531	432	1
531	433	1
531	435	1
531	438	1
531	440	1
531	445	1
531	447	1
531	453	1
531	454	1
531	456	1
531	458	1
531	461	1
531	462	1
531	463	1
532	5	1
532	47	1
532	57	1
532	96	1
532	98	1
532	162	1
532	213	1
532	236	1
532	270	1
532	271	1
532	278	1
532	288	1
532	290	1
532	293	1
532	294	1
532	299	1
532	308	1
532	315	1
532	321	1
532	324	1
532	326	1
532	330	1
532	336	1
532	343	1
532	348	1
532	349	1
532	351	1
532	353	1
532	356	1
532	360	1
532	367	1
532	368	1
532	372	1
532	373	1
532	375	1
532	377	1
532	380	1
532	386	1
532	387	1
532	388	1
532	389	1
532	391	1
532	392	1
532	393	1
532	394	1
532	395	1
532	408	1
532	409	1
532	412	1
532	421	1
532	424	1
532	425	1
532	426	1
532	427	1
532	432	1
532	435	1
532	436	1
532	439	1
532	441	1
532	443	1
532	444	1
532	445	1
532	449	1
532	452	1
532	457	1
532	458	1
532	460	1
532	462	1
532	464	1
532	466	1
533	106	1
533	177	1
533	183	1
533	193	1
533	223	1
533	227	1
533	251	1
533	252	1
533	263	1
533	266	1
533	267	1
533	277	1
533	280	1
533	284	1
533	288	1
533	298	1
533	303	1
533	317	1
533	323	1
533	328	1
533	329	1
533	331	1
533	334	1
533	335	1
533	338	1
533	339	1
533	340	1
533	342	1
533	344	1
533	346	1
533	348	1
533	350	1
533	351	1
533	360	1
533	365	1
533	372	1
533	373	1
533	374	1
533	375	1
533	381	1
533	382	1
533	383	1
533	387	1
533	388	1
533	391	1
533	392	1
533	402	1
533	403	1
533	409	1
533	414	1
533	416	1
533	419	1
533	423	1
533	424	1
533	427	1
533	432	1
533	434	1
533	435	1
533	445	1
533	447	1
533	449	1
533	451	1
533	453	1
533	456	1
533	457	1
533	462	1
533	463	1
533	464	1
533	465	1
533	467	1
534	1	1
534	78	1
534	132	1
534	147	1
534	197	1
534	217	1
534	223	1
534	225	1
534	233	1
534	237	1
534	240	1
534	244	1
534	245	1
534	277	1
534	280	1
534	286	1
534	288	1
534	292	1
534	308	1
534	313	1
534	322	1
534	323	1
534	330	1
534	341	1
534	344	1
534	350	1
534	351	1
534	355	1
534	364	1
534	367	1
534	376	1
534	378	1
534	382	1
534	384	1
534	389	1
534	391	1
534	398	1
534	399	1
534	400	1
534	401	1
534	404	1
534	407	1
534	410	1
534	411	1
534	412	1
534	414	1
534	415	1
534	418	1
534	420	1
534	421	1
534	425	1
534	426	1
534	430	1
534	431	1
534	433	1
534	435	1
534	436	1
534	437	1
534	441	1
534	445	1
534	446	1
534	447	1
534	452	1
534	456	1
534	458	1
534	460	1
534	463	1
534	464	1
534	465	1
534	467	1
535	8	1
535	27	1
535	154	1
535	236	1
535	261	1
535	262	1
535	274	1
535	275	1
535	276	1
535	280	1
535	285	1
535	286	1
535	287	1
535	297	1
535	298	1
535	309	1
535	310	1
535	321	1
535	323	1
535	327	1
535	329	1
535	332	1
535	336	1
535	346	1
535	347	1
535	350	1
535	352	1
535	356	1
535	358	1
535	361	1
535	367	1
535	370	1
535	372	1
535	376	1
535	377	1
535	379	1
535	380	1
535	384	1
535	387	1
535	388	1
535	391	1
535	394	1
535	398	1
535	400	1
535	403	1
535	405	1
535	407	1
535	415	1
535	416	1
535	417	1
535	422	1
535	423	1
535	425	1
535	427	1
535	430	1
535	432	1
535	436	1
535	439	1
535	445	1
535	446	1
535	448	1
535	450	1
535	452	1
535	455	1
535	456	1
535	457	1
535	463	1
535	464	1
535	466	1
535	467	1
536	142	1
536	185	1
536	191	1
536	229	1
536	270	1
536	273	1
536	288	1
536	291	1
536	293	1
536	299	1
536	302	1
536	305	1
536	306	1
536	318	1
536	324	1
536	325	1
536	328	1
536	330	1
536	336	1
536	338	1
536	339	1
536	346	1
536	350	1
536	352	1
536	353	1
536	356	1
536	358	1
536	359	1
536	363	1
536	364	1
536	367	1
536	370	1
536	372	1
536	374	1
536	382	1
536	383	1
536	385	1
536	387	1
536	390	1
536	391	1
536	392	1
536	395	1
536	396	1
536	398	1
536	402	1
536	407	1
536	408	1
536	409	1
536	410	1
536	411	1
536	414	1
536	417	1
536	421	1
536	422	1
536	423	1
536	426	1
536	427	1
536	434	1
536	436	1
536	441	1
536	443	1
536	446	1
536	447	1
536	449	1
536	450	1
536	454	1
536	455	1
536	458	1
536	459	1
536	461	1
536	466	1
537	121	1
537	189	1
537	207	1
537	216	1
537	221	1
537	229	1
537	237	1
537	273	1
537	275	1
537	286	1
537	294	1
537	298	1
537	302	1
537	307	1
537	311	1
537	322	1
537	329	1
537	333	1
537	334	1
537	336	1
537	337	1
537	340	1
537	346	1
537	347	1
537	352	1
537	355	1
537	359	1
537	361	1
537	364	1
537	366	1
537	367	1
537	370	1
537	375	1
537	377	1
537	378	1
537	386	1
537	389	1
537	390	1
537	393	1
537	395	1
537	396	1
537	399	1
537	402	1
537	403	1
537	405	1
537	415	1
537	417	1
537	419	1
537	421	1
537	422	1
537	423	1
537	424	1
537	427	1
537	429	1
537	431	1
537	432	1
537	436	1
537	439	1
537	441	1
537	442	1
537	443	1
537	444	1
537	445	1
537	446	1
537	447	1
537	449	1
537	455	1
537	456	1
537	462	1
537	463	1
537	466	1
538	118	1
538	130	1
538	164	1
538	244	1
538	257	1
538	260	1
538	262	1
538	268	1
538	271	1
538	276	1
538	282	1
538	291	1
538	295	1
538	298	1
538	309	1
538	310	1
538	318	1
538	324	1
538	328	1
538	340	1
538	342	1
538	347	1
538	348	1
538	354	1
538	357	1
538	359	1
538	360	1
538	369	1
538	373	1
538	374	1
538	375	1
538	381	1
538	382	1
538	385	1
538	387	1
538	394	1
538	399	1
538	400	1
538	403	1
538	405	1
538	406	1
538	408	1
538	409	1
538	414	1
538	416	1
538	417	1
538	418	1
538	419	1
538	424	1
538	425	1
538	426	1
538	428	1
538	430	1
538	433	1
538	434	1
538	435	1
538	438	1
538	442	1
538	443	1
538	446	1
538	447	1
538	448	1
538	449	1
538	451	1
538	455	1
538	456	1
538	457	1
538	458	1
538	459	1
538	461	1
538	463	1
538	465	1
539	138	1
539	178	1
539	205	1
539	212	1
539	213	1
539	217	1
539	228	1
539	236	1
539	237	1
539	248	1
539	266	1
539	270	1
539	273	1
539	277	1
539	280	1
539	285	1
539	286	1
539	301	1
539	306	1
539	311	1
539	315	1
539	316	1
539	318	1
539	319	1
539	324	1
539	325	1
539	326	1
539	327	1
539	333	1
539	335	1
539	336	1
539	337	1
539	346	1
539	354	1
539	363	1
539	364	1
539	365	1
539	369	1
539	380	1
539	382	1
539	386	1
539	391	1
539	392	1
539	397	1
539	401	1
539	404	1
539	407	1
539	410	1
539	411	1
539	415	1
539	417	1
539	421	1
539	423	1
539	425	1
539	426	1
539	427	1
539	428	1
539	431	1
539	432	1
539	434	1
539	436	1
539	438	1
539	442	1
539	445	1
539	449	1
539	453	1
539	454	1
539	455	1
539	456	1
539	457	1
539	458	1
539	459	1
539	462	1
540	110	1
540	129	1
540	147	1
540	179	1
540	253	1
540	267	1
540	278	1
540	283	1
540	289	1
540	291	1
540	295	1
540	304	1
540	305	1
540	312	1
540	327	1
540	328	1
540	329	1
540	334	1
540	338	1
540	340	1
540	341	1
540	342	1
540	343	1
540	344	1
540	346	1
540	355	1
540	357	1
540	362	1
540	364	1
540	368	1
540	370	1
540	371	1
540	379	1
540	381	1
540	384	1
540	386	1
540	387	1
540	389	1
540	391	1
540	392	1
540	394	1
540	397	1
540	398	1
540	399	1
540	404	1
540	405	1
540	406	1
540	407	1
540	409	1
540	410	1
540	412	1
540	417	1
540	418	1
540	419	1
540	420	1
540	422	1
540	427	1
540	431	1
540	432	1
540	434	1
540	436	1
540	440	1
540	441	1
540	442	1
540	445	1
540	453	1
540	455	1
540	457	1
540	459	1
540	462	1
540	463	1
540	465	1
540	466	1
541	2	1
541	75	1
541	120	1
541	168	1
541	211	1
541	232	1
541	233	1
541	245	1
541	273	1
541	274	1
541	280	1
541	290	1
541	294	1
541	299	1
541	301	1
541	308	1
541	318	1
541	319	1
541	320	1
541	321	1
541	327	1
541	328	1
541	332	1
541	334	1
541	336	1
541	340	1
541	341	1
541	345	1
541	346	1
541	351	1
541	354	1
541	356	1
541	357	1
541	359	1
541	361	1
541	366	1
541	367	1
541	369	1
541	379	1
541	381	1
541	385	1
541	389	1
541	390	1
541	391	1
541	394	1
541	397	1
541	398	1
541	399	1
541	401	1
541	403	1
541	404	1
541	409	1
541	411	1
541	412	1
541	413	1
541	414	1
541	415	1
541	423	1
541	424	1
541	426	1
541	438	1
541	443	1
541	444	1
541	445	1
541	447	1
541	448	1
541	450	1
541	451	1
541	454	1
541	457	1
541	458	1
541	460	1
541	462	1
541	465	1
542	116	1
542	166	1
542	223	1
542	279	1
542	280	1
542	296	1
542	297	1
542	300	1
542	315	1
542	316	1
542	319	1
542	320	1
542	322	1
542	333	1
542	337	1
542	338	1
542	340	1
542	342	1
542	343	1
542	344	1
542	345	1
542	346	1
542	355	1
542	356	1
542	357	1
542	358	1
542	360	1
542	362	1
542	368	1
542	370	1
542	374	1
542	375	1
542	377	1
542	384	1
542	389	1
542	390	1
542	393	1
542	394	1
542	396	1
542	397	1
542	399	1
542	400	1
542	404	1
542	407	1
542	410	1
542	412	1
542	413	1
542	415	1
542	416	1
542	417	1
542	426	1
542	427	1
542	428	1
542	432	1
542	434	1
542	435	1
542	436	1
542	437	1
542	438	1
542	439	1
542	441	1
542	443	1
542	444	1
542	445	1
542	449	1
542	451	1
542	452	1
542	456	1
542	458	1
542	459	1
542	460	1
542	462	1
542	466	1
542	467	1
543	20	1
543	33	1
543	95	1
543	170	1
543	186	1
543	191	1
543	200	1
543	213	1
543	223	1
543	240	1
543	262	1
543	293	1
543	301	1
543	303	1
543	304	1
543	308	1
543	313	1
543	324	1
543	325	1
543	331	1
543	335	1
543	340	1
543	341	1
543	344	1
543	345	1
543	346	1
543	347	1
543	350	1
543	351	1
543	360	1
543	363	1
543	364	1
543	375	1
543	378	1
543	379	1
543	385	1
543	386	1
543	387	1
543	388	1
543	389	1
543	391	1
543	395	1
543	399	1
543	404	1
543	405	1
543	407	1
543	409	1
543	410	1
543	411	1
543	414	1
543	419	1
543	420	1
543	422	1
543	423	1
543	424	1
543	427	1
543	428	1
543	431	1
543	432	1
543	434	1
543	436	1
543	439	1
543	443	1
543	444	1
543	446	1
543	448	1
543	449	1
543	450	1
543	451	1
543	453	1
543	460	1
543	462	1
543	464	1
543	466	1
544	147	1
544	164	1
544	249	1
544	258	1
544	276	1
544	278	1
544	280	1
544	281	1
544	282	1
544	285	1
544	288	1
544	292	1
544	298	1
544	301	1
544	304	1
544	306	1
544	308	1
544	317	1
544	320	1
544	322	1
544	324	1
544	327	1
544	334	1
544	345	1
544	347	1
544	348	1
544	357	1
544	361	1
544	365	1
544	367	1
544	370	1
544	383	1
544	384	1
544	387	1
544	388	1
544	389	1
544	390	1
544	401	1
544	404	1
544	405	1
544	406	1
544	408	1
544	410	1
544	411	1
544	412	1
544	413	1
544	414	1
544	417	1
544	422	1
544	423	1
544	424	1
544	425	1
544	426	1
544	427	1
544	428	1
544	429	1
544	431	1
544	435	1
544	436	1
544	441	1
544	442	1
544	444	1
544	447	1
544	448	1
544	449	1
544	450	1
544	451	1
544	454	1
544	457	1
544	460	1
544	461	1
544	465	1
544	466	1
544	467	1
545	13	1
545	22	1
545	60	1
545	91	1
545	111	1
545	171	1
545	195	1
545	197	1
545	212	1
545	224	1
545	238	1
545	245	1
545	279	1
545	283	1
545	284	1
545	295	1
545	304	1
545	311	1
545	317	1
545	318	1
545	320	1
545	328	1
545	332	1
545	333	1
545	335	1
545	336	1
545	340	1
545	341	1
545	342	1
545	344	1
545	347	1
545	349	1
545	352	1
545	354	1
545	358	1
545	366	1
545	373	1
545	378	1
545	381	1
545	382	1
545	385	1
545	389	1
545	391	1
545	392	1
545	393	1
545	399	1
545	400	1
545	401	1
545	404	1
545	405	1
545	406	1
545	408	1
545	412	1
545	414	1
545	424	1
545	433	1
545	434	1
545	435	1
545	438	1
545	441	1
545	445	1
545	447	1
545	448	1
545	449	1
545	450	1
545	453	1
545	454	1
545	456	1
545	458	1
545	461	1
545	464	1
545	465	1
545	466	1
545	467	1
546	114	1
546	141	1
546	166	1
546	235	1
546	237	1
546	244	1
546	255	1
546	268	1
546	271	1
546	279	1
546	292	1
546	300	1
546	301	1
546	302	1
546	304	1
546	310	1
546	312	1
546	313	1
546	323	1
546	335	1
546	339	1
546	341	1
546	344	1
546	345	1
546	346	1
546	353	1
546	355	1
546	356	1
546	357	1
546	358	1
546	359	1
546	361	1
546	362	1
546	369	1
546	370	1
546	372	1
546	373	1
546	374	1
546	376	1
546	381	1
546	382	1
546	384	1
546	389	1
546	393	1
546	395	1
546	398	1
546	402	1
546	404	1
546	405	1
546	406	1
546	408	1
546	414	1
546	415	1
546	416	1
546	419	1
546	420	1
546	421	1
546	428	1
546	429	1
546	433	1
546	435	1
546	437	1
546	438	1
546	439	1
546	442	1
546	444	1
546	446	1
546	448	1
546	449	1
546	451	1
546	452	1
546	458	1
546	459	1
546	461	1
546	464	1
547	176	1
547	178	1
547	187	1
547	242	1
547	253	1
547	257	1
547	267	1
547	269	1
547	289	1
547	294	1
547	299	1
547	308	1
547	313	1
547	316	1
547	322	1
547	327	1
547	331	1
547	332	1
547	336	1
547	339	1
547	341	1
547	345	1
547	348	1
547	353	1
547	357	1
547	363	1
547	366	1
547	367	1
547	368	1
547	369	1
547	372	1
547	374	1
547	375	1
547	376	1
547	378	1
547	382	1
547	383	1
547	384	1
547	386	1
547	389	1
547	392	1
547	393	1
547	394	1
547	403	1
547	405	1
547	406	1
547	407	1
547	408	1
547	410	1
547	416	1
547	417	1
547	420	1
547	421	1
547	422	1
547	423	1
547	427	1
547	429	1
547	432	1
547	433	1
547	434	1
547	435	1
547	436	1
547	441	1
547	442	1
547	444	1
547	446	1
547	450	1
547	453	1
547	455	1
547	456	1
547	457	1
547	459	1
547	464	1
547	465	1
547	466	1
548	72	1
548	219	1
548	231	1
548	236	1
548	249	1
548	261	1
548	263	1
548	267	1
548	268	1
548	283	1
548	301	1
548	306	1
548	310	1
548	313	1
548	314	1
548	317	1
548	319	1
548	322	1
548	336	1
548	337	1
548	338	1
548	339	1
548	340	1
548	341	1
548	351	1
548	353	1
548	355	1
548	357	1
548	358	1
548	362	1
548	364	1
548	368	1
548	371	1
548	378	1
548	379	1
548	384	1
548	386	1
548	389	1
548	393	1
548	396	1
548	398	1
548	399	1
548	400	1
548	402	1
548	405	1
548	406	1
548	407	1
548	408	1
548	410	1
548	411	1
548	413	1
548	414	1
548	416	1
548	417	1
548	420	1
548	421	1
548	425	1
548	427	1
548	428	1
548	431	1
548	433	1
548	434	1
548	440	1
548	442	1
548	443	1
548	446	1
548	447	1
548	448	1
548	450	1
548	452	1
548	453	1
548	459	1
548	461	1
548	462	1
548	464	1
548	466	1
549	41	1
549	118	1
549	167	1
549	202	1
549	254	1
549	262	1
549	270	1
549	272	1
549	282	1
549	293	1
549	296	1
549	299	1
549	305	1
549	309	1
549	312	1
549	315	1
549	320	1
549	323	1
549	326	1
549	339	1
549	341	1
549	343	1
549	344	1
549	353	1
549	356	1
549	360	1
549	361	1
549	362	1
549	367	1
549	368	1
549	369	1
549	370	1
549	372	1
549	375	1
549	376	1
549	377	1
549	379	1
549	383	1
549	385	1
549	386	1
549	389	1
549	390	1
549	392	1
549	393	1
549	394	1
549	400	1
549	401	1
549	403	1
549	404	1
549	407	1
549	412	1
549	421	1
549	422	1
549	424	1
549	426	1
549	427	1
549	428	1
549	433	1
549	434	1
549	436	1
549	437	1
549	438	1
549	440	1
549	442	1
549	445	1
549	446	1
549	448	1
549	449	1
549	450	1
549	451	1
549	452	1
549	454	1
549	456	1
549	462	1
549	464	1
549	466	1
549	467	1
550	27	1
550	128	1
550	168	1
550	191	1
550	220	1
550	227	1
550	230	1
550	239	1
550	251	1
550	287	1
550	292	1
550	293	1
550	295	1
550	308	1
550	310	1
550	311	1
550	313	1
550	314	1
550	315	1
550	318	1
550	326	1
550	330	1
550	337	1
550	339	1
550	340	1
550	342	1
550	343	1
550	346	1
550	348	1
550	352	1
550	354	1
550	360	1
550	362	1
550	367	1
550	369	1
550	371	1
550	373	1
550	374	1
550	375	1
550	377	1
550	379	1
550	382	1
550	384	1
550	385	1
550	386	1
550	387	1
550	388	1
550	393	1
550	398	1
550	400	1
550	403	1
550	404	1
550	407	1
550	408	1
550	410	1
550	413	1
550	422	1
550	423	1
550	424	1
550	425	1
550	428	1
550	429	1
550	430	1
550	432	1
550	434	1
550	436	1
550	441	1
550	442	1
550	447	1
550	450	1
550	451	1
550	452	1
550	459	1
550	460	1
550	461	1
550	463	1
550	465	1
550	466	1
551	77	1
551	90	1
551	130	1
551	216	1
551	219	1
551	220	1
551	239	1
551	241	1
551	242	1
551	247	1
551	251	1
551	283	1
551	284	1
551	292	1
551	296	1
551	301	1
551	302	1
551	319	1
551	324	1
551	326	1
551	328	1
551	329	1
551	332	1
551	337	1
551	340	1
551	342	1
551	345	1
551	346	1
551	347	1
551	348	1
551	354	1
551	361	1
551	364	1
551	368	1
551	371	1
551	373	1
551	374	1
551	377	1
551	382	1
551	384	1
551	389	1
551	390	1
551	394	1
551	396	1
551	402	1
551	403	1
551	406	1
551	411	1
551	413	1
551	415	1
551	417	1
551	420	1
551	422	1
551	423	1
551	424	1
551	427	1
551	428	1
551	430	1
551	436	1
551	437	1
551	438	1
551	441	1
551	442	1
551	443	1
551	444	1
551	445	1
551	448	1
551	450	1
551	453	1
551	454	1
551	455	1
551	456	1
551	458	1
551	459	1
551	460	1
551	462	1
551	464	1
551	467	1
552	115	1
552	200	1
552	214	1
552	223	1
552	225	1
552	226	1
552	248	1
552	277	1
552	282	1
552	291	1
552	292	1
552	294	1
552	296	1
552	298	1
552	302	1
552	308	1
552	315	1
552	320	1
552	323	1
552	326	1
552	331	1
552	333	1
552	335	1
552	341	1
552	349	1
552	350	1
552	352	1
552	357	1
552	358	1
552	364	1
552	369	1
552	376	1
552	378	1
552	380	1
552	381	1
552	385	1
552	391	1
552	392	1
552	393	1
552	394	1
552	395	1
552	396	1
552	397	1
552	398	1
552	402	1
552	404	1
552	406	1
552	407	1
552	409	1
552	410	1
552	411	1
552	415	1
552	420	1
552	422	1
552	426	1
552	427	1
552	428	1
552	429	1
552	431	1
552	432	1
552	433	1
552	434	1
552	435	1
552	437	1
552	438	1
552	441	1
552	442	1
552	446	1
552	447	1
552	448	1
552	452	1
552	453	1
552	455	1
552	459	1
552	460	1
552	461	1
552	462	1
552	464	1
553	73	1
553	174	1
553	175	1
553	192	1
553	194	1
553	210	1
553	247	1
553	252	1
553	255	1
553	258	1
553	274	1
553	278	1
553	298	1
553	315	1
553	321	1
553	333	1
553	334	1
553	337	1
553	338	1
553	341	1
553	346	1
553	347	1
553	353	1
553	354	1
553	355	1
553	360	1
553	363	1
553	364	1
553	367	1
553	368	1
553	372	1
553	376	1
553	378	1
553	382	1
553	384	1
553	385	1
553	386	1
553	387	1
553	388	1
553	389	1
553	391	1
553	392	1
553	393	1
553	394	1
553	396	1
553	397	1
553	399	1
553	400	1
553	401	1
553	402	1
553	411	1
553	412	1
553	416	1
553	418	1
553	421	1
553	422	1
553	423	1
553	424	1
553	425	1
553	427	1
553	428	1
553	430	1
553	431	1
553	436	1
553	438	1
553	439	1
553	441	1
553	442	1
553	444	1
553	445	1
553	446	1
553	448	1
553	449	1
553	454	1
553	457	1
553	458	1
553	460	1
553	467	1
554	200	1
554	205	1
554	227	1
554	241	1
554	250	1
554	265	1
554	278	1
554	285	1
554	286	1
554	293	1
554	294	1
554	299	1
554	301	1
554	308	1
554	310	1
554	319	1
554	321	1
554	322	1
554	325	1
554	329	1
554	332	1
554	344	1
554	352	1
554	353	1
554	357	1
554	358	1
554	359	1
554	361	1
554	363	1
554	369	1
554	370	1
554	372	1
554	373	1
554	376	1
554	381	1
554	382	1
554	388	1
554	389	1
554	391	1
554	399	1
554	400	1
554	401	1
554	404	1
554	405	1
554	406	1
554	410	1
554	411	1
554	412	1
554	414	1
554	424	1
554	427	1
554	430	1
554	431	1
554	433	1
554	434	1
554	437	1
554	439	1
554	441	1
554	443	1
554	445	1
554	447	1
554	448	1
554	449	1
554	450	1
554	452	1
554	453	1
554	455	1
554	457	1
554	458	1
554	459	1
554	460	1
554	461	1
554	462	1
554	463	1
554	464	1
554	465	1
554	466	1
554	467	1
555	3	1
555	79	1
555	109	1
555	148	1
555	186	1
555	228	1
555	234	1
555	260	1
555	261	1
555	267	1
555	268	1
555	274	1
555	279	1
555	280	1
555	281	1
555	283	1
555	287	1
555	291	1
555	297	1
555	315	1
555	321	1
555	324	1
555	333	1
555	336	1
555	337	1
555	339	1
555	342	1
555	343	1
555	344	1
555	345	1
555	357	1
555	358	1
555	360	1
555	362	1
555	364	1
555	369	1
555	371	1
555	373	1
555	380	1
555	383	1
555	386	1
555	388	1
555	390	1
555	393	1
555	398	1
555	399	1
555	400	1
555	401	1
555	407	1
555	410	1
555	413	1
555	414	1
555	416	1
555	418	1
555	424	1
555	425	1
555	427	1
555	428	1
555	429	1
555	431	1
555	432	1
555	433	1
555	436	1
555	438	1
555	441	1
555	442	1
555	443	1
555	445	1
555	446	1
555	447	1
555	449	1
555	452	1
555	454	1
555	455	1
555	457	1
555	460	1
555	461	1
555	462	1
555	467	1
556	29	1
556	32	1
556	187	1
556	189	1
556	200	1
556	205	1
556	211	1
556	243	1
556	271	1
556	281	1
556	285	1
556	309	1
556	327	1
556	330	1
556	333	1
556	336	1
556	339	1
556	340	1
556	343	1
556	347	1
556	349	1
556	350	1
556	353	1
556	354	1
556	357	1
556	359	1
556	367	1
556	370	1
556	371	1
556	373	1
556	376	1
556	381	1
556	384	1
556	386	1
556	390	1
556	392	1
556	393	1
556	394	1
556	395	1
556	398	1
556	399	1
556	402	1
556	405	1
556	408	1
556	410	1
556	411	1
556	412	1
556	414	1
556	416	1
556	418	1
556	419	1
556	421	1
556	423	1
556	428	1
556	430	1
556	434	1
556	435	1
556	438	1
556	439	1
556	440	1
556	441	1
556	442	1
556	443	1
556	444	1
556	448	1
556	449	1
556	450	1
556	451	1
556	452	1
556	453	1
556	456	1
556	457	1
556	458	1
556	459	1
556	460	1
556	462	1
556	464	1
556	465	1
556	467	1
557	21	1
557	98	1
557	184	1
557	197	1
557	205	1
557	206	1
557	207	1
557	230	1
557	233	1
557	257	1
557	265	1
557	279	1
557	285	1
557	289	1
557	296	1
557	300	1
557	306	1
557	307	1
557	309	1
557	311	1
557	318	1
557	322	1
557	331	1
557	333	1
557	334	1
557	343	1
557	348	1
557	350	1
557	352	1
557	356	1
557	357	1
557	360	1
557	361	1
557	363	1
557	364	1
557	365	1
557	368	1
557	386	1
557	388	1
557	389	1
557	393	1
557	398	1
557	399	1
557	400	1
557	406	1
557	407	1
557	408	1
557	409	1
557	411	1
557	415	1
557	419	1
557	421	1
557	422	1
557	423	1
557	430	1
557	431	1
557	433	1
557	436	1
557	437	1
557	438	1
557	439	1
557	440	1
557	442	1
557	445	1
557	446	1
557	447	1
557	448	1
557	450	1
557	451	1
557	452	1
557	453	1
557	454	1
557	457	1
557	458	1
557	459	1
557	462	1
557	463	1
557	464	1
557	467	1
558	13	1
558	85	1
558	99	1
558	183	1
558	252	1
558	253	1
558	261	1
558	276	1
558	279	1
558	284	1
558	298	1
558	301	1
558	303	1
558	304	1
558	305	1
558	316	1
558	320	1
558	326	1
558	327	1
558	328	1
558	330	1
558	335	1
558	336	1
558	343	1
558	350	1
558	359	1
558	363	1
558	366	1
558	369	1
558	370	1
558	377	1
558	378	1
558	380	1
558	384	1
558	385	1
558	386	1
558	387	1
558	389	1
558	390	1
558	392	1
558	395	1
558	396	1
558	398	1
558	401	1
558	404	1
558	406	1
558	407	1
558	410	1
558	412	1
558	413	1
558	415	1
558	417	1
558	418	1
558	419	1
558	420	1
558	422	1
558	423	1
558	425	1
558	433	1
558	434	1
558	435	1
558	436	1
558	437	1
558	442	1
558	443	1
558	444	1
558	447	1
558	448	1
558	449	1
558	450	1
558	452	1
558	453	1
558	456	1
558	457	1
558	459	1
558	460	1
558	462	1
558	463	1
558	465	1
559	56	1
559	86	1
559	104	1
559	220	1
559	222	1
559	245	1
559	247	1
559	273	1
559	280	1
559	281	1
559	285	1
559	291	1
559	307	1
559	314	1
559	328	1
559	334	1
559	337	1
559	342	1
559	349	1
559	359	1
559	360	1
559	365	1
559	367	1
559	371	1
559	372	1
559	373	1
559	375	1
559	377	1
559	378	1
559	379	1
559	380	1
559	382	1
559	383	1
559	387	1
559	394	1
559	396	1
559	397	1
559	398	1
559	399	1
559	400	1
559	402	1
559	405	1
559	406	1
559	407	1
559	408	1
559	410	1
559	411	1
559	412	1
559	414	1
559	417	1
559	418	1
559	419	1
559	422	1
559	425	1
559	426	1
559	427	1
559	428	1
559	429	1
559	430	1
559	431	1
559	433	1
559	434	1
559	435	1
559	436	1
559	438	1
559	439	1
559	440	1
559	444	1
559	445	1
559	447	1
559	450	1
559	451	1
559	456	1
559	457	1
559	458	1
559	459	1
559	460	1
559	461	1
559	464	1
559	467	1
560	63	1
560	155	1
560	187	1
560	188	1
560	202	1
560	222	1
560	233	1
560	253	1
560	277	1
560	290	1
560	291	1
560	295	1
560	301	1
560	304	1
560	306	1
560	314	1
560	319	1
560	329	1
560	332	1
560	334	1
560	335	1
560	336	1
560	339	1
560	341	1
560	342	1
560	343	1
560	349	1
560	351	1
560	355	1
560	357	1
560	361	1
560	362	1
560	363	1
560	364	1
560	367	1
560	368	1
560	372	1
560	376	1
560	377	1
560	379	1
560	382	1
560	384	1
560	389	1
560	391	1
560	394	1
560	395	1
560	399	1
560	402	1
560	404	1
560	408	1
560	417	1
560	418	1
560	419	1
560	421	1
560	428	1
560	429	1
560	430	1
560	432	1
560	433	1
560	436	1
560	439	1
560	440	1
560	441	1
560	442	1
560	443	1
560	444	1
560	445	1
560	447	1
560	451	1
560	453	1
560	454	1
560	455	1
560	456	1
560	457	1
560	458	1
560	459	1
560	461	1
560	462	1
560	463	1
560	467	1
561	7	1
561	44	1
561	91	1
561	173	1
561	209	1
561	249	1
561	261	1
561	274	1
561	275	1
561	284	1
561	297	1
561	312	1
561	321	1
561	325	1
561	326	1
561	332	1
561	333	1
561	335	1
561	336	1
561	337	1
561	338	1
561	340	1
561	341	1
561	342	1
561	346	1
561	347	1
561	354	1
561	355	1
561	357	1
561	361	1
561	362	1
561	364	1
561	366	1
561	368	1
561	369	1
561	373	1
561	376	1
561	377	1
561	378	1
561	379	1
561	381	1
561	382	1
561	384	1
561	385	1
561	386	1
561	389	1
561	391	1
561	392	1
561	393	1
561	395	1
561	398	1
561	399	1
561	401	1
561	402	1
561	404	1
561	405	1
561	408	1
561	410	1
561	418	1
561	419	1
561	425	1
561	426	1
561	427	1
561	428	1
561	429	1
561	430	1
561	431	1
561	435	1
561	439	1
561	443	1
561	444	1
561	445	1
561	447	1
561	448	1
561	449	1
561	453	1
561	457	1
561	458	1
561	459	1
561	460	1
561	461	1
562	86	1
562	143	1
562	193	1
562	204	1
562	221	1
562	232	1
562	240	1
562	257	1
562	262	1
562	270	1
562	275	1
562	296	1
562	297	1
562	311	1
562	316	1
562	319	1
562	320	1
562	321	1
562	323	1
562	327	1
562	328	1
562	332	1
562	333	1
562	340	1
562	341	1
562	344	1
562	346	1
562	350	1
562	352	1
562	359	1
562	361	1
562	365	1
562	368	1
562	372	1
562	374	1
562	376	1
562	380	1
562	382	1
562	383	1
562	385	1
562	386	1
562	390	1
562	394	1
562	396	1
562	397	1
562	398	1
562	402	1
562	407	1
562	408	1
562	410	1
562	411	1
562	412	1
562	413	1
562	414	1
562	415	1
562	416	1
562	417	1
562	418	1
562	421	1
562	423	1
562	425	1
562	426	1
562	427	1
562	433	1
562	434	1
562	437	1
562	439	1
562	440	1
562	441	1
562	445	1
562	446	1
562	449	1
562	452	1
562	454	1
562	455	1
562	456	1
562	457	1
562	458	1
562	459	1
562	462	1
562	465	1
563	4	1
563	24	1
563	54	1
563	91	1
563	113	1
563	148	1
563	165	1
563	240	1
563	250	1
563	251	1
563	258	1
563	259	1
563	299	1
563	303	1
563	310	1
563	315	1
563	320	1
563	322	1
563	323	1
563	327	1
563	338	1
563	339	1
563	344	1
563	349	1
563	350	1
563	353	1
563	363	1
563	364	1
563	367	1
563	371	1
563	373	1
563	375	1
563	376	1
563	378	1
563	379	1
563	380	1
563	381	1
563	383	1
563	384	1
563	386	1
563	387	1
563	393	1
563	394	1
563	395	1
563	397	1
563	402	1
563	403	1
563	405	1
563	407	1
563	408	1
563	411	1
563	413	1
563	415	1
563	416	1
563	417	1
563	420	1
563	421	1
563	422	1
563	423	1
563	424	1
563	427	1
563	429	1
563	430	1
563	431	1
563	432	1
563	434	1
563	435	1
563	437	1
563	438	1
563	439	1
563	440	1
563	441	1
563	442	1
563	443	1
563	444	1
563	449	1
563	450	1
563	454	1
563	457	1
563	462	1
563	464	1
564	23	1
564	114	1
564	196	1
564	198	1
564	218	1
564	219	1
564	227	1
564	256	1
564	271	1
564	275	1
564	276	1
564	281	1
564	282	1
564	283	1
564	287	1
564	292	1
564	294	1
564	295	1
564	296	1
564	297	1
564	301	1
564	310	1
564	313	1
564	316	1
564	323	1
564	325	1
564	340	1
564	341	1
564	348	1
564	352	1
564	356	1
564	360	1
564	363	1
564	366	1
564	367	1
564	372	1
564	373	1
564	378	1
564	384	1
564	390	1
564	391	1
564	392	1
564	393	1
564	394	1
564	398	1
564	401	1
564	404	1
564	411	1
564	412	1
564	415	1
564	417	1
564	418	1
564	420	1
564	421	1
564	422	1
564	423	1
564	427	1
564	428	1
564	429	1
564	430	1
564	431	1
564	432	1
564	434	1
564	437	1
564	438	1
564	439	1
564	440	1
564	441	1
564	442	1
564	443	1
564	445	1
564	446	1
564	447	1
564	448	1
564	451	1
564	452	1
564	456	1
564	457	1
564	460	1
564	465	1
564	466	1
564	467	1
565	2	1
565	6	1
565	105	1
565	197	1
565	218	1
565	221	1
565	235	1
565	268	1
565	274	1
565	277	1
565	289	1
565	298	1
565	299	1
565	302	1
565	310	1
565	313	1
565	315	1
565	322	1
565	326	1
565	331	1
565	332	1
565	334	1
565	335	1
565	347	1
565	349	1
565	352	1
565	356	1
565	360	1
565	362	1
565	363	1
565	364	1
565	366	1
565	377	1
565	378	1
565	379	1
565	380	1
565	382	1
565	388	1
565	396	1
565	399	1
565	400	1
565	401	1
565	402	1
565	404	1
565	405	1
565	406	1
565	408	1
565	409	1
565	410	1
565	412	1
565	413	1
565	414	1
565	417	1
565	420	1
565	421	1
565	423	1
565	425	1
565	427	1
565	428	1
565	429	1
565	430	1
565	434	1
565	437	1
565	440	1
565	441	1
565	442	1
565	443	1
565	444	1
565	445	1
565	446	1
565	448	1
565	449	1
565	451	1
565	452	1
565	453	1
565	454	1
565	455	1
565	456	1
565	461	1
565	463	1
565	465	1
565	466	1
566	30	1
566	53	1
566	166	1
566	180	1
566	254	1
566	264	1
566	270	1
566	274	1
566	282	1
566	287	1
566	293	1
566	295	1
566	297	1
566	299	1
566	304	1
566	310	1
566	313	1
566	318	1
566	319	1
566	325	1
566	330	1
566	346	1
566	351	1
566	353	1
566	362	1
566	363	1
566	366	1
566	369	1
566	370	1
566	373	1
566	378	1
566	380	1
566	384	1
566	386	1
566	388	1
566	395	1
566	403	1
566	404	1
566	405	1
566	406	1
566	409	1
566	410	1
566	413	1
566	414	1
566	415	1
566	417	1
566	418	1
566	421	1
566	422	1
566	426	1
566	428	1
566	429	1
566	430	1
566	431	1
566	432	1
566	433	1
566	434	1
566	435	1
566	436	1
566	439	1
566	440	1
566	442	1
566	443	1
566	444	1
566	445	1
566	446	1
566	447	1
566	448	1
566	449	1
566	450	1
566	451	1
566	452	1
566	453	1
566	455	1
566	456	1
566	457	1
566	458	1
566	459	1
566	460	1
566	461	1
566	463	1
566	465	1
566	467	1
567	219	1
567	234	1
567	268	1
567	276	1
567	277	1
567	283	1
567	287	1
567	292	1
567	298	1
567	299	1
567	302	1
567	303	1
567	304	1
567	314	1
567	315	1
567	324	1
567	326	1
567	331	1
567	332	1
567	335	1
567	336	1
567	337	1
567	341	1
567	348	1
567	357	1
567	358	1
567	359	1
567	365	1
567	366	1
567	370	1
567	371	1
567	375	1
567	376	1
567	377	1
567	381	1
567	388	1
567	389	1
567	391	1
567	392	1
567	394	1
567	395	1
567	396	1
567	397	1
567	398	1
567	399	1
567	401	1
567	402	1
567	407	1
567	411	1
567	413	1
567	416	1
567	417	1
567	419	1
567	421	1
567	425	1
567	426	1
567	428	1
567	430	1
567	431	1
567	433	1
567	435	1
567	436	1
567	438	1
567	439	1
567	440	1
567	442	1
567	445	1
567	447	1
567	450	1
567	452	1
567	453	1
567	455	1
567	457	1
567	458	1
567	459	1
567	460	1
567	461	1
567	462	1
567	463	1
567	464	1
567	465	1
567	466	1
567	467	1
568	192	1
568	218	1
568	220	1
568	265	1
568	284	1
568	287	1
568	289	1
568	292	1
568	296	1
568	299	1
568	312	1
568	313	1
568	315	1
568	318	1
568	324	1
568	329	1
568	340	1
568	342	1
568	344	1
568	345	1
568	348	1
568	352	1
568	353	1
568	357	1
568	361	1
568	363	1
568	364	1
568	370	1
568	371	1
568	377	1
568	388	1
568	397	1
568	398	1
568	400	1
568	402	1
568	405	1
568	406	1
568	408	1
568	410	1
568	412	1
568	413	1
568	414	1
568	416	1
568	417	1
568	418	1
568	419	1
568	420	1
568	421	1
568	422	1
568	423	1
568	425	1
568	427	1
568	428	1
568	429	1
568	430	1
568	431	1
568	432	1
568	433	1
568	434	1
568	436	1
568	437	1
568	439	1
568	442	1
568	443	1
568	444	1
568	445	1
568	446	1
568	448	1
568	449	1
568	450	1
568	451	1
568	453	1
568	454	1
568	455	1
568	456	1
568	458	1
568	459	1
568	460	1
568	461	1
568	464	1
568	465	1
568	466	1
568	467	1
569	110	1
569	138	1
569	179	1
569	200	1
569	229	1
569	239	1
569	263	1
569	264	1
569	267	1
569	277	1
569	288	1
569	290	1
569	294	1
569	298	1
569	299	1
569	308	1
569	309	1
569	312	1
569	322	1
569	323	1
569	326	1
569	330	1
569	337	1
569	339	1
569	341	1
569	344	1
569	346	1
569	350	1
569	352	1
569	354	1
569	357	1
569	359	1
569	360	1
569	363	1
569	365	1
569	371	1
569	374	1
569	378	1
569	379	1
569	385	1
569	388	1
569	391	1
569	392	1
569	394	1
569	395	1
569	396	1
569	402	1
569	405	1
569	406	1
569	407	1
569	408	1
569	409	1
569	411	1
569	416	1
569	417	1
569	418	1
569	421	1
569	423	1
569	424	1
569	427	1
569	429	1
569	432	1
569	436	1
569	439	1
569	440	1
569	441	1
569	442	1
569	445	1
569	447	1
569	449	1
569	451	1
569	452	1
569	453	1
569	454	1
569	456	1
569	457	1
569	459	1
569	461	1
569	462	1
569	463	1
569	464	1
569	465	1
569	466	1
570	9	1
570	51	1
570	157	1
570	163	1
570	214	1
570	263	1
570	264	1
570	280	1
570	289	1
570	294	1
570	297	1
570	298	1
570	300	1
570	303	1
570	309	1
570	311	1
570	314	1
570	315	1
570	316	1
570	318	1
570	319	1
570	322	1
570	328	1
570	330	1
570	331	1
570	335	1
570	336	1
570	337	1
570	338	1
570	340	1
570	341	1
570	345	1
570	350	1
570	351	1
570	358	1
570	359	1
570	360	1
570	365	1
570	369	1
570	370	1
570	371	1
570	372	1
570	375	1
570	378	1
570	379	1
570	380	1
570	381	1
570	386	1
570	387	1
570	388	1
570	390	1
570	396	1
570	400	1
570	401	1
570	402	1
570	403	1
570	407	1
570	408	1
570	410	1
570	412	1
570	413	1
570	416	1
570	417	1
570	418	1
570	420	1
570	424	1
570	425	1
570	426	1
570	427	1
570	428	1
570	433	1
570	434	1
570	437	1
570	438	1
570	439	1
570	442	1
570	444	1
570	445	1
570	452	1
570	453	1
570	463	1
570	464	1
570	466	1
570	467	1
571	1	1
571	42	1
571	153	1
571	212	1
571	216	1
571	219	1
571	242	1
571	247	1
571	254	1
571	259	1
571	260	1
571	263	1
571	264	1
571	272	1
571	279	1
571	281	1
571	285	1
571	296	1
571	298	1
571	300	1
571	303	1
571	304	1
571	305	1
571	309	1
571	319	1
571	322	1
571	329	1
571	332	1
571	338	1
571	339	1
571	341	1
571	347	1
571	349	1
571	350	1
571	351	1
571	353	1
571	354	1
571	357	1
571	359	1
571	367	1
571	372	1
571	373	1
571	374	1
571	375	1
571	376	1
571	380	1
571	383	1
571	384	1
571	385	1
571	389	1
571	390	1
571	393	1
571	395	1
571	396	1
571	397	1
571	399	1
571	402	1
571	405	1
571	407	1
571	411	1
571	412	1
571	416	1
571	417	1
571	420	1
571	421	1
571	424	1
571	425	1
571	428	1
571	430	1
571	433	1
571	435	1
571	437	1
571	440	1
571	445	1
571	449	1
571	451	1
571	452	1
571	454	1
571	455	1
571	456	1
571	457	1
571	458	1
571	459	1
571	466	1
571	467	1
572	17	1
572	39	1
572	139	1
572	150	1
572	182	1
572	256	1
572	258	1
572	261	1
572	263	1
572	281	1
572	289	1
572	290	1
572	295	1
572	299	1
572	309	1
572	312	1
572	318	1
572	320	1
572	323	1
572	326	1
572	328	1
572	339	1
572	342	1
572	343	1
572	345	1
572	349	1
572	354	1
572	362	1
572	365	1
572	367	1
572	369	1
572	371	1
572	372	1
572	374	1
572	375	1
572	381	1
572	382	1
572	385	1
572	390	1
572	391	1
572	393	1
572	394	1
572	395	1
572	396	1
572	398	1
572	399	1
572	404	1
572	406	1
572	407	1
572	408	1
572	409	1
572	410	1
572	411	1
572	412	1
572	413	1
572	414	1
572	415	1
572	417	1
572	419	1
572	421	1
572	423	1
572	424	1
572	426	1
572	429	1
572	430	1
572	431	1
572	432	1
572	434	1
572	436	1
572	437	1
572	438	1
572	439	1
572	441	1
572	443	1
572	444	1
572	450	1
572	452	1
572	453	1
572	457	1
572	458	1
572	459	1
572	461	1
572	463	1
572	464	1
572	466	1
572	467	1
573	158	1
573	210	1
573	222	1
573	231	1
573	249	1
573	255	1
573	271	1
573	303	1
573	307	1
573	314	1
573	316	1
573	317	1
573	320	1
573	322	1
573	325	1
573	327	1
573	335	1
573	339	1
573	341	1
573	343	1
573	351	1
573	353	1
573	354	1
573	356	1
573	358	1
573	359	1
573	362	1
573	363	1
573	365	1
573	366	1
573	367	1
573	370	1
573	371	1
573	373	1
573	374	1
573	380	1
573	381	1
573	382	1
573	385	1
573	386	1
573	387	1
573	389	1
573	392	1
573	393	1
573	394	1
573	396	1
573	398	1
573	400	1
573	411	1
573	412	1
573	414	1
573	415	1
573	416	1
573	417	1
573	418	1
573	419	1
573	421	1
573	422	1
573	425	1
573	427	1
573	428	1
573	429	1
573	430	1
573	431	1
573	434	1
573	435	1
573	436	1
573	438	1
573	440	1
573	441	1
573	442	1
573	444	1
573	445	1
573	447	1
573	450	1
573	451	1
573	452	1
573	453	1
573	454	1
573	455	1
573	458	1
573	459	1
573	460	1
573	461	1
573	463	1
573	464	1
573	466	1
574	61	1
574	130	1
574	183	1
574	210	1
574	220	1
574	231	1
574	232	1
574	234	1
574	238	1
574	246	1
574	268	1
574	279	1
574	282	1
574	286	1
574	287	1
574	293	1
574	300	1
574	301	1
574	307	1
574	309	1
574	312	1
574	319	1
574	325	1
574	327	1
574	330	1
574	338	1
574	344	1
574	345	1
574	346	1
574	347	1
574	350	1
574	351	1
574	352	1
574	353	1
574	358	1
574	360	1
574	363	1
574	365	1
574	367	1
574	370	1
574	372	1
574	375	1
574	379	1
574	380	1
574	381	1
574	383	1
574	387	1
574	388	1
574	390	1
574	391	1
574	394	1
574	398	1
574	400	1
574	401	1
574	402	1
574	403	1
574	404	1
574	407	1
574	408	1
574	411	1
574	412	1
574	413	1
574	415	1
574	418	1
574	419	1
574	420	1
574	423	1
574	426	1
574	427	1
574	429	1
574	430	1
574	431	1
574	434	1
574	437	1
574	438	1
574	439	1
574	442	1
574	443	1
574	445	1
574	447	1
574	448	1
574	449	1
574	452	1
574	453	1
574	454	1
574	461	1
574	464	1
574	467	1
575	122	1
575	167	1
575	170	1
575	194	1
575	201	1
575	209	1
575	228	1
575	234	1
575	237	1
575	240	1
575	243	1
575	255	1
575	286	1
575	287	1
575	289	1
575	291	1
575	295	1
575	296	1
575	299	1
575	302	1
575	308	1
575	309	1
575	326	1
575	332	1
575	333	1
575	334	1
575	338	1
575	343	1
575	345	1
575	349	1
575	352	1
575	353	1
575	354	1
575	356	1
575	359	1
575	362	1
575	364	1
575	370	1
575	375	1
575	376	1
575	379	1
575	381	1
575	382	1
575	384	1
575	386	1
575	388	1
575	389	1
575	390	1
575	391	1
575	394	1
575	397	1
575	398	1
575	403	1
575	404	1
575	405	1
575	408	1
575	409	1
575	410	1
575	411	1
575	412	1
575	413	1
575	414	1
575	416	1
575	419	1
575	420	1
575	421	1
575	426	1
575	428	1
575	430	1
575	432	1
575	433	1
575	436	1
575	437	1
575	439	1
575	441	1
575	444	1
575	447	1
575	448	1
575	449	1
575	451	1
575	454	1
575	456	1
575	457	1
575	458	1
575	459	1
575	462	1
575	464	1
575	466	1
575	467	1
576	48	1
576	104	1
576	141	1
576	142	1
576	170	1
576	209	1
576	215	1
576	223	1
576	225	1
576	229	1
576	236	1
576	240	1
576	250	1
576	259	1
576	260	1
576	266	1
576	285	1
576	294	1
576	295	1
576	298	1
576	299	1
576	300	1
576	304	1
576	306	1
576	319	1
576	320	1
576	322	1
576	326	1
576	331	1
576	340	1
576	342	1
576	349	1
576	354	1
576	356	1
576	364	1
576	366	1
576	367	1
576	370	1
576	373	1
576	375	1
576	378	1
576	384	1
576	385	1
576	386	1
576	390	1
576	394	1
576	400	1
576	401	1
576	403	1
576	405	1
576	406	1
576	408	1
576	409	1
576	411	1
576	412	1
576	413	1
576	414	1
576	420	1
576	421	1
576	422	1
576	424	1
576	425	1
576	427	1
576	428	1
576	429	1
576	430	1
576	432	1
576	433	1
576	434	1
576	440	1
576	441	1
576	442	1
576	443	1
576	444	1
576	446	1
576	447	1
576	448	1
576	449	1
576	450	1
576	454	1
576	456	1
576	460	1
576	461	1
576	462	1
576	463	1
576	464	1
576	465	1
576	466	1
576	467	1
577	59	1
577	80	1
577	88	1
577	139	1
577	140	1
577	191	1
577	230	1
577	240	1
577	253	1
577	260	1
577	263	1
577	265	1
577	279	1
577	282	1
577	286	1
577	289	1
577	294	1
577	301	1
577	305	1
577	311	1
577	313	1
577	326	1
577	327	1
577	331	1
577	333	1
577	341	1
577	344	1
577	345	1
577	348	1
577	351	1
577	353	1
577	354	1
577	358	1
577	360	1
577	362	1
577	363	1
577	364	1
577	365	1
577	368	1
577	370	1
577	372	1
577	374	1
577	379	1
577	380	1
577	385	1
577	386	1
577	389	1
577	391	1
577	392	1
577	394	1
577	399	1
577	402	1
577	406	1
577	407	1
577	408	1
577	409	1
577	411	1
577	413	1
577	415	1
577	418	1
577	419	1
577	421	1
577	423	1
577	425	1
577	427	1
577	428	1
577	429	1
577	430	1
577	431	1
577	432	1
577	433	1
577	435	1
577	436	1
577	437	1
577	438	1
577	439	1
577	441	1
577	446	1
577	451	1
577	452	1
577	453	1
577	455	1
577	456	1
577	458	1
577	459	1
577	461	1
577	462	1
577	465	1
577	466	1
577	467	1
578	13	1
578	20	1
578	25	1
578	234	1
578	243	1
578	246	1
578	250	1
578	260	1
578	262	1
578	264	1
578	265	1
578	266	1
578	274	1
578	278	1
578	282	1
578	283	1
578	287	1
578	295	1
578	300	1
578	303	1
578	304	1
578	305	1
578	307	1
578	313	1
578	316	1
578	322	1
578	328	1
578	329	1
578	330	1
578	336	1
578	341	1
578	342	1
578	354	1
578	358	1
578	361	1
578	365	1
578	366	1
578	370	1
578	371	1
578	376	1
578	381	1
578	382	1
578	384	1
578	385	1
578	386	1
578	393	1
578	395	1
578	396	1
578	397	1
578	404	1
578	405	1
578	406	1
578	407	1
578	408	1
578	409	1
578	412	1
578	414	1
578	415	1
578	419	1
578	423	1
578	428	1
578	429	1
578	431	1
578	432	1
578	434	1
578	435	1
578	436	1
578	437	1
578	438	1
578	439	1
578	440	1
578	441	1
578	442	1
578	443	1
578	445	1
578	446	1
578	447	1
578	449	1
578	450	1
578	451	1
578	452	1
578	455	1
578	456	1
578	458	1
578	459	1
578	460	1
578	461	1
578	462	1
578	464	1
578	465	1
578	467	1
579	62	1
579	127	1
579	176	1
579	206	1
579	215	1
579	228	1
579	231	1
579	250	1
579	251	1
579	252	1
579	260	1
579	263	1
579	282	1
579	286	1
579	296	1
579	308	1
579	315	1
579	316	1
579	317	1
579	318	1
579	319	1
579	320	1
579	322	1
579	323	1
579	324	1
579	327	1
579	344	1
579	346	1
579	350	1
579	351	1
579	352	1
579	353	1
579	354	1
579	357	1
579	358	1
579	365	1
579	368	1
579	371	1
579	377	1
579	379	1
579	382	1
579	385	1
579	386	1
579	387	1
579	388	1
579	389	1
579	393	1
579	394	1
579	395	1
579	398	1
579	401	1
579	403	1
579	404	1
579	410	1
579	412	1
579	413	1
579	416	1
579	417	1
579	418	1
579	420	1
579	423	1
579	424	1
579	426	1
579	427	1
579	428	1
579	429	1
579	432	1
579	433	1
579	434	1
579	435	1
579	438	1
579	441	1
579	442	1
579	444	1
579	445	1
579	446	1
579	447	1
579	448	1
579	449	1
579	453	1
579	454	1
579	455	1
579	456	1
579	458	1
579	459	1
579	460	1
579	461	1
579	462	1
579	463	1
579	465	1
579	466	1
579	467	1
580	83	1
580	150	1
580	185	1
580	188	1
580	229	1
580	231	1
580	245	1
580	255	1
580	256	1
580	266	1
580	275	1
580	278	1
580	286	1
580	293	1
580	296	1
580	305	1
580	307	1
580	310	1
580	316	1
580	327	1
580	328	1
580	330	1
580	337	1
580	338	1
580	343	1
580	349	1
580	350	1
580	351	1
580	354	1
580	358	1
580	361	1
580	366	1
580	369	1
580	373	1
580	375	1
580	376	1
580	378	1
580	380	1
580	381	1
580	382	1
580	383	1
580	386	1
580	388	1
580	389	1
580	395	1
580	397	1
580	399	1
580	401	1
580	403	1
580	404	1
580	407	1
580	408	1
580	409	1
580	411	1
580	412	1
580	413	1
580	414	1
580	415	1
580	417	1
580	418	1
580	419	1
580	421	1
580	422	1
580	423	1
580	424	1
580	425	1
580	426	1
580	429	1
580	430	1
580	432	1
580	434	1
580	436	1
580	437	1
580	438	1
580	440	1
580	443	1
580	444	1
580	445	1
580	446	1
580	447	1
580	450	1
580	451	1
580	454	1
580	455	1
580	456	1
580	458	1
580	460	1
580	461	1
580	462	1
580	463	1
580	464	1
580	465	1
580	467	1
581	109	1
581	192	1
581	232	1
581	233	1
581	239	1
581	244	1
581	254	1
581	270	1
581	272	1
581	273	1
581	278	1
581	290	1
581	292	1
581	293	1
581	294	1
581	297	1
581	298	1
581	303	1
581	318	1
581	321	1
581	323	1
581	325	1
581	326	1
581	330	1
581	331	1
581	334	1
581	337	1
581	338	1
581	339	1
581	340	1
581	341	1
581	347	1
581	352	1
581	355	1
581	356	1
581	358	1
581	359	1
581	362	1
581	364	1
581	365	1
581	367	1
581	372	1
581	376	1
581	378	1
581	379	1
581	381	1
581	382	1
581	385	1
581	390	1
581	391	1
581	392	1
581	397	1
581	405	1
581	407	1
581	408	1
581	409	1
581	413	1
581	415	1
581	418	1
581	420	1
581	421	1
581	422	1
581	423	1
581	424	1
581	425	1
581	426	1
581	427	1
581	428	1
581	432	1
581	433	1
581	434	1
581	435	1
581	437	1
581	438	1
581	439	1
581	440	1
581	443	1
581	444	1
581	445	1
581	446	1
581	448	1
581	449	1
581	450	1
581	452	1
581	454	1
581	456	1
581	458	1
581	459	1
581	461	1
581	462	1
581	463	1
581	464	1
581	466	1
582	41	1
582	107	1
582	189	1
582	223	1
582	243	1
582	253	1
582	277	1
582	280	1
582	283	1
582	287	1
582	288	1
582	290	1
582	296	1
582	313	1
582	320	1
582	321	1
582	323	1
582	327	1
582	328	1
582	330	1
582	341	1
582	342	1
582	343	1
582	344	1
582	345	1
582	346	1
582	351	1
582	359	1
582	360	1
582	364	1
582	365	1
582	366	1
582	368	1
582	374	1
582	377	1
582	378	1
582	379	1
582	381	1
582	382	1
582	385	1
582	390	1
582	394	1
582	395	1
582	397	1
582	398	1
582	399	1
582	400	1
582	401	1
582	402	1
582	403	1
582	406	1
582	408	1
582	410	1
582	411	1
582	412	1
582	414	1
582	415	1
582	416	1
582	417	1
582	418	1
582	422	1
582	423	1
582	424	1
582	425	1
582	426	1
582	428	1
582	429	1
582	430	1
582	432	1
582	433	1
582	434	1
582	436	1
582	437	1
582	439	1
582	442	1
582	443	1
582	445	1
582	447	1
582	448	1
582	449	1
582	450	1
582	451	1
582	453	1
582	454	1
582	457	1
582	458	1
582	459	1
582	460	1
582	461	1
582	462	1
582	464	1
582	465	1
582	466	1
583	3	1
583	55	1
583	56	1
583	148	1
583	163	1
583	169	1
583	180	1
583	184	1
583	186	1
583	195	1
583	242	1
583	245	1
583	251	1
583	253	1
583	267	1
583	270	1
583	287	1
583	288	1
583	303	1
583	311	1
583	316	1
583	323	1
583	324	1
583	326	1
583	329	1
583	330	1
583	331	1
583	333	1
583	341	1
583	348	1
583	351	1
583	353	1
583	354	1
583	358	1
583	359	1
583	361	1
583	365	1
583	368	1
583	370	1
583	375	1
583	379	1
583	380	1
583	382	1
583	383	1
583	386	1
583	387	1
583	389	1
583	390	1
583	391	1
583	392	1
583	394	1
583	397	1
583	398	1
583	400	1
583	401	1
583	405	1
583	406	1
583	407	1
583	408	1
583	409	1
583	412	1
583	413	1
583	415	1
583	416	1
583	419	1
583	420	1
583	422	1
583	425	1
583	426	1
583	427	1
583	428	1
583	429	1
583	431	1
583	435	1
583	436	1
583	437	1
583	438	1
583	439	1
583	440	1
583	441	1
583	442	1
583	448	1
583	449	1
583	450	1
583	451	1
583	452	1
583	455	1
583	456	1
583	458	1
583	460	1
583	461	1
583	462	1
583	466	1
583	467	1
584	78	1
584	100	1
584	145	1
584	156	1
584	168	1
584	204	1
584	208	1
584	211	1
584	232	1
584	258	1
584	259	1
584	271	1
584	278	1
584	279	1
584	283	1
584	284	1
584	286	1
584	289	1
584	300	1
584	311	1
584	313	1
584	315	1
584	325	1
584	328	1
584	330	1
584	331	1
584	334	1
584	337	1
584	338	1
584	343	1
584	345	1
584	349	1
584	355	1
584	359	1
584	362	1
584	364	1
584	366	1
584	367	1
584	370	1
584	371	1
584	372	1
584	374	1
584	376	1
584	377	1
584	378	1
584	382	1
584	384	1
584	386	1
584	387	1
584	388	1
584	390	1
584	392	1
584	396	1
584	397	1
584	398	1
584	399	1
584	400	1
584	402	1
584	403	1
584	406	1
584	407	1
584	408	1
584	409	1
584	414	1
584	420	1
584	421	1
584	427	1
584	430	1
584	431	1
584	432	1
584	434	1
584	435	1
584	436	1
584	439	1
584	440	1
584	441	1
584	442	1
584	444	1
584	445	1
584	448	1
584	449	1
584	450	1
584	451	1
584	452	1
584	455	1
584	456	1
584	457	1
584	458	1
584	460	1
584	461	1
584	462	1
584	463	1
584	464	1
584	465	1
584	466	1
585	9	1
585	35	1
585	80	1
585	93	1
585	95	1
585	125	1
585	126	1
585	147	1
585	235	1
585	248	1
585	251	1
585	257	1
585	259	1
585	273	1
585	274	1
585	286	1
585	297	1
585	299	1
585	303	1
585	305	1
585	306	1
585	309	1
585	310	1
585	316	1
585	317	1
585	322	1
585	323	1
585	324	1
585	325	1
585	328	1
585	336	1
585	337	1
585	341	1
585	344	1
585	346	1
585	347	1
585	352	1
585	365	1
585	366	1
585	368	1
585	372	1
585	374	1
585	375	1
585	376	1
585	378	1
585	379	1
585	380	1
585	381	1
585	383	1
585	384	1
585	385	1
585	388	1
585	389	1
585	391	1
585	392	1
585	396	1
585	397	1
585	400	1
585	405	1
585	411	1
585	413	1
585	414	1
585	417	1
585	419	1
585	420	1
585	423	1
585	426	1
585	427	1
585	430	1
585	432	1
585	435	1
585	436	1
585	437	1
585	438	1
585	439	1
585	440	1
585	441	1
585	442	1
585	443	1
585	444	1
585	445	1
585	446	1
585	448	1
585	449	1
585	450	1
585	451	1
585	452	1
585	453	1
585	454	1
585	456	1
585	457	1
585	460	1
585	462	1
585	463	1
585	464	1
586	199	1
586	210	1
586	229	1
586	250	1
586	273	1
586	276	1
586	278	1
586	287	1
586	301	1
586	303	1
586	304	1
586	307	1
586	319	1
586	320	1
586	321	1
586	326	1
586	328	1
586	333	1
586	334	1
586	337	1
586	339	1
586	340	1
586	347	1
586	348	1
586	351	1
586	353	1
586	354	1
586	355	1
586	356	1
586	357	1
586	361	1
586	362	1
586	364	1
586	367	1
586	371	1
586	372	1
586	373	1
586	374	1
586	376	1
586	378	1
586	380	1
586	383	1
586	385	1
586	386	1
586	387	1
586	388	1
586	392	1
586	395	1
586	396	1
586	399	1
586	400	1
586	403	1
586	404	1
586	405	1
586	407	1
586	411	1
586	412	1
586	414	1
586	415	1
586	416	1
586	418	1
586	419	1
586	420	1
586	421	1
586	422	1
586	423	1
586	424	1
586	426	1
586	427	1
586	430	1
586	431	1
586	433	1
586	437	1
586	439	1
586	440	1
586	441	1
586	442	1
586	444	1
586	445	1
586	447	1
586	448	1
586	449	1
586	450	1
586	453	1
586	454	1
586	455	1
586	456	1
586	458	1
586	459	1
586	460	1
586	461	1
586	464	1
586	465	1
586	466	1
586	467	1
587	53	1
587	154	1
587	180	1
587	219	1
587	226	1
587	262	1
587	266	1
587	282	1
587	284	1
587	292	1
587	298	1
587	303	1
587	306	1
587	307	1
587	310	1
587	312	1
587	316	1
587	321	1
587	323	1
587	330	1
587	332	1
587	335	1
587	337	1
587	339	1
587	340	1
587	344	1
587	345	1
587	346	1
587	347	1
587	349	1
587	362	1
587	364	1
587	366	1
587	367	1
587	368	1
587	369	1
587	370	1
587	372	1
587	374	1
587	378	1
587	380	1
587	384	1
587	386	1
587	387	1
587	388	1
587	389	1
587	390	1
587	392	1
587	393	1
587	397	1
587	399	1
587	401	1
587	404	1
587	405	1
587	408	1
587	409	1
587	410	1
587	412	1
587	413	1
587	415	1
587	416	1
587	417	1
587	421	1
587	422	1
587	423	1
587	426	1
587	427	1
587	429	1
587	430	1
587	432	1
587	433	1
587	434	1
587	435	1
587	436	1
587	439	1
587	440	1
587	441	1
587	442	1
587	443	1
587	444	1
587	447	1
587	448	1
587	449	1
587	450	1
587	451	1
587	452	1
587	453	1
587	457	1
587	458	1
587	460	1
587	461	1
587	462	1
587	463	1
587	465	1
587	466	1
587	467	1
588	96	1
588	213	1
588	231	1
588	261	1
588	296	1
588	297	1
588	302	1
588	306	1
588	315	1
588	317	1
588	327	1
588	328	1
588	331	1
588	334	1
588	335	1
588	336	1
588	337	1
588	339	1
588	340	1
588	343	1
588	349	1
588	351	1
588	353	1
588	355	1
588	358	1
588	360	1
588	361	1
588	364	1
588	365	1
588	367	1
588	368	1
588	369	1
588	371	1
588	372	1
588	374	1
588	375	1
588	376	1
588	377	1
588	378	1
588	381	1
588	383	1
588	386	1
588	387	1
588	389	1
588	390	1
588	392	1
588	394	1
588	395	1
588	397	1
588	400	1
588	404	1
588	405	1
588	407	1
588	408	1
588	409	1
588	411	1
588	412	1
588	413	1
588	415	1
588	416	1
588	421	1
588	422	1
588	423	1
588	424	1
588	425	1
588	427	1
588	429	1
588	430	1
588	432	1
588	433	1
588	438	1
588	439	1
588	440	1
588	442	1
588	443	1
588	444	1
588	445	1
588	447	1
588	448	1
588	449	1
588	450	1
588	451	1
588	453	1
588	454	1
588	455	1
588	456	1
588	457	1
588	458	1
588	460	1
588	461	1
588	462	1
588	463	1
588	464	1
588	465	1
588	466	1
588	467	1
589	69	1
589	151	1
589	154	1
589	163	1
589	169	1
589	181	1
589	214	1
589	221	1
589	266	1
589	267	1
589	284	1
589	295	1
589	298	1
589	303	1
589	310	1
589	313	1
589	314	1
589	320	1
589	321	1
589	324	1
589	326	1
589	330	1
589	332	1
589	334	1
589	338	1
589	342	1
589	343	1
589	345	1
589	347	1
589	349	1
589	351	1
589	353	1
589	357	1
589	358	1
589	360	1
589	361	1
589	363	1
589	365	1
589	371	1
589	375	1
589	376	1
589	377	1
589	378	1
589	381	1
589	384	1
589	388	1
589	389	1
589	390	1
589	391	1
589	392	1
589	396	1
589	398	1
589	399	1
589	400	1
589	401	1
589	402	1
589	404	1
589	405	1
589	406	1
589	407	1
589	408	1
589	409	1
589	411	1
589	412	1
589	414	1
589	415	1
589	416	1
589	419	1
589	421	1
589	422	1
589	423	1
589	426	1
589	428	1
589	429	1
589	433	1
589	435	1
589	437	1
589	438	1
589	442	1
589	445	1
589	447	1
589	448	1
589	449	1
589	450	1
589	452	1
589	453	1
589	454	1
589	455	1
589	456	1
589	457	1
589	458	1
589	460	1
589	461	1
589	463	1
589	464	1
589	465	1
589	467	1
590	33	1
590	98	1
590	146	1
590	174	1
590	176	1
590	193	1
590	222	1
590	231	1
590	264	1
590	266	1
590	269	1
590	275	1
590	276	1
590	300	1
590	306	1
590	316	1
590	318	1
590	320	1
590	325	1
590	326	1
590	327	1
590	328	1
590	335	1
590	337	1
590	349	1
590	351	1
590	353	1
590	355	1
590	356	1
590	358	1
590	359	1
590	360	1
590	362	1
590	365	1
590	369	1
590	370	1
590	377	1
590	379	1
590	380	1
590	381	1
590	384	1
590	385	1
590	387	1
590	388	1
590	391	1
590	393	1
590	394	1
590	395	1
590	397	1
590	399	1
590	400	1
590	402	1
590	403	1
590	404	1
590	406	1
590	407	1
590	412	1
590	413	1
590	414	1
590	417	1
590	418	1
590	419	1
590	420	1
590	421	1
590	422	1
590	423	1
590	424	1
590	425	1
590	426	1
590	428	1
590	429	1
590	431	1
590	433	1
590	434	1
590	435	1
590	436	1
590	437	1
590	439	1
590	442	1
590	443	1
590	444	1
590	445	1
590	446	1
590	447	1
590	449	1
590	450	1
590	451	1
590	454	1
590	456	1
590	458	1
590	460	1
590	461	1
590	462	1
590	463	1
590	464	1
590	465	1
590	466	1
590	467	1
591	174	1
591	186	1
591	207	1
591	220	1
591	221	1
591	231	1
591	233	1
591	236	1
591	246	1
591	249	1
591	250	1
591	255	1
591	268	1
591	270	1
591	272	1
591	292	1
591	295	1
591	298	1
591	302	1
591	311	1
591	313	1
591	314	1
591	322	1
591	325	1
591	326	1
591	328	1
591	329	1
591	330	1
591	331	1
591	335	1
591	336	1
591	342	1
591	343	1
591	344	1
591	352	1
591	356	1
591	359	1
591	362	1
591	364	1
591	367	1
591	368	1
591	369	1
591	376	1
591	377	1
591	379	1
591	380	1
591	382	1
591	383	1
591	384	1
591	387	1
591	389	1
591	390	1
591	391	1
591	392	1
591	393	1
591	394	1
591	396	1
591	399	1
591	400	1
591	404	1
591	406	1
591	408	1
591	409	1
591	411	1
591	413	1
591	415	1
591	416	1
591	417	1
591	418	1
591	419	1
591	421	1
591	427	1
591	428	1
591	429	1
591	430	1
591	431	1
591	433	1
591	434	1
591	436	1
591	438	1
591	445	1
591	446	1
591	447	1
591	448	1
591	449	1
591	450	1
591	451	1
591	452	1
591	453	1
591	454	1
591	455	1
591	456	1
591	459	1
591	460	1
591	461	1
591	465	1
591	466	1
591	467	1
592	99	1
592	118	1
592	167	1
592	231	1
592	256	1
592	265	1
592	271	1
592	273	1
592	285	1
592	287	1
592	305	1
592	306	1
592	308	1
592	310	1
592	320	1
592	322	1
592	323	1
592	324	1
592	325	1
592	327	1
592	328	1
592	329	1
592	331	1
592	332	1
592	340	1
592	344	1
592	350	1
592	352	1
592	353	1
592	355	1
592	356	1
592	358	1
592	360	1
592	361	1
592	363	1
592	368	1
592	370	1
592	371	1
592	372	1
592	373	1
592	375	1
592	376	1
592	378	1
592	379	1
592	382	1
592	387	1
592	392	1
592	394	1
592	397	1
592	398	1
592	400	1
592	401	1
592	402	1
592	403	1
592	406	1
592	407	1
592	408	1
592	409	1
592	416	1
592	417	1
592	418	1
592	419	1
592	420	1
592	421	1
592	423	1
592	426	1
592	428	1
592	429	1
592	430	1
592	432	1
592	433	1
592	435	1
592	436	1
592	437	1
592	438	1
592	439	1
592	440	1
592	441	1
592	442	1
592	443	1
592	444	1
592	445	1
592	446	1
592	447	1
592	448	1
592	451	1
592	453	1
592	454	1
592	455	1
592	456	1
592	457	1
592	458	1
592	459	1
592	461	1
592	462	1
592	464	1
592	465	1
592	467	1
593	137	1
593	143	1
593	160	1
593	178	1
593	194	1
593	212	1
593	215	1
593	219	1
593	220	1
593	231	1
593	236	1
593	246	1
593	266	1
593	284	1
593	297	1
593	298	1
593	304	1
593	313	1
593	323	1
593	326	1
593	327	1
593	328	1
593	330	1
593	331	1
593	341	1
593	343	1
593	345	1
593	348	1
593	352	1
593	355	1
593	358	1
593	359	1
593	360	1
593	366	1
593	367	1
593	369	1
593	370	1
593	371	1
593	372	1
593	373	1
593	374	1
593	377	1
593	380	1
593	381	1
593	382	1
593	383	1
593	385	1
593	387	1
593	388	1
593	389	1
593	394	1
593	395	1
593	396	1
593	398	1
593	399	1
593	400	1
593	401	1
593	402	1
593	403	1
593	407	1
593	408	1
593	409	1
593	410	1
593	411	1
593	412	1
593	415	1
593	416	1
593	417	1
593	418	1
593	419	1
593	421	1
593	422	1
593	423	1
593	424	1
593	425	1
593	426	1
593	427	1
593	430	1
593	431	1
593	432	1
593	434	1
593	435	1
593	436	1
593	437	1
593	439	1
593	441	1
593	443	1
593	445	1
593	446	1
593	448	1
593	450	1
593	451	1
593	453	1
593	454	1
593	459	1
593	462	1
593	464	1
593	465	1
593	466	1
594	112	1
594	151	1
594	171	1
594	172	1
594	188	1
594	193	1
594	197	1
594	254	1
594	259	1
594	264	1
594	266	1
594	268	1
594	271	1
594	280	1
594	282	1
594	288	1
594	292	1
594	295	1
594	298	1
594	301	1
594	303	1
594	305	1
594	308	1
594	320	1
594	323	1
594	327	1
594	328	1
594	329	1
594	333	1
594	345	1
594	346	1
594	358	1
594	363	1
594	364	1
594	365	1
594	366	1
594	367	1
594	368	1
594	370	1
594	371	1
594	372	1
594	373	1
594	375	1
594	380	1
594	385	1
594	387	1
594	388	1
594	390	1
594	392	1
594	393	1
594	394	1
594	395	1
594	396	1
594	397	1
594	398	1
594	399	1
594	400	1
594	401	1
594	402	1
594	404	1
594	406	1
594	407	1
594	410	1
594	412	1
594	413	1
594	414	1
594	416	1
594	417	1
594	419	1
594	421	1
594	424	1
594	428	1
594	429	1
594	430	1
594	431	1
594	432	1
594	434	1
594	435	1
594	438	1
594	440	1
594	442	1
594	443	1
594	444	1
594	445	1
594	446	1
594	447	1
594	448	1
594	450	1
594	453	1
594	454	1
594	455	1
594	456	1
594	460	1
594	461	1
594	462	1
594	463	1
594	464	1
594	465	1
594	466	1
594	467	1
595	38	1
595	169	1
595	204	1
595	208	1
595	213	1
595	230	1
595	249	1
595	260	1
595	274	1
595	279	1
595	280	1
595	282	1
595	284	1
595	285	1
595	287	1
595	301	1
595	310	1
595	312	1
595	317	1
595	318	1
595	325	1
595	327	1
595	332	1
595	335	1
595	337	1
595	338	1
595	340	1
595	342	1
595	344	1
595	347	1
595	350	1
595	352	1
595	353	1
595	355	1
595	356	1
595	357	1
595	359	1
595	362	1
595	363	1
595	364	1
595	367	1
595	369	1
595	370	1
595	380	1
595	383	1
595	384	1
595	385	1
595	388	1
595	389	1
595	390	1
595	393	1
595	394	1
595	395	1
595	398	1
595	399	1
595	402	1
595	403	1
595	404	1
595	405	1
595	408	1
595	410	1
595	411	1
595	412	1
595	414	1
595	415	1
595	416	1
595	417	1
595	418	1
595	419	1
595	424	1
595	425	1
595	431	1
595	432	1
595	433	1
595	434	1
595	436	1
595	437	1
595	438	1
595	439	1
595	441	1
595	442	1
595	444	1
595	445	1
595	448	1
595	449	1
595	450	1
595	452	1
595	454	1
595	455	1
595	457	1
595	458	1
595	459	1
595	460	1
595	461	1
595	462	1
595	463	1
595	464	1
595	465	1
595	466	1
595	467	1
596	102	1
596	127	1
596	155	1
596	199	1
596	204	1
596	206	1
596	235	1
596	268	1
596	276	1
596	278	1
596	284	1
596	291	1
596	292	1
596	301	1
596	303	1
596	305	1
596	306	1
596	308	1
596	312	1
596	315	1
596	316	1
596	318	1
596	326	1
596	328	1
596	331	1
596	338	1
596	343	1
596	345	1
596	349	1
596	354	1
596	356	1
596	357	1
596	358	1
596	360	1
596	361	1
596	363	1
596	365	1
596	368	1
596	370	1
596	371	1
596	373	1
596	376	1
596	377	1
596	378	1
596	379	1
596	382	1
596	383	1
596	385	1
596	387	1
596	388	1
596	389	1
596	393	1
596	395	1
596	396	1
596	397	1
596	398	1
596	399	1
596	402	1
596	403	1
596	404	1
596	406	1
596	407	1
596	409	1
596	410	1
596	412	1
596	417	1
596	418	1
596	420	1
596	421	1
596	422	1
596	423	1
596	426	1
596	427	1
596	429	1
596	430	1
596	431	1
596	432	1
596	433	1
596	434	1
596	436	1
596	438	1
596	440	1
596	441	1
596	442	1
596	443	1
596	445	1
596	446	1
596	447	1
596	450	1
596	451	1
596	452	1
596	453	1
596	454	1
596	457	1
596	458	1
596	459	1
596	460	1
596	462	1
596	463	1
596	465	1
596	466	1
597	82	1
597	195	1
597	198	1
597	203	1
597	210	1
597	212	1
597	217	1
597	249	1
597	254	1
597	266	1
597	271	1
597	299	1
597	302	1
597	310	1
597	311	1
597	320	1
597	324	1
597	325	1
597	332	1
597	334	1
597	342	1
597	343	1
597	345	1
597	346	1
597	357	1
597	358	1
597	360	1
597	369	1
597	370	1
597	371	1
597	372	1
597	375	1
597	377	1
597	379	1
597	380	1
597	382	1
597	383	1
597	384	1
597	385	1
597	386	1
597	388	1
597	389	1
597	390	1
597	392	1
597	393	1
597	394	1
597	396	1
597	397	1
597	400	1
597	402	1
597	403	1
597	404	1
597	408	1
597	409	1
597	412	1
597	414	1
597	415	1
597	417	1
597	418	1
597	420	1
597	421	1
597	422	1
597	424	1
597	425	1
597	426	1
597	427	1
597	428	1
597	429	1
597	430	1
597	431	1
597	432	1
597	433	1
597	434	1
597	435	1
597	436	1
597	437	1
597	440	1
597	441	1
597	442	1
597	443	1
597	444	1
597	445	1
597	446	1
597	447	1
597	448	1
597	449	1
597	450	1
597	451	1
597	452	1
597	453	1
597	454	1
597	456	1
597	457	1
597	459	1
597	460	1
597	461	1
597	462	1
597	463	1
597	464	1
597	465	1
597	466	1
598	11	1
598	125	1
598	132	1
598	157	1
598	168	1
598	194	1
598	203	1
598	262	1
598	266	1
598	270	1
598	288	1
598	294	1
598	297	1
598	299	1
598	306	1
598	315	1
598	316	1
598	318	1
598	322	1
598	324	1
598	330	1
598	331	1
598	332	1
598	333	1
598	338	1
598	343	1
598	347	1
598	348	1
598	350	1
598	357	1
598	359	1
598	364	1
598	367	1
598	369	1
598	374	1
598	378	1
598	379	1
598	380	1
598	381	1
598	386	1
598	387	1
598	388	1
598	390	1
598	392	1
598	393	1
598	395	1
598	398	1
598	399	1
598	400	1
598	401	1
598	402	1
598	403	1
598	405	1
598	409	1
598	410	1
598	411	1
598	412	1
598	413	1
598	415	1
598	416	1
598	418	1
598	419	1
598	420	1
598	421	1
598	422	1
598	424	1
598	425	1
598	427	1
598	428	1
598	429	1
598	430	1
598	431	1
598	433	1
598	434	1
598	435	1
598	436	1
598	437	1
598	439	1
598	440	1
598	441	1
598	442	1
598	443	1
598	444	1
598	445	1
598	446	1
598	447	1
598	449	1
598	451	1
598	453	1
598	454	1
598	455	1
598	456	1
598	458	1
598	459	1
598	460	1
598	462	1
598	463	1
598	464	1
598	465	1
598	466	1
598	467	1
599	93	1
599	126	1
599	179	1
599	203	1
599	217	1
599	225	1
599	230	1
599	236	1
599	243	1
599	248	1
599	249	1
599	256	1
599	286	1
599	288	1
599	289	1
599	297	1
599	309	1
599	314	1
599	317	1
599	336	1
599	341	1
599	342	1
599	345	1
599	346	1
599	348	1
599	349	1
599	351	1
599	352	1
599	353	1
599	357	1
599	360	1
599	363	1
599	366	1
599	368	1
599	370	1
599	371	1
599	377	1
599	378	1
599	379	1
599	381	1
599	384	1
599	385	1
599	386	1
599	388	1
599	389	1
599	390	1
599	393	1
599	394	1
599	395	1
599	396	1
599	397	1
599	400	1
599	401	1
599	402	1
599	403	1
599	404	1
599	405	1
599	406	1
599	407	1
599	409	1
599	411	1
599	412	1
599	413	1
599	415	1
599	416	1
599	417	1
599	418	1
599	419	1
599	420	1
599	423	1
599	425	1
599	426	1
599	427	1
599	429	1
599	430	1
599	432	1
599	434	1
599	436	1
599	437	1
599	438	1
599	439	1
599	441	1
599	443	1
599	444	1
599	446	1
599	447	1
599	449	1
599	450	1
599	451	1
599	452	1
599	453	1
599	454	1
599	455	1
599	456	1
599	457	1
599	458	1
599	459	1
599	461	1
599	464	1
599	465	1
599	466	1
599	467	1
600	79	1
600	123	1
600	138	1
600	148	1
600	186	1
600	233	1
600	249	1
600	253	1
600	258	1
600	263	1
600	264	1
600	275	1
600	282	1
600	286	1
600	289	1
600	302	1
600	303	1
600	308	1
600	309	1
600	311	1
600	313	1
600	319	1
600	326	1
600	329	1
600	331	1
600	332	1
600	334	1
600	340	1
600	341	1
600	342	1
600	343	1
600	346	1
600	351	1
600	356	1
600	365	1
600	366	1
600	367	1
600	368	1
600	370	1
600	373	1
600	375	1
600	376	1
600	377	1
600	378	1
600	379	1
600	380	1
600	381	1
600	386	1
600	387	1
600	388	1
600	389	1
600	390	1
600	391	1
600	395	1
600	396	1
600	397	1
600	398	1
600	401	1
600	403	1
600	404	1
600	405	1
600	406	1
600	407	1
600	408	1
600	409	1
600	411	1
600	412	1
600	413	1
600	415	1
600	420	1
600	424	1
600	426	1
600	427	1
600	428	1
600	429	1
600	430	1
600	432	1
600	435	1
600	436	1
600	437	1
600	438	1
600	439	1
600	440	1
600	441	1
600	442	1
600	445	1
600	446	1
600	447	1
600	448	1
600	449	1
600	452	1
600	453	1
600	455	1
600	456	1
600	458	1
600	459	1
600	460	1
600	462	1
600	463	1
600	464	1
600	465	1
600	466	1
601	83	1
601	132	1
601	168	1
601	212	1
601	213	1
601	248	1
601	266	1
601	271	1
601	276	1
601	278	1
601	284	1
601	285	1
601	309	1
601	311	1
601	312	1
601	316	1
601	317	1
601	318	1
601	325	1
601	326	1
601	328	1
601	330	1
601	331	1
601	333	1
601	337	1
601	343	1
601	344	1
601	349	1
601	354	1
601	356	1
601	357	1
601	358	1
601	359	1
601	365	1
601	367	1
601	369	1
601	370	1
601	375	1
601	377	1
601	379	1
601	384	1
601	386	1
601	387	1
601	388	1
601	391	1
601	394	1
601	396	1
601	397	1
601	398	1
601	399	1
601	400	1
601	401	1
601	403	1
601	405	1
601	407	1
601	410	1
601	412	1
601	417	1
601	419	1
601	420	1
601	421	1
601	422	1
601	423	1
601	424	1
601	425	1
601	426	1
601	427	1
601	428	1
601	429	1
601	430	1
601	431	1
601	432	1
601	433	1
601	434	1
601	435	1
601	436	1
601	438	1
601	440	1
601	441	1
601	443	1
601	444	1
601	446	1
601	447	1
601	448	1
601	450	1
601	451	1
601	452	1
601	453	1
601	454	1
601	455	1
601	456	1
601	457	1
601	458	1
601	459	1
601	460	1
601	461	1
601	462	1
601	463	1
601	464	1
601	466	1
601	467	1
602	116	1
602	133	1
602	138	1
602	181	1
602	206	1
602	259	1
602	261	1
602	266	1
602	270	1
602	273	1
602	280	1
602	291	1
602	292	1
602	293	1
602	294	1
602	302	1
602	306	1
602	315	1
602	317	1
602	324	1
602	330	1
602	333	1
602	334	1
602	336	1
602	342	1
602	343	1
602	344	1
602	346	1
602	350	1
602	352	1
602	353	1
602	357	1
602	359	1
602	361	1
602	362	1
602	369	1
602	371	1
602	373	1
602	375	1
602	376	1
602	380	1
602	383	1
602	384	1
602	386	1
602	387	1
602	388	1
602	393	1
602	394	1
602	395	1
602	397	1
602	399	1
602	402	1
602	403	1
602	409	1
602	410	1
602	411	1
602	413	1
602	414	1
602	417	1
602	418	1
602	419	1
602	420	1
602	421	1
602	422	1
602	423	1
602	426	1
602	427	1
602	428	1
602	429	1
602	430	1
602	431	1
602	432	1
602	433	1
602	434	1
602	435	1
602	437	1
602	438	1
602	440	1
602	441	1
602	442	1
602	444	1
602	445	1
602	446	1
602	448	1
602	450	1
602	451	1
602	452	1
602	453	1
602	454	1
602	455	1
602	456	1
602	457	1
602	458	1
602	459	1
602	460	1
602	461	1
602	462	1
602	463	1
602	464	1
602	465	1
602	466	1
602	467	1
603	19	1
603	51	1
603	54	1
603	152	1
603	172	1
603	182	1
603	200	1
603	233	1
603	258	1
603	259	1
603	268	1
603	278	1
603	295	1
603	297	1
603	299	1
603	304	1
603	305	1
603	307	1
603	308	1
603	309	1
603	310	1
603	314	1
603	324	1
603	325	1
603	328	1
603	336	1
603	340	1
603	343	1
603	347	1
603	348	1
603	349	1
603	350	1
603	351	1
603	352	1
603	354	1
603	356	1
603	358	1
603	362	1
603	366	1
603	369	1
603	373	1
603	374	1
603	378	1
603	380	1
603	383	1
603	385	1
603	386	1
603	388	1
603	389	1
603	390	1
603	392	1
603	393	1
603	395	1
603	397	1
603	398	1
603	399	1
603	401	1
603	402	1
603	404	1
603	405	1
603	406	1
603	411	1
603	412	1
603	414	1
603	415	1
603	416	1
603	417	1
603	418	1
603	420	1
603	421	1
603	424	1
603	426	1
603	427	1
603	428	1
603	429	1
603	431	1
603	432	1
603	433	1
603	435	1
603	438	1
603	439	1
603	441	1
603	442	1
603	443	1
603	445	1
603	446	1
603	447	1
603	448	1
603	449	1
603	450	1
603	452	1
603	453	1
603	455	1
603	457	1
603	459	1
603	460	1
603	461	1
603	463	1
603	464	1
603	465	1
603	466	1
603	467	1
604	16	1
604	121	1
604	128	1
604	153	1
604	199	1
604	228	1
604	233	1
604	249	1
604	261	1
604	274	1
604	275	1
604	284	1
604	297	1
604	303	1
604	305	1
604	310	1
604	314	1
604	316	1
604	317	1
604	320	1
604	330	1
604	338	1
604	339	1
604	341	1
604	342	1
604	344	1
604	345	1
604	348	1
604	349	1
604	350	1
604	351	1
604	352	1
604	357	1
604	359	1
604	360	1
604	362	1
604	364	1
604	365	1
604	367	1
604	370	1
604	372	1
604	375	1
604	377	1
604	379	1
604	380	1
604	383	1
604	384	1
604	387	1
604	389	1
604	391	1
604	393	1
604	395	1
604	397	1
604	398	1
604	400	1
604	405	1
604	406	1
604	408	1
604	410	1
604	413	1
604	416	1
604	417	1
604	418	1
604	420	1
604	421	1
604	422	1
604	424	1
604	425	1
604	426	1
604	427	1
604	429	1
604	431	1
604	432	1
604	433	1
604	435	1
604	437	1
604	440	1
604	441	1
604	442	1
604	443	1
604	445	1
604	447	1
604	448	1
604	449	1
604	450	1
604	451	1
604	452	1
604	453	1
604	454	1
604	455	1
604	456	1
604	457	1
604	458	1
604	459	1
604	460	1
604	461	1
604	462	1
604	463	1
604	464	1
604	465	1
604	466	1
604	467	1
605	27	1
605	35	1
605	87	1
605	124	1
605	197	1
605	218	1
605	237	1
605	257	1
605	263	1
605	267	1
605	271	1
605	277	1
605	291	1
605	295	1
605	297	1
605	301	1
605	302	1
605	305	1
605	306	1
605	310	1
605	313	1
605	314	1
605	321	1
605	323	1
605	325	1
605	335	1
605	336	1
605	337	1
605	341	1
605	347	1
605	348	1
605	351	1
605	354	1
605	355	1
605	358	1
605	359	1
605	361	1
605	365	1
605	370	1
605	371	1
605	372	1
605	373	1
605	374	1
605	375	1
605	376	1
605	377	1
605	383	1
605	386	1
605	387	1
605	389	1
605	390	1
605	391	1
605	392	1
605	393	1
605	395	1
605	396	1
605	397	1
605	400	1
605	401	1
605	402	1
605	404	1
605	405	1
605	408	1
605	409	1
605	410	1
605	413	1
605	414	1
605	418	1
605	419	1
605	421	1
605	422	1
605	424	1
605	425	1
605	427	1
605	431	1
605	434	1
605	435	1
605	437	1
605	439	1
605	440	1
605	441	1
605	443	1
605	444	1
605	445	1
605	446	1
605	449	1
605	450	1
605	451	1
605	452	1
605	453	1
605	454	1
605	455	1
605	456	1
605	457	1
605	458	1
605	461	1
605	462	1
605	463	1
605	464	1
605	465	1
605	466	1
605	467	1
606	66	1
606	99	1
606	214	1
606	237	1
606	240	1
606	245	1
606	272	1
606	278	1
606	281	1
606	293	1
606	302	1
606	304	1
606	310	1
606	311	1
606	312	1
606	315	1
606	318	1
606	323	1
606	328	1
606	332	1
606	333	1
606	334	1
606	338	1
606	339	1
606	340	1
606	342	1
606	344	1
606	345	1
606	350	1
606	353	1
606	354	1
606	355	1
606	358	1
606	361	1
606	364	1
606	366	1
606	368	1
606	371	1
606	373	1
606	375	1
606	376	1
606	380	1
606	383	1
606	387	1
606	391	1
606	392	1
606	395	1
606	398	1
606	400	1
606	401	1
606	402	1
606	403	1
606	405	1
606	406	1
606	409	1
606	410	1
606	411	1
606	413	1
606	414	1
606	415	1
606	416	1
606	417	1
606	418	1
606	419	1
606	420	1
606	421	1
606	423	1
606	424	1
606	425	1
606	426	1
606	427	1
606	428	1
606	429	1
606	430	1
606	432	1
606	434	1
606	436	1
606	438	1
606	439	1
606	442	1
606	443	1
606	444	1
606	445	1
606	447	1
606	450	1
606	451	1
606	452	1
606	453	1
606	455	1
606	456	1
606	457	1
606	458	1
606	459	1
606	460	1
606	461	1
606	462	1
606	463	1
606	464	1
606	465	1
606	466	1
606	467	1
607	79	1
607	123	1
607	128	1
607	228	1
607	234	1
607	282	1
607	285	1
607	294	1
607	299	1
607	301	1
607	304	1
607	307	1
607	313	1
607	318	1
607	320	1
607	321	1
607	327	1
607	331	1
607	335	1
607	338	1
607	339	1
607	342	1
607	343	1
607	344	1
607	346	1
607	349	1
607	351	1
607	352	1
607	353	1
607	354	1
607	355	1
607	356	1
607	358	1
607	361	1
607	363	1
607	364	1
607	367	1
607	368	1
607	371	1
607	372	1
607	373	1
607	374	1
607	375	1
607	377	1
607	381	1
607	382	1
607	383	1
607	388	1
607	390	1
607	391	1
607	393	1
607	395	1
607	397	1
607	398	1
607	399	1
607	401	1
607	402	1
607	405	1
607	406	1
607	408	1
607	410	1
607	411	1
607	413	1
607	414	1
607	417	1
607	418	1
607	423	1
607	424	1
607	425	1
607	426	1
607	427	1
607	428	1
607	429	1
607	430	1
607	431	1
607	433	1
607	434	1
607	435	1
607	436	1
607	437	1
607	439	1
607	441	1
607	442	1
607	443	1
607	444	1
607	445	1
607	446	1
607	448	1
607	451	1
607	452	1
607	453	1
607	454	1
607	455	1
607	456	1
607	457	1
607	458	1
607	459	1
607	461	1
607	462	1
607	463	1
607	464	1
607	467	1
608	85	1
608	113	1
608	178	1
608	192	1
608	205	1
608	215	1
608	217	1
608	219	1
608	251	1
608	269	1
608	270	1
608	275	1
608	278	1
608	283	1
608	288	1
608	293	1
608	294	1
608	296	1
608	300	1
608	307	1
608	308	1
608	309	1
608	310	1
608	311	1
608	313	1
608	321	1
608	326	1
608	327	1
608	328	1
608	329	1
608	331	1
608	334	1
608	335	1
608	339	1
608	341	1
608	342	1
608	343	1
608	345	1
608	347	1
608	352	1
608	355	1
608	356	1
608	357	1
608	358	1
608	359	1
608	367	1
608	368	1
608	378	1
608	380	1
608	383	1
608	386	1
608	387	1
608	388	1
608	394	1
608	396	1
608	397	1
608	398	1
608	402	1
608	404	1
608	405	1
608	406	1
608	407	1
608	408	1
608	409	1
608	411	1
608	415	1
608	416	1
608	417	1
608	420	1
608	422	1
608	423	1
608	425	1
608	426	1
608	427	1
608	428	1
608	431	1
608	435	1
608	436	1
608	437	1
608	438	1
608	439	1
608	441	1
608	442	1
608	443	1
608	445	1
608	447	1
608	450	1
608	451	1
608	453	1
608	454	1
608	455	1
608	456	1
608	457	1
608	458	1
608	459	1
608	460	1
608	461	1
608	462	1
608	463	1
608	464	1
608	465	1
608	466	1
609	123	1
609	183	1
609	188	1
609	238	1
609	241	1
609	243	1
609	244	1
609	263	1
609	265	1
609	285	1
609	288	1
609	297	1
609	312	1
609	316	1
609	320	1
609	321	1
609	326	1
609	331	1
609	335	1
609	339	1
609	340	1
609	345	1
609	346	1
609	348	1
609	349	1
609	351	1
609	354	1
609	355	1
609	358	1
609	361	1
609	362	1
609	363	1
609	364	1
609	365	1
609	366	1
609	368	1
609	370	1
609	371	1
609	374	1
609	375	1
609	376	1
609	377	1
609	379	1
609	380	1
609	382	1
609	384	1
609	385	1
609	386	1
609	387	1
609	389	1
609	390	1
609	393	1
609	397	1
609	401	1
609	402	1
609	403	1
609	404	1
609	408	1
609	409	1
609	411	1
609	414	1
609	416	1
609	417	1
609	418	1
609	420	1
609	421	1
609	422	1
609	423	1
609	424	1
609	425	1
609	427	1
609	428	1
609	429	1
609	432	1
609	434	1
609	436	1
609	437	1
609	438	1
609	439	1
609	440	1
609	443	1
609	444	1
609	445	1
609	446	1
609	447	1
609	448	1
609	451	1
609	452	1
609	453	1
609	454	1
609	455	1
609	456	1
609	457	1
609	458	1
609	460	1
609	461	1
609	462	1
609	463	1
609	464	1
609	465	1
609	466	1
609	467	1
610	68	1
610	113	1
610	167	1
610	252	1
610	255	1
610	264	1
610	265	1
610	270	1
610	273	1
610	282	1
610	285	1
610	297	1
610	300	1
610	304	1
610	308	1
610	310	1
610	312	1
610	320	1
610	326	1
610	329	1
610	330	1
610	334	1
610	336	1
610	337	1
610	338	1
610	340	1
610	345	1
610	346	1
610	349	1
610	350	1
610	351	1
610	354	1
610	355	1
610	356	1
610	357	1
610	358	1
610	360	1
610	361	1
610	365	1
610	371	1
610	375	1
610	376	1
610	377	1
610	378	1
610	380	1
610	381	1
610	382	1
610	384	1
610	386	1
610	387	1
610	388	1
610	391	1
610	392	1
610	400	1
610	401	1
610	402	1
610	403	1
610	404	1
610	405	1
610	408	1
610	410	1
610	411	1
610	413	1
610	414	1
610	415	1
610	417	1
610	419	1
610	420	1
610	422	1
610	423	1
610	424	1
610	425	1
610	426	1
610	429	1
610	430	1
610	433	1
610	434	1
610	435	1
610	436	1
610	437	1
610	439	1
610	442	1
610	443	1
610	444	1
610	446	1
610	447	1
610	448	1
610	449	1
610	452	1
610	453	1
610	455	1
610	456	1
610	457	1
610	458	1
610	459	1
610	460	1
610	461	1
610	463	1
610	464	1
610	465	1
610	466	1
610	467	1
611	43	1
611	135	1
611	178	1
611	223	1
611	253	1
611	258	1
611	270	1
611	271	1
611	275	1
611	276	1
611	283	1
611	294	1
611	296	1
611	308	1
611	313	1
611	316	1
611	318	1
611	321	1
611	323	1
611	324	1
611	329	1
611	330	1
611	331	1
611	332	1
611	333	1
611	334	1
611	339	1
611	341	1
611	342	1
611	347	1
611	350	1
611	352	1
611	353	1
611	354	1
611	355	1
611	356	1
611	357	1
611	359	1
611	360	1
611	361	1
611	363	1
611	364	1
611	369	1
611	371	1
611	373	1
611	374	1
611	377	1
611	378	1
611	380	1
611	382	1
611	383	1
611	386	1
611	394	1
611	396	1
611	397	1
611	398	1
611	401	1
611	402	1
611	404	1
611	405	1
611	408	1
611	409	1
611	410	1
611	413	1
611	414	1
611	416	1
611	417	1
611	419	1
611	420	1
611	421	1
611	422	1
611	425	1
611	426	1
611	427	1
611	430	1
611	434	1
611	435	1
611	436	1
611	438	1
611	439	1
611	440	1
611	441	1
611	442	1
611	443	1
611	444	1
611	446	1
611	447	1
611	448	1
611	449	1
611	451	1
611	453	1
611	454	1
611	455	1
611	456	1
611	459	1
611	460	1
611	462	1
611	463	1
611	464	1
611	465	1
611	466	1
611	467	1
612	101	1
612	108	1
612	121	1
612	145	1
612	172	1
612	177	1
612	206	1
612	210	1
612	217	1
612	219	1
612	227	1
612	241	1
612	246	1
612	256	1
612	276	1
612	282	1
612	288	1
612	291	1
612	300	1
612	302	1
612	313	1
612	323	1
612	330	1
612	331	1
612	332	1
612	333	1
612	341	1
612	347	1
612	348	1
612	349	1
612	352	1
612	354	1
612	355	1
612	360	1
612	361	1
612	362	1
612	363	1
612	365	1
612	369	1
612	370	1
612	371	1
612	372	1
612	374	1
612	375	1
612	376	1
612	378	1
612	380	1
612	381	1
612	382	1
612	386	1
612	388	1
612	389	1
612	390	1
612	391	1
612	392	1
612	393	1
612	395	1
612	397	1
612	398	1
612	400	1
612	401	1
612	402	1
612	403	1
612	408	1
612	409	1
612	411	1
612	412	1
612	413	1
612	415	1
612	416	1
612	417	1
612	419	1
612	420	1
612	422	1
612	423	1
612	424	1
612	425	1
612	428	1
612	430	1
612	432	1
612	433	1
612	435	1
612	436	1
612	438	1
612	439	1
612	441	1
612	444	1
612	445	1
612	446	1
612	447	1
612	448	1
612	449	1
612	450	1
612	454	1
612	456	1
612	457	1
612	458	1
612	459	1
612	461	1
612	464	1
612	465	1
612	466	1
613	35	1
613	122	1
613	166	1
613	177	1
613	181	1
613	222	1
613	235	1
613	257	1
613	258	1
613	268	1
613	269	1
613	274	1
613	276	1
613	299	1
613	300	1
613	302	1
613	308	1
613	322	1
613	323	1
613	325	1
613	329	1
613	331	1
613	333	1
613	334	1
613	335	1
613	336	1
613	341	1
613	342	1
613	346	1
613	347	1
613	348	1
613	352	1
613	353	1
613	354	1
613	359	1
613	363	1
613	369	1
613	370	1
613	372	1
613	373	1
613	377	1
613	378	1
613	379	1
613	380	1
613	385	1
613	389	1
613	390	1
613	391	1
613	392	1
613	395	1
613	396	1
613	397	1
613	401	1
613	403	1
613	404	1
613	407	1
613	410	1
613	412	1
613	413	1
613	417	1
613	419	1
613	420	1
613	421	1
613	422	1
613	423	1
613	424	1
613	425	1
613	426	1
613	428	1
613	430	1
613	431	1
613	433	1
613	434	1
613	435	1
613	436	1
613	437	1
613	439	1
613	440	1
613	442	1
613	443	1
613	445	1
613	446	1
613	447	1
613	448	1
613	449	1
613	450	1
613	451	1
613	452	1
613	453	1
613	454	1
613	455	1
613	456	1
613	457	1
613	458	1
613	460	1
613	461	1
613	462	1
613	463	1
613	464	1
613	465	1
613	466	1
613	467	1
614	77	1
614	111	1
614	135	1
614	176	1
614	186	1
614	198	1
614	203	1
614	215	1
614	223	1
614	233	1
614	249	1
614	253	1
614	266	1
614	267	1
614	277	1
614	289	1
614	290	1
614	292	1
614	293	1
614	298	1
614	301	1
614	316	1
614	317	1
614	321	1
614	323	1
614	324	1
614	327	1
614	330	1
614	332	1
614	333	1
614	334	1
614	335	1
614	337	1
614	340	1
614	342	1
614	343	1
614	345	1
614	347	1
614	356	1
614	357	1
614	361	1
614	362	1
614	364	1
614	368	1
614	370	1
614	372	1
614	373	1
614	374	1
614	378	1
614	379	1
614	386	1
614	388	1
614	394	1
614	395	1
614	396	1
614	397	1
614	398	1
614	399	1
614	400	1
614	402	1
614	403	1
614	404	1
614	405	1
614	406	1
614	407	1
614	408	1
614	411	1
614	414	1
614	415	1
614	417	1
614	418	1
614	419	1
614	423	1
614	424	1
614	425	1
614	431	1
614	432	1
614	433	1
614	434	1
614	435	1
614	437	1
614	438	1
614	439	1
614	440	1
614	441	1
614	442	1
614	444	1
614	445	1
614	449	1
614	451	1
614	453	1
614	454	1
614	456	1
614	457	1
614	459	1
614	461	1
614	462	1
614	463	1
614	464	1
614	465	1
614	466	1
614	467	1
615	70	1
615	111	1
615	131	1
615	137	1
615	228	1
615	245	1
615	257	1
615	260	1
615	267	1
615	277	1
615	282	1
615	291	1
615	297	1
615	298	1
615	302	1
615	311	1
615	314	1
615	315	1
615	321	1
615	323	1
615	327	1
615	332	1
615	335	1
615	339	1
615	340	1
615	345	1
615	346	1
615	361	1
615	364	1
615	365	1
615	366	1
615	367	1
615	368	1
615	369	1
615	371	1
615	372	1
615	373	1
615	374	1
615	375	1
615	378	1
615	380	1
615	383	1
615	384	1
615	385	1
615	387	1
615	388	1
615	389	1
615	390	1
615	391	1
615	392	1
615	393	1
615	394	1
615	398	1
615	399	1
615	401	1
615	403	1
615	404	1
615	405	1
615	407	1
615	408	1
615	409	1
615	410	1
615	413	1
615	414	1
615	415	1
615	416	1
615	417	1
615	418	1
615	419	1
615	420	1
615	421	1
615	422	1
615	428	1
615	431	1
615	432	1
615	433	1
615	435	1
615	436	1
615	437	1
615	439	1
615	440	1
615	441	1
615	442	1
615	444	1
615	445	1
615	447	1
615	449	1
615	450	1
615	451	1
615	453	1
615	454	1
615	456	1
615	457	1
615	458	1
615	460	1
615	461	1
615	462	1
615	463	1
615	464	1
615	465	1
615	466	1
615	467	1
616	4	1
616	106	1
616	141	1
616	206	1
616	252	1
616	256	1
616	262	1
616	265	1
616	288	1
616	291	1
616	297	1
616	305	1
616	312	1
616	317	1
616	319	1
616	320	1
616	323	1
616	325	1
616	328	1
616	332	1
616	334	1
616	335	1
616	337	1
616	338	1
616	340	1
616	343	1
616	344	1
616	347	1
616	349	1
616	352	1
616	359	1
616	360	1
616	361	1
616	363	1
616	364	1
616	367	1
616	371	1
616	373	1
616	375	1
616	376	1
616	377	1
616	378	1
616	379	1
616	382	1
616	383	1
616	384	1
616	391	1
616	393	1
616	394	1
616	395	1
616	396	1
616	397	1
616	398	1
616	400	1
616	402	1
616	403	1
616	404	1
616	405	1
616	406	1
616	407	1
616	408	1
616	409	1
616	410	1
616	411	1
616	412	1
616	414	1
616	415	1
616	418	1
616	419	1
616	423	1
616	424	1
616	427	1
616	428	1
616	429	1
616	431	1
616	432	1
616	433	1
616	436	1
616	437	1
616	441	1
616	442	1
616	443	1
616	444	1
616	446	1
616	448	1
616	449	1
616	450	1
616	451	1
616	452	1
616	455	1
616	456	1
616	457	1
616	458	1
616	459	1
616	460	1
616	461	1
616	462	1
616	463	1
616	464	1
616	465	1
616	466	1
616	467	1
617	14	1
617	46	1
617	70	1
617	107	1
617	120	1
617	171	1
617	206	1
617	232	1
617	260	1
617	263	1
617	265	1
617	266	1
617	269	1
617	279	1
617	280	1
617	285	1
617	292	1
617	297	1
617	301	1
617	308	1
617	311	1
617	319	1
617	324	1
617	327	1
617	329	1
617	332	1
617	335	1
617	340	1
617	344	1
617	345	1
617	348	1
617	349	1
617	350	1
617	354	1
617	356	1
617	358	1
617	359	1
617	362	1
617	364	1
617	365	1
617	370	1
617	372	1
617	375	1
617	377	1
617	379	1
617	384	1
617	387	1
617	389	1
617	390	1
617	391	1
617	393	1
617	394	1
617	396	1
617	397	1
617	400	1
617	402	1
617	404	1
617	406	1
617	408	1
617	409	1
617	410	1
617	411	1
617	413	1
617	414	1
617	415	1
617	416	1
617	417	1
617	419	1
617	420	1
617	422	1
617	423	1
617	424	1
617	425	1
617	427	1
617	429	1
617	431	1
617	434	1
617	436	1
617	437	1
617	438	1
617	439	1
617	441	1
617	442	1
617	443	1
617	444	1
617	446	1
617	448	1
617	450	1
617	451	1
617	452	1
617	453	1
617	454	1
617	455	1
617	456	1
617	457	1
617	459	1
617	460	1
617	461	1
617	463	1
617	464	1
617	465	1
617	466	1
618	5	1
618	189	1
618	221	1
618	236	1
618	242	1
618	258	1
618	261	1
618	276	1
618	277	1
618	278	1
618	294	1
618	298	1
618	301	1
618	302	1
618	303	1
618	308	1
618	311	1
618	313	1
618	329	1
618	333	1
618	336	1
618	339	1
618	340	1
618	342	1
618	350	1
618	351	1
618	353	1
618	355	1
618	356	1
618	361	1
618	364	1
618	365	1
618	368	1
618	373	1
618	374	1
618	377	1
618	380	1
618	383	1
618	384	1
618	385	1
618	386	1
618	387	1
618	389	1
618	392	1
618	395	1
618	397	1
618	401	1
618	404	1
618	406	1
618	408	1
618	409	1
618	410	1
618	411	1
618	413	1
618	414	1
618	415	1
618	416	1
618	417	1
618	418	1
618	420	1
618	421	1
618	423	1
618	424	1
618	425	1
618	426	1
618	427	1
618	429	1
618	430	1
618	431	1
618	433	1
618	434	1
618	435	1
618	436	1
618	437	1
618	438	1
618	439	1
618	440	1
618	441	1
618	442	1
618	443	1
618	445	1
618	447	1
618	448	1
618	449	1
618	450	1
618	451	1
618	452	1
618	453	1
618	454	1
618	455	1
618	456	1
618	457	1
618	458	1
618	459	1
618	460	1
618	461	1
618	462	1
618	463	1
618	464	1
618	465	1
618	466	1
618	467	1
619	137	1
619	190	1
619	201	1
619	254	1
619	255	1
619	272	1
619	275	1
619	276	1
619	281	1
619	282	1
619	283	1
619	287	1
619	289	1
619	291	1
619	294	1
619	295	1
619	302	1
619	311	1
619	312	1
619	314	1
619	315	1
619	316	1
619	319	1
619	324	1
619	325	1
619	326	1
619	328	1
619	330	1
619	338	1
619	339	1
619	342	1
619	343	1
619	352	1
619	357	1
619	358	1
619	362	1
619	363	1
619	365	1
619	368	1
619	372	1
619	375	1
619	377	1
619	378	1
619	381	1
619	382	1
619	384	1
619	389	1
619	390	1
619	395	1
619	396	1
619	398	1
619	399	1
619	402	1
619	403	1
619	405	1
619	408	1
619	412	1
619	413	1
619	415	1
619	416	1
619	417	1
619	418	1
619	419	1
619	421	1
619	422	1
619	423	1
619	426	1
619	428	1
619	429	1
619	430	1
619	431	1
619	433	1
619	435	1
619	436	1
619	438	1
619	439	1
619	440	1
619	441	1
619	443	1
619	444	1
619	446	1
619	447	1
619	448	1
619	449	1
619	450	1
619	451	1
619	452	1
619	454	1
619	455	1
619	456	1
619	457	1
619	458	1
619	459	1
619	460	1
619	461	1
619	462	1
619	463	1
619	464	1
619	465	1
619	466	1
619	467	1
620	146	1
620	184	1
620	212	1
620	242	1
620	247	1
620	249	1
620	250	1
620	256	1
620	266	1
620	278	1
620	283	1
620	286	1
620	287	1
620	292	1
620	297	1
620	302	1
620	306	1
620	309	1
620	316	1
620	319	1
620	320	1
620	322	1
620	323	1
620	330	1
620	337	1
620	341	1
620	342	1
620	345	1
620	346	1
620	347	1
620	350	1
620	352	1
620	353	1
620	356	1
620	359	1
620	361	1
620	363	1
620	364	1
620	365	1
620	371	1
620	372	1
620	373	1
620	375	1
620	376	1
620	377	1
620	380	1
620	381	1
620	383	1
620	385	1
620	386	1
620	388	1
620	390	1
620	391	1
620	393	1
620	394	1
620	395	1
620	397	1
620	398	1
620	402	1
620	405	1
620	408	1
620	413	1
620	414	1
620	416	1
620	418	1
620	419	1
620	420	1
620	421	1
620	422	1
620	423	1
620	427	1
620	428	1
620	429	1
620	431	1
620	433	1
620	434	1
620	435	1
620	437	1
620	440	1
620	441	1
620	442	1
620	443	1
620	445	1
620	446	1
620	448	1
620	449	1
620	450	1
620	451	1
620	453	1
620	454	1
620	455	1
620	456	1
620	457	1
620	458	1
620	459	1
620	461	1
620	462	1
620	463	1
620	464	1
620	465	1
620	466	1
620	467	1
621	41	1
621	55	1
621	115	1
621	143	1
621	225	1
621	236	1
621	264	1
621	265	1
621	266	1
621	269	1
621	279	1
621	283	1
621	290	1
621	297	1
621	302	1
621	306	1
621	309	1
621	311	1
621	314	1
621	315	1
621	317	1
621	323	1
621	324	1
621	328	1
621	331	1
621	333	1
621	335	1
621	339	1
621	341	1
621	346	1
621	352	1
621	353	1
621	355	1
621	363	1
621	364	1
621	369	1
621	370	1
621	371	1
621	372	1
621	373	1
621	374	1
621	376	1
621	377	1
621	378	1
621	381	1
621	387	1
621	389	1
621	391	1
621	392	1
621	393	1
621	394	1
621	396	1
621	401	1
621	402	1
621	404	1
621	405	1
621	406	1
621	409	1
621	410	1
621	411	1
621	412	1
621	414	1
621	415	1
621	416	1
621	420	1
621	422	1
621	423	1
621	424	1
621	427	1
621	428	1
621	429	1
621	431	1
621	432	1
621	434	1
621	435	1
621	436	1
621	437	1
621	438	1
621	439	1
621	441	1
621	442	1
621	443	1
621	445	1
621	447	1
621	448	1
621	449	1
621	450	1
621	451	1
621	452	1
621	453	1
621	454	1
621	456	1
621	457	1
621	458	1
621	459	1
621	460	1
621	461	1
621	462	1
621	463	1
621	464	1
621	466	1
621	467	1
622	119	1
622	204	1
622	213	1
622	228	1
622	230	1
622	232	1
622	233	1
622	237	1
622	248	1
622	253	1
622	256	1
622	261	1
622	273	1
622	281	1
622	289	1
622	292	1
622	296	1
622	297	1
622	304	1
622	307	1
622	310	1
622	311	1
622	314	1
622	324	1
622	326	1
622	328	1
622	330	1
622	339	1
622	341	1
622	349	1
622	353	1
622	354	1
622	356	1
622	358	1
622	359	1
622	365	1
622	368	1
622	369	1
622	370	1
622	372	1
622	373	1
622	375	1
622	378	1
622	379	1
622	380	1
622	382	1
622	383	1
622	385	1
622	386	1
622	389	1
622	393	1
622	395	1
622	396	1
622	397	1
622	398	1
622	399	1
622	401	1
622	402	1
622	403	1
622	405	1
622	407	1
622	408	1
622	410	1
622	411	1
622	412	1
622	413	1
622	416	1
622	417	1
622	418	1
622	422	1
622	423	1
622	424	1
622	425	1
622	426	1
622	427	1
622	428	1
622	429	1
622	431	1
622	437	1
622	439	1
622	440	1
622	441	1
622	443	1
622	444	1
622	445	1
622	447	1
622	448	1
622	449	1
622	450	1
622	452	1
622	453	1
622	454	1
622	456	1
622	457	1
622	458	1
622	459	1
622	460	1
622	462	1
622	463	1
622	465	1
622	466	1
622	467	1
623	21	1
623	133	1
623	144	1
623	235	1
623	245	1
623	247	1
623	252	1
623	267	1
623	275	1
623	280	1
623	281	1
623	282	1
623	293	1
623	294	1
623	301	1
623	310	1
623	311	1
623	312	1
623	320	1
623	321	1
623	324	1
623	325	1
623	331	1
623	332	1
623	333	1
623	338	1
623	341	1
623	342	1
623	345	1
623	349	1
623	351	1
623	355	1
623	356	1
623	361	1
623	366	1
623	367	1
623	371	1
623	374	1
623	376	1
623	377	1
623	378	1
623	379	1
623	380	1
623	381	1
623	382	1
623	384	1
623	385	1
623	386	1
623	388	1
623	389	1
623	393	1
623	394	1
623	397	1
623	399	1
623	400	1
623	401	1
623	403	1
623	405	1
623	406	1
623	408	1
623	409	1
623	410	1
623	411	1
623	414	1
623	415	1
623	416	1
623	420	1
623	421	1
623	426	1
623	428	1
623	430	1
623	431	1
623	432	1
623	433	1
623	434	1
623	435	1
623	436	1
623	437	1
623	439	1
623	440	1
623	441	1
623	443	1
623	444	1
623	445	1
623	446	1
623	447	1
623	448	1
623	449	1
623	451	1
623	452	1
623	453	1
623	455	1
623	456	1
623	458	1
623	459	1
623	460	1
623	461	1
623	462	1
623	463	1
623	464	1
623	465	1
623	467	1
624	101	1
624	120	1
624	168	1
624	203	1
624	239	1
624	244	1
624	254	1
624	255	1
624	256	1
624	272	1
624	273	1
624	274	1
624	289	1
624	291	1
624	292	1
624	293	1
624	294	1
624	296	1
624	303	1
624	307	1
624	310	1
624	312	1
624	318	1
624	334	1
624	336	1
624	337	1
624	339	1
624	340	1
624	342	1
624	343	1
624	346	1
624	348	1
624	349	1
624	350	1
624	355	1
624	356	1
624	358	1
624	359	1
624	366	1
624	369	1
624	371	1
624	372	1
624	381	1
624	386	1
624	387	1
624	389	1
624	390	1
624	395	1
624	396	1
624	397	1
624	398	1
624	403	1
624	404	1
624	405	1
624	406	1
624	407	1
624	409	1
624	411	1
624	412	1
624	413	1
624	414	1
624	415	1
624	416	1
624	417	1
624	418	1
624	419	1
624	422	1
624	424	1
624	425	1
624	426	1
624	427	1
624	430	1
624	431	1
624	432	1
624	433	1
624	436	1
624	438	1
624	439	1
624	440	1
624	442	1
624	443	1
624	445	1
624	446	1
624	447	1
624	449	1
624	450	1
624	451	1
624	452	1
624	454	1
624	455	1
624	456	1
624	457	1
624	458	1
624	459	1
624	460	1
624	461	1
624	462	1
624	463	1
624	464	1
624	465	1
624	466	1
624	467	1
625	84	1
625	136	1
625	210	1
625	217	1
625	224	1
625	233	1
625	240	1
625	268	1
625	274	1
625	280	1
625	281	1
625	284	1
625	305	1
625	307	1
625	314	1
625	316	1
625	317	1
625	324	1
625	325	1
625	329	1
625	330	1
625	333	1
625	334	1
625	339	1
625	341	1
625	342	1
625	344	1
625	346	1
625	348	1
625	350	1
625	351	1
625	353	1
625	360	1
625	361	1
625	362	1
625	364	1
625	366	1
625	367	1
625	368	1
625	370	1
625	371	1
625	373	1
625	377	1
625	384	1
625	388	1
625	389	1
625	392	1
625	394	1
625	395	1
625	398	1
625	399	1
625	402	1
625	403	1
625	405	1
625	406	1
625	409	1
625	412	1
625	413	1
625	414	1
625	416	1
625	417	1
625	418	1
625	419	1
625	420	1
625	423	1
625	424	1
625	425	1
625	426	1
625	430	1
625	431	1
625	432	1
625	433	1
625	434	1
625	435	1
625	436	1
625	437	1
625	438	1
625	439	1
625	440	1
625	441	1
625	444	1
625	445	1
625	446	1
625	447	1
625	448	1
625	449	1
625	451	1
625	452	1
625	453	1
625	454	1
625	455	1
625	456	1
625	457	1
625	458	1
625	459	1
625	460	1
625	461	1
625	462	1
625	464	1
625	465	1
625	466	1
625	467	1
626	119	1
626	123	1
626	143	1
626	145	1
626	165	1
626	203	1
626	224	1
626	226	1
626	230	1
626	234	1
626	238	1
626	248	1
626	253	1
626	266	1
626	268	1
626	269	1
626	285	1
626	286	1
626	291	1
626	294	1
626	305	1
626	308	1
626	309	1
626	310	1
626	311	1
626	313	1
626	324	1
626	329	1
626	331	1
626	333	1
626	336	1
626	343	1
626	345	1
626	347	1
626	351	1
626	353	1
626	354	1
626	363	1
626	365	1
626	370	1
626	373	1
626	374	1
626	375	1
626	377	1
626	380	1
626	383	1
626	384	1
626	386	1
626	387	1
626	389	1
626	391	1
626	392	1
626	394	1
626	396	1
626	400	1
626	401	1
626	402	1
626	403	1
626	404	1
626	405	1
626	406	1
626	408	1
626	410	1
626	411	1
626	413	1
626	415	1
626	416	1
626	417	1
626	420	1
626	421	1
626	425	1
626	426	1
626	428	1
626	430	1
626	431	1
626	433	1
626	434	1
626	435	1
626	436	1
626	437	1
626	441	1
626	442	1
626	443	1
626	445	1
626	447	1
626	448	1
626	450	1
626	451	1
626	452	1
626	453	1
626	454	1
626	455	1
626	456	1
626	457	1
626	458	1
626	459	1
626	460	1
626	462	1
626	464	1
626	465	1
626	466	1
626	467	1
627	32	1
627	82	1
627	182	1
627	197	1
627	198	1
627	203	1
627	210	1
627	229	1
627	242	1
627	263	1
627	284	1
627	286	1
627	294	1
627	295	1
627	299	1
627	301	1
627	302	1
627	310	1
627	312	1
627	314	1
627	316	1
627	317	1
627	320	1
627	321	1
627	322	1
627	327	1
627	333	1
627	338	1
627	341	1
627	342	1
627	344	1
627	345	1
627	347	1
627	352	1
627	359	1
627	361	1
627	363	1
627	364	1
627	366	1
627	371	1
627	372	1
627	375	1
627	377	1
627	379	1
627	382	1
627	383	1
627	385	1
627	389	1
627	391	1
627	392	1
627	393	1
627	394	1
627	396	1
627	397	1
627	399	1
627	400	1
627	401	1
627	403	1
627	404	1
627	405	1
627	406	1
627	407	1
627	408	1
627	410	1
627	412	1
627	413	1
627	415	1
627	417	1
627	418	1
627	423	1
627	425	1
627	427	1
627	428	1
627	429	1
627	430	1
627	432	1
627	433	1
627	435	1
627	436	1
627	437	1
627	438	1
627	442	1
627	443	1
627	444	1
627	445	1
627	446	1
627	447	1
627	451	1
627	452	1
627	454	1
627	455	1
627	457	1
627	458	1
627	459	1
627	460	1
627	461	1
627	462	1
627	463	1
627	464	1
627	465	1
627	466	1
627	467	1
628	186	1
628	217	1
628	248	1
628	251	1
628	261	1
628	263	1
628	267	1
628	270	1
628	274	1
628	275	1
628	280	1
628	285	1
628	291	1
628	293	1
628	295	1
628	296	1
628	299	1
628	300	1
628	316	1
628	321	1
628	324	1
628	329	1
628	337	1
628	338	1
628	339	1
628	342	1
628	343	1
628	346	1
628	347	1
628	358	1
628	360	1
628	366	1
628	367	1
628	368	1
628	369	1
628	370	1
628	375	1
628	376	1
628	379	1
628	380	1
628	383	1
628	384	1
628	385	1
628	386	1
628	387	1
628	389	1
628	390	1
628	392	1
628	393	1
628	394	1
628	395	1
628	396	1
628	398	1
628	401	1
628	402	1
628	403	1
628	404	1
628	405	1
628	407	1
628	408	1
628	410	1
628	412	1
628	413	1
628	414	1
628	415	1
628	416	1
628	418	1
628	419	1
628	420	1
628	421	1
628	424	1
628	425	1
628	426	1
628	428	1
628	429	1
628	430	1
628	432	1
628	433	1
628	434	1
628	435	1
628	436	1
628	437	1
628	438	1
628	440	1
628	441	1
628	442	1
628	443	1
628	445	1
628	446	1
628	449	1
628	450	1
628	451	1
628	452	1
628	455	1
628	456	1
628	457	1
628	461	1
628	462	1
628	463	1
628	464	1
628	466	1
628	467	1
629	19	1
629	124	1
629	146	1
629	215	1
629	224	1
629	235	1
629	244	1
629	250	1
629	260	1
629	262	1
629	277	1
629	286	1
629	290	1
629	293	1
629	295	1
629	296	1
629	298	1
629	304	1
629	310	1
629	311	1
629	313	1
629	316	1
629	318	1
629	322	1
629	324	1
629	327	1
629	331	1
629	332	1
629	334	1
629	336	1
629	340	1
629	343	1
629	344	1
629	345	1
629	346	1
629	349	1
629	352	1
629	355	1
629	356	1
629	357	1
629	360	1
629	362	1
629	364	1
629	365	1
629	367	1
629	371	1
629	375	1
629	376	1
629	377	1
629	379	1
629	380	1
629	381	1
629	382	1
629	383	1
629	385	1
629	390	1
629	396	1
629	397	1
629	399	1
629	400	1
629	401	1
629	410	1
629	412	1
629	413	1
629	414	1
629	415	1
629	416	1
629	417	1
629	422	1
629	427	1
629	428	1
629	429	1
629	430	1
629	432	1
629	433	1
629	435	1
629	436	1
629	437	1
629	438	1
629	439	1
629	441	1
629	442	1
629	444	1
629	445	1
629	446	1
629	447	1
629	448	1
629	450	1
629	451	1
629	452	1
629	453	1
629	454	1
629	455	1
629	458	1
629	459	1
629	460	1
629	461	1
629	462	1
629	464	1
629	466	1
629	467	1
630	16	1
630	51	1
630	220	1
630	245	1
630	246	1
630	259	1
630	264	1
630	266	1
630	268	1
630	270	1
630	271	1
630	274	1
630	275	1
630	283	1
630	287	1
630	291	1
630	296	1
630	301	1
630	304	1
630	305	1
630	310	1
630	313	1
630	314	1
630	317	1
630	319	1
630	323	1
630	324	1
630	327	1
630	329	1
630	330	1
630	332	1
630	335	1
630	338	1
630	343	1
630	345	1
630	346	1
630	351	1
630	356	1
630	360	1
630	363	1
630	364	1
630	365	1
630	366	1
630	367	1
630	369	1
630	370	1
630	374	1
630	375	1
630	376	1
630	378	1
630	379	1
630	380	1
630	381	1
630	384	1
630	387	1
630	392	1
630	397	1
630	400	1
630	404	1
630	405	1
630	407	1
630	408	1
630	409	1
630	412	1
630	415	1
630	417	1
630	421	1
630	422	1
630	423	1
630	424	1
630	425	1
630	427	1
630	430	1
630	432	1
630	433	1
630	434	1
630	436	1
630	437	1
630	438	1
630	439	1
630	440	1
630	442	1
630	443	1
630	446	1
630	448	1
630	449	1
630	450	1
630	451	1
630	452	1
630	453	1
630	454	1
630	455	1
630	456	1
630	458	1
630	459	1
630	460	1
630	461	1
630	462	1
630	463	1
630	464	1
630	465	1
630	466	1
630	467	1
631	168	1
631	176	1
631	202	1
631	214	1
631	237	1
631	253	1
631	257	1
631	262	1
631	265	1
631	278	1
631	282	1
631	287	1
631	295	1
631	297	1
631	301	1
631	305	1
631	315	1
631	319	1
631	320	1
631	321	1
631	325	1
631	328	1
631	335	1
631	336	1
631	338	1
631	341	1
631	344	1
631	347	1
631	349	1
631	351	1
631	354	1
631	355	1
631	359	1
631	360	1
631	363	1
631	364	1
631	365	1
631	366	1
631	369	1
631	373	1
631	376	1
631	377	1
631	378	1
631	379	1
631	383	1
631	390	1
631	391	1
631	392	1
631	393	1
631	396	1
631	398	1
631	399	1
631	400	1
631	402	1
631	404	1
631	405	1
631	406	1
631	407	1
631	408	1
631	409	1
631	410	1
631	411	1
631	413	1
631	414	1
631	416	1
631	417	1
631	419	1
631	420	1
631	421	1
631	422	1
631	424	1
631	425	1
631	426	1
631	427	1
631	429	1
631	430	1
631	431	1
631	432	1
631	433	1
631	434	1
631	435	1
631	437	1
631	439	1
631	440	1
631	442	1
631	443	1
631	444	1
631	445	1
631	446	1
631	448	1
631	449	1
631	451	1
631	452	1
631	453	1
631	454	1
631	458	1
631	459	1
631	460	1
631	461	1
631	462	1
631	465	1
631	466	1
631	467	1
632	38	1
632	67	1
632	94	1
632	150	1
632	162	1
632	188	1
632	214	1
632	229	1
632	234	1
632	240	1
632	246	1
632	247	1
632	257	1
632	261	1
632	278	1
632	296	1
632	297	1
632	318	1
632	319	1
632	320	1
632	323	1
632	324	1
632	326	1
632	327	1
632	329	1
632	331	1
632	333	1
632	334	1
632	339	1
632	342	1
632	344	1
632	345	1
632	346	1
632	350	1
632	353	1
632	354	1
632	365	1
632	367	1
632	368	1
632	369	1
632	370	1
632	373	1
632	374	1
632	378	1
632	379	1
632	383	1
632	385	1
632	387	1
632	389	1
632	391	1
632	392	1
632	397	1
632	399	1
632	401	1
632	403	1
632	404	1
632	405	1
632	406	1
632	408	1
632	409	1
632	410	1
632	411	1
632	413	1
632	414	1
632	415	1
632	416	1
632	419	1
632	421	1
632	422	1
632	423	1
632	424	1
632	425	1
632	426	1
632	428	1
632	429	1
632	431	1
632	433	1
632	435	1
632	436	1
632	437	1
632	439	1
632	440	1
632	441	1
632	443	1
632	445	1
632	446	1
632	448	1
632	449	1
632	450	1
632	451	1
632	452	1
632	454	1
632	455	1
632	456	1
632	457	1
632	458	1
632	459	1
632	460	1
632	461	1
632	463	1
632	465	1
632	466	1
633	238	1
633	239	1
633	243	1
633	252	1
633	257	1
633	268	1
633	269	1
633	271	1
633	275	1
633	279	1
633	280	1
633	282	1
633	286	1
633	303	1
633	305	1
633	309	1
633	321	1
633	322	1
633	327	1
633	328	1
633	333	1
633	338	1
633	339	1
633	345	1
633	347	1
633	348	1
633	350	1
633	353	1
633	355	1
633	356	1
633	357	1
633	360	1
633	363	1
633	364	1
633	365	1
633	366	1
633	369	1
633	372	1
633	374	1
633	376	1
633	377	1
633	379	1
633	381	1
633	382	1
633	383	1
633	386	1
633	387	1
633	388	1
633	389	1
633	390	1
633	392	1
633	393	1
633	400	1
633	401	1
633	403	1
633	404	1
633	408	1
633	410	1
633	411	1
633	412	1
633	413	1
633	415	1
633	417	1
633	418	1
633	419	1
633	420	1
633	422	1
633	424	1
633	426	1
633	427	1
633	428	1
633	430	1
633	432	1
633	433	1
633	434	1
633	435	1
633	436	1
633	437	1
633	438	1
633	439	1
633	440	1
633	441	1
633	442	1
633	443	1
633	444	1
633	445	1
633	446	1
633	448	1
633	450	1
633	452	1
633	453	1
633	454	1
633	455	1
633	458	1
633	460	1
633	461	1
633	462	1
633	463	1
633	464	1
633	465	1
633	466	1
633	467	1
634	144	1
634	173	1
634	180	1
634	207	1
634	209	1
634	249	1
634	261	1
634	274	1
634	276	1
634	278	1
634	281	1
634	285	1
634	286	1
634	290	1
634	291	1
634	294	1
634	298	1
634	301	1
634	304	1
634	311	1
634	312	1
634	320	1
634	321	1
634	323	1
634	326	1
634	328	1
634	333	1
634	335	1
634	336	1
634	339	1
634	340	1
634	345	1
634	346	1
634	354	1
634	358	1
634	359	1
634	361	1
634	366	1
634	368	1
634	369	1
634	371	1
634	372	1
634	373	1
634	374	1
634	375	1
634	376	1
634	377	1
634	381	1
634	382	1
634	385	1
634	386	1
634	387	1
634	391	1
634	393	1
634	396	1
634	397	1
634	401	1
634	402	1
634	405	1
634	407	1
634	409	1
634	410	1
634	411	1
634	412	1
634	414	1
634	415	1
634	418	1
634	419	1
634	420	1
634	421	1
634	422	1
634	423	1
634	425	1
634	426	1
634	427	1
634	429	1
634	431	1
634	433	1
634	434	1
634	435	1
634	437	1
634	438	1
634	440	1
634	441	1
634	443	1
634	444	1
634	445	1
634	446	1
634	447	1
634	448	1
634	450	1
634	451	1
634	453	1
634	456	1
634	458	1
634	459	1
634	461	1
634	462	1
634	463	1
634	464	1
634	465	1
634	467	1
635	31	1
635	146	1
635	196	1
635	242	1
635	248	1
635	254	1
635	258	1
635	259	1
635	260	1
635	271	1
635	274	1
635	278	1
635	281	1
635	290	1
635	291	1
635	293	1
635	306	1
635	312	1
635	313	1
635	315	1
635	322	1
635	331	1
635	337	1
635	340	1
635	341	1
635	343	1
635	346	1
635	347	1
635	348	1
635	350	1
635	352	1
635	353	1
635	354	1
635	355	1
635	359	1
635	360	1
635	362	1
635	363	1
635	366	1
635	368	1
635	372	1
635	373	1
635	374	1
635	375	1
635	376	1
635	381	1
635	387	1
635	389	1
635	391	1
635	400	1
635	401	1
635	404	1
635	405	1
635	406	1
635	407	1
635	409	1
635	410	1
635	412	1
635	413	1
635	414	1
635	415	1
635	417	1
635	418	1
635	419	1
635	420	1
635	421	1
635	422	1
635	423	1
635	424	1
635	425	1
635	426	1
635	428	1
635	430	1
635	431	1
635	433	1
635	434	1
635	435	1
635	437	1
635	439	1
635	440	1
635	441	1
635	442	1
635	443	1
635	446	1
635	449	1
635	451	1
635	452	1
635	453	1
635	454	1
635	455	1
635	456	1
635	457	1
635	458	1
635	459	1
635	460	1
635	461	1
635	462	1
635	463	1
635	464	1
635	465	1
635	466	1
635	467	1
636	36	1
636	46	1
636	62	1
636	199	1
636	232	1
636	236	1
636	283	1
636	287	1
636	300	1
636	305	1
636	309	1
636	314	1
636	317	1
636	319	1
636	321	1
636	326	1
636	328	1
636	330	1
636	334	1
636	338	1
636	339	1
636	342	1
636	344	1
636	345	1
636	348	1
636	349	1
636	350	1
636	352	1
636	354	1
636	357	1
636	361	1
636	362	1
636	364	1
636	366	1
636	367	1
636	371	1
636	378	1
636	380	1
636	383	1
636	384	1
636	386	1
636	387	1
636	389	1
636	390	1
636	392	1
636	394	1
636	395	1
636	396	1
636	397	1
636	398	1
636	399	1
636	401	1
636	402	1
636	404	1
636	406	1
636	409	1
636	411	1
636	414	1
636	415	1
636	416	1
636	417	1
636	419	1
636	421	1
636	422	1
636	423	1
636	424	1
636	425	1
636	427	1
636	429	1
636	431	1
636	432	1
636	433	1
636	434	1
636	435	1
636	436	1
636	437	1
636	439	1
636	440	1
636	441	1
636	442	1
636	443	1
636	446	1
636	447	1
636	448	1
636	449	1
636	450	1
636	451	1
636	452	1
636	453	1
636	454	1
636	455	1
636	456	1
636	457	1
636	458	1
636	459	1
636	460	1
636	461	1
636	462	1
636	463	1
636	464	1
636	465	1
636	466	1
637	135	1
637	158	1
637	161	1
637	186	1
637	195	1
637	201	1
637	211	1
637	223	1
637	224	1
637	225	1
637	243	1
637	254	1
637	259	1
637	269	1
637	272	1
637	283	1
637	303	1
637	304	1
637	310	1
637	313	1
637	315	1
637	317	1
637	318	1
637	327	1
637	329	1
637	330	1
637	335	1
637	336	1
637	338	1
637	340	1
637	342	1
637	344	1
637	348	1
637	350	1
637	353	1
637	354	1
637	357	1
637	364	1
637	366	1
637	369	1
637	370	1
637	373	1
637	374	1
637	375	1
637	381	1
637	384	1
637	386	1
637	387	1
637	388	1
637	390	1
637	392	1
637	395	1
637	396	1
637	397	1
637	398	1
637	399	1
637	402	1
637	406	1
637	409	1
637	413	1
637	415	1
637	416	1
637	417	1
637	418	1
637	420	1
637	422	1
637	423	1
637	425	1
637	426	1
637	427	1
637	428	1
637	429	1
637	430	1
637	431	1
637	432	1
637	434	1
637	435	1
637	436	1
637	438	1
637	439	1
637	440	1
637	441	1
637	442	1
637	444	1
637	445	1
637	448	1
637	449	1
637	451	1
637	453	1
637	454	1
637	455	1
637	456	1
637	457	1
637	458	1
637	459	1
637	460	1
637	461	1
637	462	1
637	464	1
637	465	1
637	466	1
637	467	1
638	49	1
638	103	1
638	121	1
638	230	1
638	238	1
638	249	1
638	251	1
638	256	1
638	260	1
638	261	1
638	264	1
638	266	1
638	284	1
638	285	1
638	292	1
638	294	1
638	300	1
638	306	1
638	307	1
638	309	1
638	310	1
638	314	1
638	316	1
638	317	1
638	320	1
638	321	1
638	326	1
638	328	1
638	330	1
638	331	1
638	337	1
638	338	1
638	344	1
638	345	1
638	346	1
638	348	1
638	349	1
638	351	1
638	354	1
638	355	1
638	356	1
638	357	1
638	358	1
638	367	1
638	368	1
638	370	1
638	375	1
638	376	1
638	377	1
638	378	1
638	379	1
638	382	1
638	384	1
638	388	1
638	391	1
638	396	1
638	397	1
638	398	1
638	399	1
638	400	1
638	401	1
638	408	1
638	410	1
638	412	1
638	414	1
638	415	1
638	417	1
638	419	1
638	422	1
638	423	1
638	425	1
638	426	1
638	427	1
638	428	1
638	431	1
638	433	1
638	436	1
638	437	1
638	438	1
638	439	1
638	441	1
638	442	1
638	443	1
638	444	1
638	446	1
638	448	1
638	449	1
638	451	1
638	452	1
638	453	1
638	454	1
638	455	1
638	456	1
638	457	1
638	458	1
638	459	1
638	460	1
638	462	1
638	463	1
638	464	1
638	466	1
638	467	1
639	119	1
639	198	1
639	216	1
639	228	1
639	232	1
639	240	1
639	251	1
639	262	1
639	263	1
639	275	1
639	277	1
639	287	1
639	288	1
639	292	1
639	293	1
639	295	1
639	296	1
639	300	1
639	310	1
639	311	1
639	318	1
639	319	1
639	322	1
639	326	1
639	327	1
639	333	1
639	339	1
639	340	1
639	341	1
639	346	1
639	348	1
639	349	1
639	351	1
639	358	1
639	364	1
639	365	1
639	366	1
639	368	1
639	369	1
639	370	1
639	372	1
639	373	1
639	376	1
639	377	1
639	382	1
639	385	1
639	386	1
639	387	1
639	388	1
639	390	1
639	391	1
639	392	1
639	393	1
639	394	1
639	395	1
639	397	1
639	398	1
639	399	1
639	401	1
639	403	1
639	410	1
639	411	1
639	412	1
639	415	1
639	416	1
639	418	1
639	419	1
639	420	1
639	421	1
639	422	1
639	427	1
639	428	1
639	429	1
639	430	1
639	433	1
639	436	1
639	439	1
639	440	1
639	441	1
639	442	1
639	443	1
639	444	1
639	445	1
639	446	1
639	447	1
639	449	1
639	451	1
639	453	1
639	454	1
639	455	1
639	456	1
639	457	1
639	458	1
639	459	1
639	460	1
639	461	1
639	462	1
639	463	1
639	464	1
639	465	1
639	466	1
639	467	1
640	45	1
640	192	1
640	205	1
640	218	1
640	219	1
640	225	1
640	227	1
640	234	1
640	242	1
640	244	1
640	263	1
640	275	1
640	281	1
640	288	1
640	289	1
640	290	1
640	295	1
640	303	1
640	306	1
640	310	1
640	313	1
640	314	1
640	315	1
640	320	1
640	321	1
640	322	1
640	323	1
640	326	1
640	329	1
640	330	1
640	331	1
640	334	1
640	339	1
640	341	1
640	342	1
640	344	1
640	350	1
640	352	1
640	353	1
640	356	1
640	362	1
640	366	1
640	368	1
640	370	1
640	374	1
640	376	1
640	377	1
640	379	1
640	382	1
640	383	1
640	385	1
640	388	1
640	389	1
640	390	1
640	391	1
640	392	1
640	394	1
640	395	1
640	397	1
640	398	1
640	399	1
640	400	1
640	402	1
640	404	1
640	406	1
640	408	1
640	410	1
640	412	1
640	415	1
640	416	1
640	417	1
640	418	1
640	421	1
640	422	1
640	425	1
640	426	1
640	427	1
640	428	1
640	431	1
640	432	1
640	435	1
640	436	1
640	438	1
640	440	1
640	441	1
640	442	1
640	444	1
640	445	1
640	446	1
640	447	1
640	448	1
640	450	1
640	451	1
640	454	1
640	455	1
640	456	1
640	458	1
640	459	1
640	462	1
640	463	1
640	465	1
640	466	1
640	467	1
641	10	1
641	43	1
641	190	1
641	241	1
641	256	1
641	270	1
641	271	1
641	286	1
641	291	1
641	301	1
641	303	1
641	304	1
641	308	1
641	310	1
641	315	1
641	319	1
641	321	1
641	324	1
641	326	1
641	329	1
641	330	1
641	336	1
641	342	1
641	343	1
641	345	1
641	346	1
641	347	1
641	348	1
641	350	1
641	357	1
641	358	1
641	359	1
641	361	1
641	363	1
641	365	1
641	366	1
641	372	1
641	373	1
641	374	1
641	376	1
641	379	1
641	381	1
641	385	1
641	386	1
641	388	1
641	390	1
641	392	1
641	393	1
641	394	1
641	395	1
641	397	1
641	398	1
641	399	1
641	400	1
641	402	1
641	403	1
641	404	1
641	406	1
641	407	1
641	408	1
641	409	1
641	412	1
641	414	1
641	416	1
641	419	1
641	420	1
641	421	1
641	422	1
641	423	1
641	425	1
641	426	1
641	427	1
641	428	1
641	429	1
641	431	1
641	433	1
641	435	1
641	436	1
641	437	1
641	439	1
641	442	1
641	443	1
641	444	1
641	445	1
641	446	1
641	448	1
641	449	1
641	450	1
641	451	1
641	452	1
641	453	1
641	454	1
641	456	1
641	457	1
641	458	1
641	459	1
641	460	1
641	461	1
641	463	1
641	464	1
641	466	1
641	467	1
642	68	1
642	128	1
642	157	1
642	202	1
642	218	1
642	221	1
642	236	1
642	243	1
642	269	1
642	279	1
642	281	1
642	283	1
642	302	1
642	319	1
642	325	1
642	326	1
642	329	1
642	330	1
642	331	1
642	333	1
642	334	1
642	344	1
642	346	1
642	347	1
642	350	1
642	351	1
642	354	1
642	356	1
642	358	1
642	359	1
642	360	1
642	362	1
642	367	1
642	368	1
642	369	1
642	370	1
642	373	1
642	376	1
642	378	1
642	383	1
642	384	1
642	390	1
642	393	1
642	394	1
642	396	1
642	397	1
642	399	1
642	400	1
642	401	1
642	402	1
642	406	1
642	408	1
642	410	1
642	411	1
642	413	1
642	415	1
642	417	1
642	418	1
642	419	1
642	420	1
642	421	1
642	422	1
642	423	1
642	424	1
642	425	1
642	426	1
642	427	1
642	428	1
642	429	1
642	431	1
642	432	1
642	433	1
642	435	1
642	436	1
642	437	1
642	438	1
642	439	1
642	440	1
642	441	1
642	443	1
642	444	1
642	446	1
642	447	1
642	448	1
642	449	1
642	450	1
642	451	1
642	452	1
642	453	1
642	455	1
642	456	1
642	457	1
642	458	1
642	459	1
642	460	1
642	461	1
642	462	1
642	463	1
642	464	1
642	465	1
642	466	1
642	467	1
643	96	1
643	127	1
643	134	1
643	141	1
643	191	1
643	197	1
643	208	1
643	223	1
643	232	1
643	244	1
643	269	1
643	274	1
643	277	1
643	284	1
643	297	1
643	309	1
643	311	1
643	312	1
643	313	1
643	323	1
643	324	1
643	326	1
643	327	1
643	328	1
643	330	1
643	338	1
643	339	1
643	342	1
643	343	1
643	344	1
643	347	1
643	353	1
643	355	1
643	358	1
643	359	1
643	360	1
643	361	1
643	362	1
643	363	1
643	364	1
643	366	1
643	370	1
643	372	1
643	374	1
643	376	1
643	380	1
643	382	1
643	384	1
643	386	1
643	387	1
643	388	1
643	391	1
643	396	1
643	398	1
643	399	1
643	402	1
643	404	1
643	406	1
643	407	1
643	408	1
643	409	1
643	411	1
643	412	1
643	413	1
643	414	1
643	415	1
643	416	1
643	417	1
643	418	1
643	419	1
643	423	1
643	424	1
643	425	1
643	426	1
643	431	1
643	433	1
643	435	1
643	436	1
643	438	1
643	441	1
643	442	1
643	443	1
643	444	1
643	445	1
643	446	1
643	447	1
643	448	1
643	449	1
643	450	1
643	451	1
643	452	1
643	453	1
643	454	1
643	455	1
643	456	1
643	458	1
643	459	1
643	460	1
643	463	1
643	465	1
643	466	1
643	467	1
644	6	1
644	50	1
644	71	1
644	157	1
644	202	1
644	214	1
644	231	1
644	245	1
644	251	1
644	265	1
644	273	1
644	278	1
644	289	1
644	292	1
644	294	1
644	297	1
644	306	1
644	317	1
644	318	1
644	322	1
644	326	1
644	327	1
644	330	1
644	335	1
644	338	1
644	341	1
644	342	1
644	345	1
644	349	1
644	350	1
644	354	1
644	355	1
644	356	1
644	360	1
644	361	1
644	364	1
644	365	1
644	367	1
644	368	1
644	370	1
644	374	1
644	375	1
644	376	1
644	377	1
644	379	1
644	380	1
644	381	1
644	382	1
644	385	1
644	386	1
644	394	1
644	395	1
644	397	1
644	398	1
644	402	1
644	405	1
644	406	1
644	407	1
644	409	1
644	411	1
644	412	1
644	413	1
644	415	1
644	417	1
644	418	1
644	419	1
644	420	1
644	421	1
644	422	1
644	423	1
644	426	1
644	427	1
644	428	1
644	429	1
644	431	1
644	432	1
644	433	1
644	434	1
644	436	1
644	437	1
644	438	1
644	440	1
644	442	1
644	444	1
644	445	1
644	446	1
644	447	1
644	449	1
644	450	1
644	451	1
644	452	1
644	453	1
644	454	1
644	457	1
644	458	1
644	460	1
644	461	1
644	462	1
644	463	1
644	465	1
644	466	1
644	467	1
645	77	1
645	98	1
645	112	1
645	120	1
645	150	1
645	161	1
645	172	1
645	174	1
645	198	1
645	202	1
645	209	1
645	217	1
645	247	1
645	265	1
645	271	1
645	273	1
645	286	1
645	287	1
645	289	1
645	305	1
645	306	1
645	307	1
645	317	1
645	318	1
645	321	1
645	323	1
645	333	1
645	335	1
645	340	1
645	342	1
645	346	1
645	348	1
645	349	1
645	350	1
645	352	1
645	353	1
645	354	1
645	356	1
645	363	1
645	368	1
645	369	1
645	374	1
645	375	1
645	380	1
645	381	1
645	383	1
645	384	1
645	386	1
645	387	1
645	389	1
645	390	1
645	391	1
645	392	1
645	393	1
645	394	1
645	402	1
645	403	1
645	405	1
645	407	1
645	408	1
645	409	1
645	412	1
645	413	1
645	415	1
645	417	1
645	419	1
645	422	1
645	424	1
645	425	1
645	428	1
645	431	1
645	432	1
645	434	1
645	435	1
645	436	1
645	437	1
645	438	1
645	440	1
645	441	1
645	442	1
645	443	1
645	444	1
645	445	1
645	446	1
645	448	1
645	449	1
645	450	1
645	451	1
645	452	1
645	453	1
645	454	1
645	455	1
645	456	1
645	457	1
645	458	1
645	461	1
645	462	1
645	463	1
645	464	1
645	465	1
645	466	1
645	467	1
646	84	1
646	112	1
646	114	1
646	160	1
646	181	1
646	194	1
646	228	1
646	234	1
646	261	1
646	263	1
646	265	1
646	268	1
646	276	1
646	288	1
646	293	1
646	296	1
646	302	1
646	307	1
646	309	1
646	316	1
646	318	1
646	319	1
646	324	1
646	328	1
646	335	1
646	341	1
646	342	1
646	349	1
646	356	1
646	359	1
646	361	1
646	362	1
646	363	1
646	364	1
646	365	1
646	367	1
646	368	1
646	371	1
646	372	1
646	374	1
646	375	1
646	376	1
646	378	1
646	379	1
646	380	1
646	381	1
646	383	1
646	385	1
646	391	1
646	393	1
646	394	1
646	396	1
646	397	1
646	398	1
646	399	1
646	400	1
646	401	1
646	402	1
646	404	1
646	405	1
646	406	1
646	408	1
646	409	1
646	410	1
646	411	1
646	412	1
646	416	1
646	418	1
646	420	1
646	422	1
646	424	1
646	425	1
646	426	1
646	428	1
646	429	1
646	430	1
646	431	1
646	432	1
646	435	1
646	437	1
646	438	1
646	439	1
646	440	1
646	444	1
646	446	1
646	447	1
646	448	1
646	450	1
646	451	1
646	452	1
646	453	1
646	455	1
646	456	1
646	458	1
646	459	1
646	460	1
646	462	1
646	463	1
646	464	1
646	465	1
646	466	1
646	467	1
647	183	1
647	207	1
647	222	1
647	242	1
647	254	1
647	263	1
647	267	1
647	275	1
647	287	1
647	294	1
647	297	1
647	301	1
647	302	1
647	308	1
647	310	1
647	312	1
647	314	1
647	315	1
647	324	1
647	335	1
647	337	1
647	340	1
647	342	1
647	345	1
647	346	1
647	348	1
647	349	1
647	350	1
647	353	1
647	354	1
647	361	1
647	363	1
647	364	1
647	365	1
647	366	1
647	368	1
647	373	1
647	375	1
647	376	1
647	378	1
647	380	1
647	383	1
647	384	1
647	385	1
647	388	1
647	389	1
647	390	1
647	393	1
647	395	1
647	397	1
647	398	1
647	399	1
647	402	1
647	404	1
647	405	1
647	406	1
647	410	1
647	411	1
647	413	1
647	414	1
647	415	1
647	416	1
647	419	1
647	420	1
647	421	1
647	422	1
647	423	1
647	424	1
647	426	1
647	427	1
647	429	1
647	430	1
647	432	1
647	433	1
647	434	1
647	435	1
647	436	1
647	437	1
647	439	1
647	442	1
647	443	1
647	444	1
647	445	1
647	446	1
647	447	1
647	448	1
647	449	1
647	450	1
647	452	1
647	454	1
647	455	1
647	456	1
647	457	1
647	458	1
647	459	1
647	460	1
647	461	1
647	462	1
647	463	1
647	465	1
647	466	1
647	467	1
648	94	1
648	207	1
648	211	1
648	228	1
648	231	1
648	241	1
648	244	1
648	247	1
648	250	1
648	254	1
648	275	1
648	280	1
648	286	1
648	293	1
648	297	1
648	304	1
648	307	1
648	311	1
648	323	1
648	325	1
648	329	1
648	333	1
648	341	1
648	342	1
648	343	1
648	346	1
648	347	1
648	348	1
648	351	1
648	354	1
648	356	1
648	358	1
648	360	1
648	361	1
648	362	1
648	363	1
648	367	1
648	370	1
648	371	1
648	375	1
648	377	1
648	378	1
648	383	1
648	386	1
648	387	1
648	391	1
648	392	1
648	394	1
648	396	1
648	397	1
648	400	1
648	401	1
648	404	1
648	405	1
648	406	1
648	409	1
648	410	1
648	411	1
648	412	1
648	414	1
648	415	1
648	416	1
648	420	1
648	421	1
648	422	1
648	423	1
648	425	1
648	426	1
648	427	1
648	428	1
648	429	1
648	430	1
648	431	1
648	433	1
648	435	1
648	436	1
648	438	1
648	439	1
648	441	1
648	442	1
648	443	1
648	444	1
648	446	1
648	447	1
648	448	1
648	449	1
648	450	1
648	451	1
648	452	1
648	454	1
648	455	1
648	456	1
648	457	1
648	458	1
648	460	1
648	461	1
648	462	1
648	463	1
648	464	1
648	465	1
648	466	1
648	467	1
649	10	1
649	66	1
649	105	1
649	144	1
649	168	1
649	222	1
649	229	1
649	232	1
649	258	1
649	260	1
649	273	1
649	277	1
649	283	1
649	284	1
649	289	1
649	297	1
649	306	1
649	307	1
649	309	1
649	310	1
649	312	1
649	314	1
649	317	1
649	319	1
649	321	1
649	325	1
649	326	1
649	331	1
649	333	1
649	337	1
649	338	1
649	339	1
649	349	1
649	350	1
649	357	1
649	358	1
649	364	1
649	369	1
649	373	1
649	374	1
649	377	1
649	381	1
649	382	1
649	384	1
649	386	1
649	387	1
649	388	1
649	391	1
649	392	1
649	393	1
649	395	1
649	396	1
649	398	1
649	399	1
649	400	1
649	401	1
649	404	1
649	405	1
649	407	1
649	409	1
649	411	1
649	412	1
649	413	1
649	415	1
649	416	1
649	417	1
649	419	1
649	420	1
649	421	1
649	422	1
649	423	1
649	425	1
649	426	1
649	427	1
649	431	1
649	432	1
649	433	1
649	434	1
649	435	1
649	437	1
649	442	1
649	443	1
649	444	1
649	446	1
649	448	1
649	450	1
649	451	1
649	452	1
649	453	1
649	454	1
649	455	1
649	456	1
649	457	1
649	458	1
649	459	1
649	460	1
649	461	1
649	462	1
649	463	1
649	464	1
649	465	1
649	466	1
650	112	1
650	196	1
650	214	1
650	221	1
650	226	1
650	237	1
650	242	1
650	251	1
650	260	1
650	268	1
650	274	1
650	275	1
650	279	1
650	281	1
650	282	1
650	283	1
650	285	1
650	290	1
650	300	1
650	304	1
650	306	1
650	307	1
650	309	1
650	315	1
650	316	1
650	317	1
650	321	1
650	327	1
650	328	1
650	333	1
650	334	1
650	335	1
650	339	1
650	345	1
650	346	1
650	347	1
650	352	1
650	355	1
650	358	1
650	362	1
650	363	1
650	364	1
650	366	1
650	367	1
650	369	1
650	370	1
650	372	1
650	374	1
650	376	1
650	377	1
650	381	1
650	382	1
650	383	1
650	385	1
650	390	1
650	395	1
650	398	1
650	400	1
650	401	1
650	403	1
650	404	1
650	407	1
650	408	1
650	409	1
650	410	1
650	411	1
650	414	1
650	418	1
650	419	1
650	420	1
650	422	1
650	423	1
650	425	1
650	426	1
650	427	1
650	430	1
650	432	1
650	433	1
650	434	1
650	437	1
650	438	1
650	439	1
650	440	1
650	442	1
650	443	1
650	446	1
650	447	1
650	449	1
650	450	1
650	451	1
650	452	1
650	453	1
650	455	1
650	457	1
650	458	1
650	459	1
650	460	1
650	461	1
650	462	1
650	464	1
650	465	1
650	467	1
651	105	1
651	138	1
651	159	1
651	195	1
651	218	1
651	225	1
651	238	1
651	252	1
651	259	1
651	263	1
651	265	1
651	269	1
651	273	1
651	276	1
651	277	1
651	280	1
651	298	1
651	311	1
651	324	1
651	326	1
651	329	1
651	331	1
651	332	1
651	336	1
651	338	1
651	340	1
651	343	1
651	344	1
651	347	1
651	350	1
651	351	1
651	356	1
651	358	1
651	359	1
651	360	1
651	362	1
651	364	1
651	368	1
651	369	1
651	372	1
651	373	1
651	374	1
651	375	1
651	377	1
651	378	1
651	380	1
651	383	1
651	384	1
651	385	1
651	386	1
651	387	1
651	392	1
651	393	1
651	395	1
651	396	1
651	398	1
651	400	1
651	401	1
651	402	1
651	403	1
651	404	1
651	405	1
651	406	1
651	409	1
651	410	1
651	413	1
651	414	1
651	415	1
651	416	1
651	418	1
651	420	1
651	421	1
651	426	1
651	430	1
651	431	1
651	432	1
651	434	1
651	435	1
651	436	1
651	437	1
651	438	1
651	439	1
651	440	1
651	441	1
651	442	1
651	443	1
651	446	1
651	452	1
651	453	1
651	454	1
651	455	1
651	456	1
651	457	1
651	458	1
651	459	1
651	461	1
651	462	1
651	463	1
651	464	1
651	465	1
651	466	1
651	467	1
652	18	1
652	210	1
652	212	1
652	232	1
652	245	1
652	246	1
652	264	1
652	285	1
652	288	1
652	289	1
652	297	1
652	298	1
652	299	1
652	308	1
652	312	1
652	314	1
652	329	1
652	331	1
652	336	1
652	337	1
652	341	1
652	344	1
652	346	1
652	349	1
652	351	1
652	352	1
652	355	1
652	361	1
652	364	1
652	365	1
652	366	1
652	368	1
652	372	1
652	375	1
652	376	1
652	378	1
652	379	1
652	381	1
652	382	1
652	384	1
652	387	1
652	388	1
652	393	1
652	394	1
652	395	1
652	398	1
652	399	1
652	400	1
652	401	1
652	402	1
652	404	1
652	405	1
652	406	1
652	407	1
652	408	1
652	409	1
652	410	1
652	412	1
652	413	1
652	414	1
652	415	1
652	416	1
652	418	1
652	420	1
652	421	1
652	424	1
652	425	1
652	428	1
652	429	1
652	430	1
652	431	1
652	432	1
652	433	1
652	435	1
652	436	1
652	437	1
652	438	1
652	439	1
652	440	1
652	441	1
652	442	1
652	444	1
652	445	1
652	447	1
652	448	1
652	449	1
652	450	1
652	451	1
652	452	1
652	453	1
652	454	1
652	455	1
652	456	1
652	457	1
652	458	1
652	459	1
652	460	1
652	461	1
652	462	1
652	464	1
652	466	1
652	467	1
653	30	1
653	109	1
653	113	1
653	126	1
653	229	1
653	247	1
653	250	1
653	252	1
653	265	1
653	269	1
653	274	1
653	284	1
653	285	1
653	288	1
653	297	1
653	312	1
653	313	1
653	314	1
653	319	1
653	321	1
653	324	1
653	325	1
653	328	1
653	329	1
653	332	1
653	335	1
653	348	1
653	350	1
653	360	1
653	362	1
653	363	1
653	365	1
653	366	1
653	369	1
653	370	1
653	371	1
653	372	1
653	373	1
653	377	1
653	379	1
653	381	1
653	385	1
653	387	1
653	390	1
653	391	1
653	392	1
653	394	1
653	395	1
653	396	1
653	397	1
653	398	1
653	401	1
653	403	1
653	404	1
653	406	1
653	408	1
653	412	1
653	413	1
653	416	1
653	417	1
653	418	1
653	419	1
653	421	1
653	422	1
653	423	1
653	424	1
653	425	1
653	426	1
653	427	1
653	428	1
653	429	1
653	430	1
653	431	1
653	432	1
653	433	1
653	434	1
653	435	1
653	437	1
653	439	1
653	441	1
653	443	1
653	444	1
653	445	1
653	446	1
653	447	1
653	448	1
653	449	1
653	450	1
653	451	1
653	452	1
653	453	1
653	454	1
653	455	1
653	456	1
653	458	1
653	459	1
653	461	1
653	462	1
653	463	1
653	464	1
653	465	1
653	466	1
654	18	1
654	65	1
654	110	1
654	206	1
654	214	1
654	217	1
654	232	1
654	235	1
654	257	1
654	271	1
654	279	1
654	281	1
654	291	1
654	297	1
654	301	1
654	309	1
654	311	1
654	313	1
654	314	1
654	319	1
654	323	1
654	324	1
654	334	1
654	337	1
654	339	1
654	343	1
654	344	1
654	345	1
654	347	1
654	348	1
654	352	1
654	354	1
654	355	1
654	356	1
654	357	1
654	358	1
654	360	1
654	361	1
654	362	1
654	366	1
654	367	1
654	368	1
654	372	1
654	376	1
654	377	1
654	379	1
654	381	1
654	383	1
654	384	1
654	385	1
654	386	1
654	388	1
654	392	1
654	399	1
654	402	1
654	404	1
654	405	1
654	406	1
654	408	1
654	410	1
654	412	1
654	414	1
654	415	1
654	419	1
654	420	1
654	421	1
654	422	1
654	424	1
654	425	1
654	426	1
654	427	1
654	428	1
654	430	1
654	434	1
654	435	1
654	436	1
654	439	1
654	440	1
654	442	1
654	443	1
654	444	1
654	445	1
654	447	1
654	448	1
654	449	1
654	450	1
654	452	1
654	453	1
654	454	1
654	455	1
654	456	1
654	457	1
654	458	1
654	459	1
654	460	1
654	461	1
654	462	1
654	463	1
654	464	1
654	465	1
654	466	1
654	467	1
655	76	1
655	100	1
655	106	1
655	156	1
655	265	1
655	276	1
655	277	1
655	278	1
655	282	1
655	283	1
655	285	1
655	290	1
655	295	1
655	298	1
655	306	1
655	316	1
655	317	1
655	318	1
655	322	1
655	326	1
655	330	1
655	333	1
655	335	1
655	337	1
655	338	1
655	339	1
655	341	1
655	343	1
655	345	1
655	346	1
655	347	1
655	349	1
655	350	1
655	351	1
655	353	1
655	357	1
655	362	1
655	366	1
655	369	1
655	374	1
655	375	1
655	379	1
655	383	1
655	384	1
655	388	1
655	389	1
655	391	1
655	392	1
655	394	1
655	396	1
655	399	1
655	403	1
655	404	1
655	405	1
655	407	1
655	408	1
655	410	1
655	411	1
655	413	1
655	415	1
655	416	1
655	417	1
655	418	1
655	419	1
655	420	1
655	423	1
655	425	1
655	426	1
655	427	1
655	428	1
655	429	1
655	430	1
655	432	1
655	434	1
655	435	1
655	439	1
655	440	1
655	442	1
655	443	1
655	444	1
655	445	1
655	446	1
655	447	1
655	448	1
655	449	1
655	450	1
655	452	1
655	453	1
655	454	1
655	455	1
655	456	1
655	457	1
655	458	1
655	459	1
655	460	1
655	461	1
655	462	1
655	463	1
655	464	1
655	465	1
655	466	1
655	467	1
656	45	1
656	165	1
656	177	1
656	221	1
656	229	1
656	235	1
656	238	1
656	251	1
656	256	1
656	264	1
656	265	1
656	266	1
656	278	1
656	280	1
656	289	1
656	296	1
656	298	1
656	305	1
656	306	1
656	308	1
656	311	1
656	312	1
656	315	1
656	317	1
656	320	1
656	326	1
656	329	1
656	332	1
656	336	1
656	337	1
656	338	1
656	340	1
656	349	1
656	353	1
656	354	1
656	355	1
656	356	1
656	358	1
656	363	1
656	364	1
656	367	1
656	368	1
656	370	1
656	371	1
656	374	1
656	375	1
656	376	1
656	378	1
656	379	1
656	380	1
656	381	1
656	383	1
656	384	1
656	388	1
656	394	1
656	400	1
656	405	1
656	409	1
656	412	1
656	413	1
656	414	1
656	415	1
656	416	1
656	418	1
656	420	1
656	421	1
656	422	1
656	423	1
656	425	1
656	427	1
656	429	1
656	430	1
656	431	1
656	433	1
656	434	1
656	435	1
656	436	1
656	437	1
656	439	1
656	442	1
656	444	1
656	445	1
656	446	1
656	447	1
656	448	1
656	449	1
656	450	1
656	451	1
656	452	1
656	453	1
656	455	1
656	456	1
656	457	1
656	458	1
656	459	1
656	460	1
656	461	1
656	462	1
656	463	1
656	464	1
656	465	1
656	466	1
657	39	1
657	61	1
657	62	1
657	140	1
657	171	1
657	195	1
657	209	1
657	216	1
657	218	1
657	223	1
657	224	1
657	240	1
657	250	1
657	253	1
657	255	1
657	264	1
657	273	1
657	274	1
657	275	1
657	277	1
657	283	1
657	290	1
657	291	1
657	295	1
657	300	1
657	306	1
657	308	1
657	310	1
657	316	1
657	319	1
657	331	1
657	334	1
657	337	1
657	339	1
657	343	1
657	347	1
657	349	1
657	352	1
657	353	1
657	354	1
657	356	1
657	358	1
657	360	1
657	366	1
657	368	1
657	370	1
657	374	1
657	377	1
657	379	1
657	381	1
657	382	1
657	385	1
657	388	1
657	391	1
657	392	1
657	394	1
657	398	1
657	400	1
657	401	1
657	402	1
657	404	1
657	405	1
657	406	1
657	408	1
657	411	1
657	412	1
657	413	1
657	414	1
657	420	1
657	422	1
657	423	1
657	424	1
657	426	1
657	429	1
657	432	1
657	433	1
657	436	1
657	437	1
657	438	1
657	439	1
657	440	1
657	441	1
657	442	1
657	443	1
657	445	1
657	446	1
657	449	1
657	451	1
657	452	1
657	453	1
657	454	1
657	455	1
657	457	1
657	458	1
657	459	1
657	460	1
657	461	1
657	462	1
657	464	1
657	465	1
657	466	1
657	467	1
658	26	1
658	81	1
658	111	1
658	155	1
658	201	1
658	209	1
658	222	1
658	226	1
658	259	1
658	266	1
658	269	1
658	276	1
658	277	1
658	290	1
658	291	1
658	292	1
658	301	1
658	305	1
658	308	1
658	313	1
658	314	1
658	315	1
658	319	1
658	326	1
658	328	1
658	338	1
658	340	1
658	342	1
658	343	1
658	345	1
658	347	1
658	351	1
658	355	1
658	360	1
658	361	1
658	362	1
658	366	1
658	371	1
658	372	1
658	373	1
658	374	1
658	375	1
658	376	1
658	377	1
658	383	1
658	384	1
658	385	1
658	388	1
658	390	1
658	391	1
658	397	1
658	399	1
658	400	1
658	401	1
658	402	1
658	403	1
658	405	1
658	406	1
658	407	1
658	408	1
658	409	1
658	410	1
658	411	1
658	414	1
658	415	1
658	416	1
658	418	1
658	421	1
658	422	1
658	423	1
658	424	1
658	427	1
658	428	1
658	429	1
658	430	1
658	431	1
658	433	1
658	434	1
658	436	1
658	437	1
658	438	1
658	439	1
658	442	1
658	445	1
658	446	1
658	447	1
658	448	1
658	449	1
658	450	1
658	451	1
658	452	1
658	454	1
658	456	1
658	457	1
658	459	1
658	460	1
658	461	1
658	462	1
658	464	1
658	465	1
658	466	1
658	467	1
659	30	1
659	199	1
659	236	1
659	237	1
659	262	1
659	274	1
659	277	1
659	283	1
659	292	1
659	294	1
659	298	1
659	304	1
659	306	1
659	309	1
659	312	1
659	313	1
659	314	1
659	318	1
659	319	1
659	323	1
659	324	1
659	327	1
659	330	1
659	334	1
659	335	1
659	336	1
659	340	1
659	343	1
659	347	1
659	348	1
659	351	1
659	354	1
659	355	1
659	357	1
659	365	1
659	366	1
659	368	1
659	375	1
659	377	1
659	378	1
659	379	1
659	380	1
659	382	1
659	384	1
659	386	1
659	387	1
659	388	1
659	390	1
659	391	1
659	394	1
659	395	1
659	396	1
659	397	1
659	398	1
659	399	1
659	400	1
659	401	1
659	403	1
659	406	1
659	407	1
659	408	1
659	409	1
659	411	1
659	412	1
659	414	1
659	416	1
659	418	1
659	420	1
659	422	1
659	424	1
659	425	1
659	428	1
659	429	1
659	430	1
659	431	1
659	433	1
659	437	1
659	438	1
659	439	1
659	440	1
659	443	1
659	444	1
659	445	1
659	446	1
659	447	1
659	448	1
659	449	1
659	451	1
659	453	1
659	454	1
659	455	1
659	456	1
659	457	1
659	458	1
659	460	1
659	461	1
659	462	1
659	463	1
659	464	1
659	465	1
659	466	1
659	467	1
660	135	1
660	221	1
660	222	1
660	233	1
660	246	1
660	248	1
660	270	1
660	274	1
660	276	1
660	277	1
660	278	1
660	279	1
660	280	1
660	287	1
660	298	1
660	302	1
660	310	1
660	311	1
660	324	1
660	326	1
660	330	1
660	332	1
660	339	1
660	341	1
660	345	1
660	347	1
660	349	1
660	350	1
660	351	1
660	353	1
660	354	1
660	355	1
660	356	1
660	360	1
660	361	1
660	362	1
660	365	1
660	367	1
660	369	1
660	371	1
660	372	1
660	376	1
660	377	1
660	378	1
660	379	1
660	380	1
660	381	1
660	383	1
660	384	1
660	385	1
660	388	1
660	389	1
660	390	1
660	391	1
660	395	1
660	396	1
660	399	1
660	400	1
660	402	1
660	403	1
660	404	1
660	406	1
660	408	1
660	415	1
660	416	1
660	417	1
660	418	1
660	420	1
660	422	1
660	425	1
660	430	1
660	431	1
660	432	1
660	433	1
660	434	1
660	436	1
660	438	1
660	439	1
660	441	1
660	442	1
660	443	1
660	444	1
660	445	1
660	446	1
660	447	1
660	448	1
660	449	1
660	450	1
660	451	1
660	452	1
660	455	1
660	456	1
660	457	1
660	458	1
660	460	1
660	461	1
660	462	1
660	463	1
660	464	1
660	465	1
660	466	1
660	467	1
661	26	1
661	85	1
661	151	1
661	191	1
661	208	1
661	260	1
661	267	1
661	278	1
661	284	1
661	285	1
661	288	1
661	291	1
661	293	1
661	300	1
661	301	1
661	306	1
661	307	1
661	308	1
661	310	1
661	313	1
661	314	1
661	315	1
661	316	1
661	319	1
661	322	1
661	325	1
661	330	1
661	331	1
661	336	1
661	337	1
661	347	1
661	348	1
661	350	1
661	351	1
661	352	1
661	353	1
661	363	1
661	364	1
661	366	1
661	369	1
661	371	1
661	378	1
661	379	1
661	380	1
661	381	1
661	382	1
661	383	1
661	384	1
661	386	1
661	387	1
661	388	1
661	390	1
661	391	1
661	392	1
661	393	1
661	395	1
661	403	1
661	404	1
661	405	1
661	406	1
661	407	1
661	409	1
661	411	1
661	412	1
661	413	1
661	414	1
661	416	1
661	418	1
661	420	1
661	422	1
661	424	1
661	425	1
661	426	1
661	428	1
661	429	1
661	430	1
661	432	1
661	434	1
661	435	1
661	437	1
661	438	1
661	439	1
661	440	1
661	441	1
661	442	1
661	443	1
661	444	1
661	447	1
661	450	1
661	451	1
661	452	1
661	453	1
661	454	1
661	455	1
661	457	1
661	458	1
661	459	1
661	460	1
661	461	1
661	463	1
661	465	1
661	467	1
662	63	1
662	87	1
662	119	1
662	146	1
662	226	1
662	237	1
662	240	1
662	252	1
662	254	1
662	262	1
662	263	1
662	268	1
662	273	1
662	274	1
662	292	1
662	293	1
662	295	1
662	303	1
662	308	1
662	316	1
662	317	1
662	320	1
662	321	1
662	322	1
662	323	1
662	324	1
662	327	1
662	328	1
662	329	1
662	330	1
662	334	1
662	336	1
662	337	1
662	351	1
662	352	1
662	359	1
662	360	1
662	364	1
662	365	1
662	366	1
662	368	1
662	369	1
662	370	1
662	373	1
662	376	1
662	379	1
662	380	1
662	381	1
662	382	1
662	383	1
662	386	1
662	387	1
662	389	1
662	390	1
662	395	1
662	402	1
662	403	1
662	405	1
662	407	1
662	408	1
662	409	1
662	411	1
662	412	1
662	413	1
662	414	1
662	416	1
662	417	1
662	418	1
662	419	1
662	421	1
662	424	1
662	425	1
662	426	1
662	428	1
662	429	1
662	431	1
662	433	1
662	435	1
662	437	1
662	438	1
662	439	1
662	440	1
662	442	1
662	443	1
662	444	1
662	446	1
662	449	1
662	450	1
662	451	1
662	452	1
662	453	1
662	454	1
662	456	1
662	457	1
662	458	1
662	459	1
662	461	1
662	462	1
662	464	1
662	465	1
662	466	1
662	467	1
663	126	1
663	201	1
663	215	1
663	230	1
663	252	1
663	260	1
663	267	1
663	269	1
663	271	1
663	279	1
663	284	1
663	288	1
663	290	1
663	306	1
663	309	1
663	313	1
663	315	1
663	318	1
663	321	1
663	331	1
663	332	1
663	334	1
663	344	1
663	345	1
663	350	1
663	352	1
663	353	1
663	356	1
663	357	1
663	359	1
663	362	1
663	366	1
663	367	1
663	368	1
663	369	1
663	372	1
663	374	1
663	377	1
663	378	1
663	380	1
663	382	1
663	383	1
663	384	1
663	387	1
663	388	1
663	391	1
663	392	1
663	395	1
663	397	1
663	402	1
663	403	1
663	406	1
663	407	1
663	409	1
663	410	1
663	411	1
663	413	1
663	415	1
663	416	1
663	417	1
663	418	1
663	419	1
663	421	1
663	422	1
663	423	1
663	424	1
663	425	1
663	426	1
663	427	1
663	428	1
663	429	1
663	430	1
663	432	1
663	433	1
663	434	1
663	435	1
663	436	1
663	440	1
663	441	1
663	442	1
663	443	1
663	444	1
663	445	1
663	446	1
663	448	1
663	449	1
663	450	1
663	452	1
663	453	1
663	454	1
663	455	1
663	456	1
663	457	1
663	458	1
663	459	1
663	460	1
663	461	1
663	462	1
663	463	1
663	464	1
663	465	1
663	467	1
664	58	1
664	87	1
664	134	1
664	140	1
664	209	1
664	222	1
664	231	1
664	233	1
664	240	1
664	245	1
664	255	1
664	267	1
664	268	1
664	273	1
664	284	1
664	288	1
664	295	1
664	297	1
664	304	1
664	312	1
664	313	1
664	315	1
664	317	1
664	322	1
664	326	1
664	330	1
664	332	1
664	337	1
664	339	1
664	340	1
664	344	1
664	348	1
664	350	1
664	353	1
664	355	1
664	358	1
664	359	1
664	361	1
664	366	1
664	367	1
664	370	1
664	371	1
664	373	1
664	374	1
664	375	1
664	378	1
664	380	1
664	382	1
664	383	1
664	385	1
664	388	1
664	389	1
664	390	1
664	391	1
664	392	1
664	393	1
664	394	1
664	395	1
664	396	1
664	399	1
664	402	1
664	403	1
664	404	1
664	405	1
664	406	1
664	408	1
664	409	1
664	410	1
664	416	1
664	417	1
664	418	1
664	421	1
664	422	1
664	427	1
664	429	1
664	431	1
664	433	1
664	435	1
664	437	1
664	440	1
664	441	1
664	442	1
664	443	1
664	444	1
664	445	1
664	447	1
664	448	1
664	449	1
664	450	1
664	452	1
664	453	1
664	454	1
664	455	1
664	456	1
664	457	1
664	458	1
664	459	1
664	460	1
664	461	1
664	465	1
664	466	1
664	467	1
665	28	1
665	57	1
665	182	1
665	211	1
665	240	1
665	241	1
665	246	1
665	273	1
665	284	1
665	288	1
665	296	1
665	298	1
665	305	1
665	307	1
665	312	1
665	315	1
665	316	1
665	319	1
665	320	1
665	325	1
665	326	1
665	330	1
665	333	1
665	335	1
665	336	1
665	338	1
665	339	1
665	340	1
665	343	1
665	346	1
665	349	1
665	355	1
665	357	1
665	359	1
665	360	1
665	363	1
665	364	1
665	367	1
665	368	1
665	369	1
665	370	1
665	371	1
665	372	1
665	373	1
665	374	1
665	378	1
665	383	1
665	384	1
665	386	1
665	391	1
665	393	1
665	394	1
665	395	1
665	397	1
665	399	1
665	400	1
665	401	1
665	405	1
665	406	1
665	407	1
665	408	1
665	409	1
665	410	1
665	412	1
665	415	1
665	416	1
665	418	1
665	420	1
665	421	1
665	422	1
665	423	1
665	424	1
665	426	1
665	428	1
665	429	1
665	430	1
665	431	1
665	432	1
665	433	1
665	434	1
665	435	1
665	441	1
665	443	1
665	444	1
665	446	1
665	447	1
665	448	1
665	449	1
665	450	1
665	451	1
665	452	1
665	454	1
665	455	1
665	458	1
665	459	1
665	460	1
665	461	1
665	462	1
665	463	1
665	465	1
665	466	1
665	467	1
666	117	1
666	161	1
666	169	1
666	170	1
666	180	1
666	190	1
666	268	1
666	269	1
666	279	1
666	295	1
666	296	1
666	303	1
666	306	1
666	307	1
666	316	1
666	317	1
666	323	1
666	325	1
666	327	1
666	330	1
666	331	1
666	333	1
666	334	1
666	336	1
666	340	1
666	349	1
666	352	1
666	353	1
666	356	1
666	361	1
666	364	1
666	367	1
666	370	1
666	371	1
666	372	1
666	373	1
666	374	1
666	376	1
666	377	1
666	381	1
666	383	1
666	385	1
666	386	1
666	390	1
666	391	1
666	394	1
666	395	1
666	396	1
666	399	1
666	400	1
666	401	1
666	402	1
666	403	1
666	404	1
666	405	1
666	406	1
666	409	1
666	410	1
666	412	1
666	413	1
666	418	1
666	419	1
666	420	1
666	421	1
666	422	1
666	423	1
666	424	1
666	425	1
666	428	1
666	429	1
666	430	1
666	431	1
666	432	1
666	434	1
666	435	1
666	436	1
666	437	1
666	438	1
666	439	1
666	440	1
666	442	1
666	443	1
666	444	1
666	445	1
666	446	1
666	449	1
666	450	1
666	451	1
666	452	1
666	453	1
666	454	1
666	455	1
666	456	1
666	457	1
666	458	1
666	459	1
666	460	1
666	461	1
666	462	1
666	463	1
666	464	1
666	465	1
667	136	1
667	200	1
667	208	1
667	216	1
667	217	1
667	219	1
667	224	1
667	231	1
667	238	1
667	252	1
667	264	1
667	278	1
667	282	1
667	285	1
667	290	1
667	299	1
667	302	1
667	304	1
667	309	1
667	310	1
667	313	1
667	314	1
667	330	1
667	331	1
667	333	1
667	335	1
667	337	1
667	343	1
667	344	1
667	345	1
667	348	1
667	353	1
667	356	1
667	357	1
667	360	1
667	361	1
667	363	1
667	366	1
667	371	1
667	374	1
667	379	1
667	381	1
667	382	1
667	383	1
667	386	1
667	388	1
667	389	1
667	390	1
667	391	1
667	392	1
667	393	1
667	394	1
667	395	1
667	396	1
667	398	1
667	399	1
667	401	1
667	404	1
667	405	1
667	406	1
667	408	1
667	410	1
667	411	1
667	412	1
667	417	1
667	418	1
667	421	1
667	422	1
667	423	1
667	424	1
667	425	1
667	426	1
667	427	1
667	428	1
667	429	1
667	430	1
667	432	1
667	433	1
667	434	1
667	439	1
667	440	1
667	441	1
667	442	1
667	443	1
667	444	1
667	445	1
667	446	1
667	447	1
667	449	1
667	450	1
667	451	1
667	452	1
667	453	1
667	457	1
667	458	1
667	459	1
667	461	1
667	462	1
667	463	1
667	464	1
667	465	1
667	466	1
668	154	1
668	159	1
668	166	1
668	211	1
668	218	1
668	239	1
668	240	1
668	264	1
668	275	1
668	290	1
668	293	1
668	298	1
668	300	1
668	302	1
668	305	1
668	307	1
668	316	1
668	317	1
668	324	1
668	325	1
668	328	1
668	329	1
668	331	1
668	336	1
668	339	1
668	342	1
668	346	1
668	347	1
668	349	1
668	352	1
668	354	1
668	355	1
668	356	1
668	357	1
668	359	1
668	360	1
668	361	1
668	364	1
668	366	1
668	367	1
668	371	1
668	374	1
668	375	1
668	376	1
668	378	1
668	383	1
668	385	1
668	386	1
668	387	1
668	392	1
668	395	1
668	396	1
668	398	1
668	399	1
668	400	1
668	402	1
668	404	1
668	405	1
668	406	1
668	407	1
668	412	1
668	414	1
668	419	1
668	420	1
668	421	1
668	422	1
668	424	1
668	425	1
668	429	1
668	430	1
668	432	1
668	433	1
668	434	1
668	436	1
668	437	1
668	438	1
668	439	1
668	440	1
668	441	1
668	442	1
668	443	1
668	445	1
668	446	1
668	448	1
668	449	1
668	450	1
668	451	1
668	452	1
668	454	1
668	455	1
668	456	1
668	457	1
668	458	1
668	459	1
668	460	1
668	461	1
668	462	1
668	463	1
668	464	1
668	465	1
668	466	1
668	467	1
669	17	1
669	130	1
669	209	1
669	212	1
669	231	1
669	238	1
669	241	1
669	244	1
669	258	1
669	260	1
669	264	1
669	266	1
669	267	1
669	279	1
669	283	1
669	288	1
669	292	1
669	296	1
669	297	1
669	298	1
669	301	1
669	305	1
669	310	1
669	314	1
669	319	1
669	325	1
669	327	1
669	328	1
669	341	1
669	342	1
669	347	1
669	357	1
669	358	1
669	359	1
669	365	1
669	367	1
669	368	1
669	369	1
669	371	1
669	372	1
669	373	1
669	374	1
669	375	1
669	377	1
669	378	1
669	381	1
669	383	1
669	384	1
669	385	1
669	388	1
669	389	1
669	391	1
669	393	1
669	395	1
669	396	1
669	398	1
669	402	1
669	404	1
669	405	1
669	406	1
669	409	1
669	411	1
669	413	1
669	414	1
669	415	1
669	416	1
669	417	1
669	418	1
669	421	1
669	424	1
669	427	1
669	428	1
669	431	1
669	432	1
669	433	1
669	436	1
669	437	1
669	438	1
669	439	1
669	441	1
669	442	1
669	444	1
669	445	1
669	446	1
669	448	1
669	449	1
669	450	1
669	451	1
669	452	1
669	455	1
669	456	1
669	457	1
669	458	1
669	459	1
669	460	1
669	461	1
669	462	1
669	463	1
669	464	1
669	465	1
669	466	1
669	467	1
670	44	1
670	92	1
670	160	1
670	214	1
670	225	1
670	233	1
670	238	1
670	239	1
670	245	1
670	247	1
670	254	1
670	257	1
670	279	1
670	287	1
670	293	1
670	313	1
670	314	1
670	317	1
670	321	1
670	328	1
670	330	1
670	333	1
670	336	1
670	337	1
670	338	1
670	342	1
670	349	1
670	351	1
670	355	1
670	356	1
670	358	1
670	359	1
670	361	1
670	364	1
670	371	1
670	374	1
670	375	1
670	377	1
670	382	1
670	383	1
670	384	1
670	385	1
670	386	1
670	387	1
670	390	1
670	391	1
670	394	1
670	395	1
670	396	1
670	399	1
670	401	1
670	402	1
670	404	1
670	406	1
670	407	1
670	408	1
670	409	1
670	411	1
670	413	1
670	414	1
670	415	1
670	417	1
670	418	1
670	419	1
670	420	1
670	421	1
670	422	1
670	425	1
670	426	1
670	428	1
670	429	1
670	431	1
670	432	1
670	434	1
670	436	1
670	437	1
670	438	1
670	439	1
670	440	1
670	441	1
670	442	1
670	444	1
670	445	1
670	446	1
670	448	1
670	449	1
670	450	1
670	451	1
670	452	1
670	453	1
670	454	1
670	455	1
670	456	1
670	458	1
670	459	1
670	461	1
670	462	1
670	463	1
670	464	1
670	465	1
670	466	1
670	467	1
671	153	1
671	156	1
671	239	1
671	244	1
671	267	1
671	269	1
671	270	1
671	279	1
671	280	1
671	287	1
671	288	1
671	295	1
671	299	1
671	303	1
671	311	1
671	312	1
671	315	1
671	317	1
671	323	1
671	330	1
671	333	1
671	335	1
671	336	1
671	344	1
671	347	1
671	350	1
671	351	1
671	352	1
671	353	1
671	357	1
671	358	1
671	365	1
671	368	1
671	369	1
671	370	1
671	371	1
671	372	1
671	374	1
671	380	1
671	384	1
671	387	1
671	388	1
671	390	1
671	391	1
671	392	1
671	395	1
671	396	1
671	398	1
671	400	1
671	401	1
671	402	1
671	403	1
671	405	1
671	407	1
671	408	1
671	409	1
671	412	1
671	413	1
671	414	1
671	415	1
671	416	1
671	417	1
671	418	1
671	419	1
671	421	1
671	423	1
671	424	1
671	425	1
671	426	1
671	427	1
671	429	1
671	430	1
671	432	1
671	433	1
671	434	1
671	436	1
671	438	1
671	440	1
671	441	1
671	442	1
671	444	1
671	445	1
671	446	1
671	447	1
671	448	1
671	449	1
671	450	1
671	451	1
671	453	1
671	454	1
671	455	1
671	456	1
671	457	1
671	459	1
671	460	1
671	461	1
671	462	1
671	463	1
671	464	1
671	465	1
671	466	1
671	467	1
672	84	1
672	166	1
672	180	1
672	224	1
672	233	1
672	236	1
672	248	1
672	264	1
672	270	1
672	271	1
672	279	1
672	282	1
672	283	1
672	290	1
672	291	1
672	301	1
672	307	1
672	308	1
672	322	1
672	324	1
672	326	1
672	329	1
672	331	1
672	332	1
672	333	1
672	335	1
672	339	1
672	340	1
672	341	1
672	343	1
672	345	1
672	347	1
672	348	1
672	350	1
672	357	1
672	359	1
672	360	1
672	366	1
672	367	1
672	368	1
672	370	1
672	372	1
672	373	1
672	374	1
672	375	1
672	377	1
672	382	1
672	384	1
672	385	1
672	387	1
672	388	1
672	389	1
672	390	1
672	391	1
672	395	1
672	396	1
672	397	1
672	401	1
672	403	1
672	404	1
672	405	1
672	406	1
672	407	1
672	408	1
672	409	1
672	410	1
672	411	1
672	412	1
672	414	1
672	418	1
672	419	1
672	420	1
672	421	1
672	422	1
672	423	1
672	425	1
672	426	1
672	429	1
672	431	1
672	432	1
672	434	1
672	435	1
672	436	1
672	437	1
672	438	1
672	443	1
672	447	1
672	449	1
672	451	1
672	452	1
672	453	1
672	454	1
672	455	1
672	456	1
672	457	1
672	458	1
672	459	1
672	460	1
672	463	1
672	465	1
672	466	1
672	467	1
673	58	1
673	129	1
673	139	1
673	160	1
673	231	1
673	246	1
673	249	1
673	253	1
673	262	1
673	265	1
673	273	1
673	279	1
673	286	1
673	287	1
673	289	1
673	291	1
673	296	1
673	297	1
673	305	1
673	308	1
673	311	1
673	316	1
673	318	1
673	325	1
673	333	1
673	334	1
673	337	1
673	339	1
673	340	1
673	345	1
673	346	1
673	347	1
673	351	1
673	354	1
673	356	1
673	360	1
673	363	1
673	365	1
673	366	1
673	368	1
673	372	1
673	373	1
673	376	1
673	377	1
673	383	1
673	384	1
673	388	1
673	389	1
673	392	1
673	393	1
673	397	1
673	398	1
673	399	1
673	400	1
673	401	1
673	403	1
673	405	1
673	407	1
673	410	1
673	411	1
673	413	1
673	414	1
673	415	1
673	417	1
673	419	1
673	420	1
673	423	1
673	424	1
673	425	1
673	427	1
673	428	1
673	429	1
673	431	1
673	432	1
673	434	1
673	435	1
673	436	1
673	437	1
673	438	1
673	440	1
673	442	1
673	443	1
673	444	1
673	446	1
673	447	1
673	448	1
673	449	1
673	450	1
673	451	1
673	452	1
673	453	1
673	455	1
673	456	1
673	457	1
673	458	1
673	459	1
673	460	1
673	462	1
673	463	1
673	465	1
673	466	1
673	467	1
674	241	1
674	243	1
674	260	1
674	267	1
674	269	1
674	270	1
674	274	1
674	284	1
674	288	1
674	291	1
674	304	1
674	306	1
674	307	1
674	308	1
674	309	1
674	316	1
674	320	1
674	322	1
674	327	1
674	332	1
674	336	1
674	338	1
674	339	1
674	340	1
674	342	1
674	344	1
674	347	1
674	352	1
674	353	1
674	355	1
674	356	1
674	357	1
674	360	1
674	366	1
674	368	1
674	369	1
674	370	1
674	373	1
674	376	1
674	377	1
674	378	1
674	379	1
674	381	1
674	384	1
674	385	1
674	387	1
674	388	1
674	390	1
674	391	1
674	392	1
674	394	1
674	395	1
674	397	1
674	398	1
674	404	1
674	405	1
674	406	1
674	407	1
674	409	1
674	411	1
674	412	1
674	413	1
674	415	1
674	417	1
674	419	1
674	421	1
674	423	1
674	424	1
674	425	1
674	428	1
674	429	1
674	430	1
674	431	1
674	433	1
674	434	1
674	436	1
674	438	1
674	439	1
674	440	1
674	442	1
674	443	1
674	444	1
674	445	1
674	446	1
674	448	1
674	450	1
674	451	1
674	452	1
674	453	1
674	455	1
674	456	1
674	457	1
674	458	1
674	459	1
674	460	1
674	461	1
674	462	1
674	463	1
674	464	1
674	466	1
674	467	1
675	108	1
675	110	1
675	212	1
675	243	1
675	252	1
675	273	1
675	279	1
675	283	1
675	287	1
675	292	1
675	294	1
675	303	1
675	307	1
675	312	1
675	315	1
675	317	1
675	319	1
675	320	1
675	330	1
675	331	1
675	333	1
675	335	1
675	336	1
675	338	1
675	339	1
675	345	1
675	347	1
675	349	1
675	350	1
675	351	1
675	352	1
675	354	1
675	356	1
675	361	1
675	363	1
675	365	1
675	368	1
675	369	1
675	370	1
675	371	1
675	372	1
675	373	1
675	377	1
675	378	1
675	380	1
675	385	1
675	386	1
675	387	1
675	388	1
675	390	1
675	393	1
675	394	1
675	399	1
675	400	1
675	401	1
675	402	1
675	408	1
675	409	1
675	411	1
675	412	1
675	415	1
675	418	1
675	419	1
675	421	1
675	422	1
675	424	1
675	425	1
675	426	1
675	427	1
675	429	1
675	430	1
675	431	1
675	433	1
675	434	1
675	435	1
675	437	1
675	438	1
675	439	1
675	440	1
675	441	1
675	442	1
675	443	1
675	445	1
675	446	1
675	447	1
675	449	1
675	450	1
675	452	1
675	453	1
675	454	1
675	455	1
675	456	1
675	457	1
675	458	1
675	459	1
675	460	1
675	461	1
675	462	1
675	463	1
675	465	1
675	466	1
675	467	1
676	97	1
676	100	1
676	115	1
676	161	1
676	180	1
676	193	1
676	248	1
676	254	1
676	264	1
676	265	1
676	273	1
676	274	1
676	277	1
676	282	1
676	286	1
676	290	1
676	298	1
676	303	1
676	304	1
676	308	1
676	312	1
676	314	1
676	317	1
676	319	1
676	321	1
676	323	1
676	324	1
676	325	1
676	328	1
676	336	1
676	339	1
676	341	1
676	350	1
676	351	1
676	355	1
676	358	1
676	360	1
676	361	1
676	362	1
676	363	1
676	366	1
676	371	1
676	375	1
676	378	1
676	379	1
676	380	1
676	381	1
676	382	1
676	383	1
676	388	1
676	389	1
676	390	1
676	393	1
676	395	1
676	396	1
676	397	1
676	402	1
676	404	1
676	409	1
676	410	1
676	411	1
676	412	1
676	413	1
676	415	1
676	416	1
676	417	1
676	418	1
676	419	1
676	420	1
676	421	1
676	422	1
676	423	1
676	424	1
676	429	1
676	430	1
676	431	1
676	432	1
676	433	1
676	434	1
676	435	1
676	436	1
676	437	1
676	438	1
676	441	1
676	443	1
676	444	1
676	445	1
676	446	1
676	447	1
676	448	1
676	449	1
676	451	1
676	452	1
676	453	1
676	455	1
676	457	1
676	458	1
676	459	1
676	460	1
676	461	1
676	466	1
676	467	1
677	80	1
677	110	1
677	164	1
677	175	1
677	228	1
677	230	1
677	235	1
677	241	1
677	245	1
677	247	1
677	255	1
677	256	1
677	259	1
677	276	1
677	279	1
677	296	1
677	302	1
677	304	1
677	318	1
677	319	1
677	322	1
677	328	1
677	329	1
677	334	1
677	336	1
677	338	1
677	339	1
677	340	1
677	341	1
677	343	1
677	346	1
677	352	1
677	355	1
677	358	1
677	359	1
677	368	1
677	371	1
677	373	1
677	375	1
677	377	1
677	382	1
677	383	1
677	384	1
677	385	1
677	387	1
677	388	1
677	390	1
677	391	1
677	392	1
677	394	1
677	395	1
677	396	1
677	398	1
677	400	1
677	402	1
677	404	1
677	406	1
677	407	1
677	408	1
677	409	1
677	411	1
677	412	1
677	414	1
677	421	1
677	423	1
677	424	1
677	426	1
677	427	1
677	428	1
677	429	1
677	431	1
677	432	1
677	433	1
677	435	1
677	437	1
677	438	1
677	439	1
677	441	1
677	442	1
677	443	1
677	444	1
677	445	1
677	446	1
677	447	1
677	448	1
677	449	1
677	450	1
677	451	1
677	452	1
677	454	1
677	455	1
677	456	1
677	457	1
677	458	1
677	459	1
677	460	1
677	461	1
677	462	1
677	463	1
677	466	1
677	467	1
678	127	1
678	211	1
678	213	1
678	232	1
678	245	1
678	248	1
678	249	1
678	252	1
678	262	1
678	265	1
678	279	1
678	280	1
678	288	1
678	292	1
678	295	1
678	296	1
678	298	1
678	300	1
678	302	1
678	310	1
678	311	1
678	316	1
678	318	1
678	320	1
678	322	1
678	324	1
678	326	1
678	332	1
678	335	1
678	337	1
678	342	1
678	345	1
678	348	1
678	352	1
678	353	1
678	357	1
678	358	1
678	359	1
678	363	1
678	368	1
678	369	1
678	370	1
678	372	1
678	373	1
678	376	1
678	378	1
678	379	1
678	380	1
678	383	1
678	386	1
678	387	1
678	388	1
678	390	1
678	391	1
678	392	1
678	395	1
678	396	1
678	400	1
678	401	1
678	405	1
678	406	1
678	407	1
678	409	1
678	411	1
678	412	1
678	417	1
678	419	1
678	420	1
678	421	1
678	423	1
678	424	1
678	426	1
678	428	1
678	429	1
678	430	1
678	431	1
678	433	1
678	435	1
678	436	1
678	437	1
678	439	1
678	440	1
678	441	1
678	442	1
678	443	1
678	445	1
678	446	1
678	447	1
678	450	1
678	451	1
678	452	1
678	453	1
678	454	1
678	455	1
678	460	1
678	461	1
678	462	1
678	463	1
678	464	1
678	465	1
678	466	1
678	467	1
679	164	1
679	177	1
679	221	1
679	229	1
679	250	1
679	255	1
679	257	1
679	258	1
679	261	1
679	271	1
679	272	1
679	277	1
679	290	1
679	293	1
679	306	1
679	313	1
679	317	1
679	319	1
679	321	1
679	326	1
679	331	1
679	332	1
679	335	1
679	337	1
679	343	1
679	344	1
679	346	1
679	347	1
679	348	1
679	349	1
679	354	1
679	355	1
679	361	1
679	362	1
679	364	1
679	367	1
679	368	1
679	369	1
679	371	1
679	372	1
679	375	1
679	376	1
679	378	1
679	379	1
679	381	1
679	382	1
679	385	1
679	387	1
679	389	1
679	390	1
679	392	1
679	393	1
679	394	1
679	395	1
679	399	1
679	400	1
679	401	1
679	402	1
679	403	1
679	404	1
679	409	1
679	411	1
679	414	1
679	415	1
679	416	1
679	417	1
679	418	1
679	420	1
679	422	1
679	426	1
679	427	1
679	429	1
679	430	1
679	433	1
679	434	1
679	435	1
679	436	1
679	437	1
679	439	1
679	440	1
679	441	1
679	442	1
679	443	1
679	446	1
679	447	1
679	450	1
679	452	1
679	453	1
679	454	1
679	455	1
679	456	1
679	457	1
679	458	1
679	459	1
679	460	1
679	461	1
679	462	1
679	463	1
679	464	1
679	465	1
679	466	1
679	467	1
680	54	1
680	61	1
680	149	1
680	236	1
680	254	1
680	256	1
680	257	1
680	262	1
680	273	1
680	286	1
680	302	1
680	306	1
680	311	1
680	315	1
680	319	1
680	321	1
680	323	1
680	327	1
680	329	1
680	332	1
680	333	1
680	335	1
680	337	1
680	340	1
680	344	1
680	347	1
680	348	1
680	356	1
680	358	1
680	359	1
680	361	1
680	363	1
680	367	1
680	369	1
680	371	1
680	373	1
680	374	1
680	378	1
680	379	1
680	380	1
680	382	1
680	383	1
680	389	1
680	391	1
680	392	1
680	394	1
680	395	1
680	396	1
680	400	1
680	401	1
680	402	1
680	403	1
680	407	1
680	408	1
680	409	1
680	410	1
680	411	1
680	412	1
680	413	1
680	414	1
680	416	1
680	417	1
680	419	1
680	420	1
680	422	1
680	423	1
680	424	1
680	425	1
680	426	1
680	427	1
680	428	1
680	429	1
680	432	1
680	433	1
680	434	1
680	435	1
680	438	1
680	439	1
680	441	1
680	442	1
680	444	1
680	445	1
680	446	1
680	447	1
680	449	1
680	450	1
680	451	1
680	452	1
680	453	1
680	454	1
680	455	1
680	456	1
680	457	1
680	458	1
680	460	1
680	461	1
680	462	1
680	463	1
680	464	1
680	465	1
680	466	1
680	467	1
681	40	1
681	46	1
681	116	1
681	169	1
681	203	1
681	222	1
681	227	1
681	241	1
681	268	1
681	277	1
681	279	1
681	289	1
681	292	1
681	296	1
681	301	1
681	302	1
681	303	1
681	304	1
681	309	1
681	313	1
681	315	1
681	316	1
681	318	1
681	322	1
681	323	1
681	324	1
681	327	1
681	328	1
681	334	1
681	335	1
681	338	1
681	342	1
681	346	1
681	348	1
681	352	1
681	353	1
681	357	1
681	358	1
681	359	1
681	361	1
681	363	1
681	366	1
681	367	1
681	370	1
681	373	1
681	375	1
681	376	1
681	380	1
681	381	1
681	384	1
681	385	1
681	386	1
681	390	1
681	391	1
681	394	1
681	395	1
681	396	1
681	399	1
681	400	1
681	402	1
681	403	1
681	407	1
681	408	1
681	412	1
681	414	1
681	416	1
681	418	1
681	420	1
681	421	1
681	423	1
681	425	1
681	426	1
681	427	1
681	432	1
681	435	1
681	436	1
681	437	1
681	441	1
681	442	1
681	443	1
681	444	1
681	445	1
681	446	1
681	447	1
681	448	1
681	449	1
681	450	1
681	451	1
681	452	1
681	453	1
681	455	1
681	456	1
681	457	1
681	459	1
681	460	1
681	461	1
681	462	1
681	463	1
681	464	1
681	465	1
681	466	1
681	467	1
682	4	1
682	128	1
682	157	1
682	173	1
682	190	1
682	213	1
682	223	1
682	226	1
682	229	1
682	238	1
682	247	1
682	248	1
682	253	1
682	269	1
682	276	1
682	278	1
682	281	1
682	282	1
682	297	1
682	304	1
682	306	1
682	312	1
682	313	1
682	314	1
682	322	1
682	327	1
682	328	1
682	331	1
682	336	1
682	337	1
682	338	1
682	345	1
682	346	1
682	348	1
682	351	1
682	352	1
682	353	1
682	354	1
682	359	1
682	361	1
682	366	1
682	369	1
682	370	1
682	375	1
682	377	1
682	383	1
682	384	1
682	387	1
682	388	1
682	391	1
682	392	1
682	393	1
682	396	1
682	397	1
682	398	1
682	400	1
682	401	1
682	402	1
682	403	1
682	405	1
682	406	1
682	408	1
682	409	1
682	410	1
682	411	1
682	412	1
682	413	1
682	414	1
682	416	1
682	418	1
682	419	1
682	423	1
682	424	1
682	425	1
682	426	1
682	427	1
682	429	1
682	430	1
682	431	1
682	432	1
682	433	1
682	435	1
682	438	1
682	440	1
682	441	1
682	442	1
682	443	1
682	444	1
682	446	1
682	447	1
682	448	1
682	449	1
682	450	1
682	451	1
682	452	1
682	456	1
682	457	1
682	458	1
682	459	1
682	464	1
682	465	1
682	466	1
683	15	1
683	79	1
683	92	1
683	188	1
683	201	1
683	221	1
683	223	1
683	224	1
683	226	1
683	229	1
683	234	1
683	242	1
683	244	1
683	248	1
683	251	1
683	260	1
683	273	1
683	281	1
683	289	1
683	294	1
683	299	1
683	312	1
683	314	1
683	316	1
683	323	1
683	327	1
683	331	1
683	334	1
683	335	1
683	336	1
683	337	1
683	342	1
683	344	1
683	345	1
683	347	1
683	348	1
683	356	1
683	360	1
683	363	1
683	366	1
683	367	1
683	368	1
683	375	1
683	377	1
683	379	1
683	380	1
683	381	1
683	382	1
683	384	1
683	385	1
683	386	1
683	387	1
683	388	1
683	389	1
683	394	1
683	395	1
683	397	1
683	399	1
683	403	1
683	408	1
683	409	1
683	410	1
683	411	1
683	412	1
683	413	1
683	414	1
683	415	1
683	418	1
683	420	1
683	422	1
683	423	1
683	424	1
683	425	1
683	427	1
683	429	1
683	430	1
683	432	1
683	434	1
683	436	1
683	437	1
683	439	1
683	440	1
683	441	1
683	444	1
683	445	1
683	446	1
683	449	1
683	450	1
683	451	1
683	452	1
683	453	1
683	454	1
683	456	1
683	457	1
683	458	1
683	459	1
683	461	1
683	462	1
683	463	1
683	464	1
683	465	1
683	467	1
684	74	1
684	176	1
684	199	1
684	234	1
684	238	1
684	243	1
684	248	1
684	257	1
684	258	1
684	276	1
684	282	1
684	286	1
684	290	1
684	297	1
684	302	1
684	305	1
684	306	1
684	308	1
684	311	1
684	313	1
684	318	1
684	328	1
684	330	1
684	334	1
684	338	1
684	339	1
684	341	1
684	343	1
684	346	1
684	348	1
684	349	1
684	350	1
684	351	1
684	352	1
684	354	1
684	358	1
684	361	1
684	363	1
684	364	1
684	367	1
684	368	1
684	369	1
684	371	1
684	373	1
684	375	1
684	379	1
684	380	1
684	384	1
684	385	1
684	389	1
684	395	1
684	396	1
684	397	1
684	399	1
684	401	1
684	402	1
684	403	1
684	407	1
684	408	1
684	411	1
684	412	1
684	413	1
684	414	1
684	415	1
684	417	1
684	419	1
684	420	1
684	421	1
684	422	1
684	424	1
684	425	1
684	426	1
684	427	1
684	430	1
684	431	1
684	432	1
684	433	1
684	434	1
684	436	1
684	437	1
684	438	1
684	439	1
684	443	1
684	444	1
684	447	1
684	448	1
684	449	1
684	450	1
684	451	1
684	452	1
684	453	1
684	454	1
684	455	1
684	456	1
684	457	1
684	458	1
684	459	1
684	460	1
684	462	1
684	463	1
684	464	1
684	467	1
685	37	1
685	81	1
685	142	1
685	195	1
685	222	1
685	227	1
685	252	1
685	273	1
685	293	1
685	304	1
685	305	1
685	308	1
685	321	1
685	325	1
685	331	1
685	333	1
685	336	1
685	337	1
685	338	1
685	341	1
685	342	1
685	345	1
685	346	1
685	353	1
685	354	1
685	356	1
685	358	1
685	359	1
685	360	1
685	362	1
685	364	1
685	365	1
685	366	1
685	367	1
685	370	1
685	371	1
685	374	1
685	377	1
685	379	1
685	381	1
685	382	1
685	385	1
685	386	1
685	387	1
685	388	1
685	391	1
685	392	1
685	395	1
685	398	1
685	399	1
685	400	1
685	401	1
685	403	1
685	404	1
685	406	1
685	408	1
685	410	1
685	411	1
685	413	1
685	414	1
685	415	1
685	417	1
685	419	1
685	420	1
685	422	1
685	423	1
685	424	1
685	425	1
685	428	1
685	429	1
685	430	1
685	432	1
685	433	1
685	435	1
685	436	1
685	437	1
685	438	1
685	441	1
685	442	1
685	443	1
685	444	1
685	445	1
685	446	1
685	447	1
685	448	1
685	449	1
685	450	1
685	451	1
685	453	1
685	454	1
685	455	1
685	456	1
685	457	1
685	459	1
685	460	1
685	461	1
685	462	1
685	463	1
685	464	1
685	465	1
685	466	1
685	467	1
686	65	1
686	74	1
686	218	1
686	255	1
686	272	1
686	274	1
686	281	1
686	295	1
686	298	1
686	310	1
686	312	1
686	313	1
686	318	1
686	321	1
686	325	1
686	327	1
686	332	1
686	340	1
686	341	1
686	342	1
686	345	1
686	347	1
686	349	1
686	352	1
686	355	1
686	362	1
686	363	1
686	365	1
686	366	1
686	369	1
686	372	1
686	373	1
686	374	1
686	377	1
686	379	1
686	382	1
686	383	1
686	385	1
686	390	1
686	392	1
686	393	1
686	394	1
686	395	1
686	396	1
686	397	1
686	398	1
686	400	1
686	401	1
686	402	1
686	403	1
686	404	1
686	406	1
686	407	1
686	408	1
686	409	1
686	410	1
686	412	1
686	413	1
686	414	1
686	416	1
686	417	1
686	418	1
686	419	1
686	420	1
686	422	1
686	423	1
686	424	1
686	425	1
686	426	1
686	427	1
686	429	1
686	430	1
686	431	1
686	432	1
686	433	1
686	435	1
686	437	1
686	438	1
686	439	1
686	442	1
686	443	1
686	444	1
686	445	1
686	446	1
686	447	1
686	448	1
686	449	1
686	451	1
686	452	1
686	453	1
686	455	1
686	456	1
686	457	1
686	458	1
686	459	1
686	460	1
686	461	1
686	462	1
686	463	1
686	465	1
686	466	1
686	467	1
687	175	1
687	211	1
687	214	1
687	217	1
687	226	1
687	228	1
687	239	1
687	261	1
687	264	1
687	284	1
687	287	1
687	289	1
687	294	1
687	295	1
687	297	1
687	303	1
687	306	1
687	307	1
687	313	1
687	319	1
687	325	1
687	327	1
687	331	1
687	332	1
687	337	1
687	343	1
687	345	1
687	346	1
687	347	1
687	350	1
687	354	1
687	357	1
687	358	1
687	361	1
687	366	1
687	368	1
687	372	1
687	374	1
687	375	1
687	379	1
687	380	1
687	381	1
687	382	1
687	385	1
687	386	1
687	387	1
687	388	1
687	389	1
687	390	1
687	392	1
687	393	1
687	394	1
687	398	1
687	399	1
687	402	1
687	406	1
687	408	1
687	409	1
687	410	1
687	412	1
687	413	1
687	415	1
687	416	1
687	418	1
687	420	1
687	422	1
687	423	1
687	424	1
687	426	1
687	428	1
687	430	1
687	431	1
687	433	1
687	434	1
687	435	1
687	436	1
687	438	1
687	439	1
687	441	1
687	442	1
687	443	1
687	444	1
687	445	1
687	447	1
687	449	1
687	450	1
687	452	1
687	453	1
687	454	1
687	455	1
687	456	1
687	457	1
687	458	1
687	459	1
687	460	1
687	461	1
687	462	1
687	463	1
687	464	1
687	465	1
687	466	1
687	467	1
688	135	1
688	148	1
688	156	1
688	158	1
688	176	1
688	223	1
688	249	1
688	259	1
688	263	1
688	272	1
688	273	1
688	283	1
688	292	1
688	298	1
688	302	1
688	303	1
688	305	1
688	306	1
688	310	1
688	317	1
688	320	1
688	324	1
688	325	1
688	332	1
688	333	1
688	334	1
688	335	1
688	336	1
688	337	1
688	338	1
688	339	1
688	344	1
688	347	1
688	349	1
688	355	1
688	356	1
688	358	1
688	361	1
688	365	1
688	366	1
688	369	1
688	370	1
688	372	1
688	373	1
688	375	1
688	379	1
688	382	1
688	383	1
688	385	1
688	386	1
688	387	1
688	388	1
688	391	1
688	393	1
688	395	1
688	396	1
688	401	1
688	405	1
688	406	1
688	408	1
688	412	1
688	414	1
688	416	1
688	417	1
688	418	1
688	419	1
688	420	1
688	421	1
688	423	1
688	424	1
688	429	1
688	430	1
688	431	1
688	432	1
688	434	1
688	435	1
688	438	1
688	439	1
688	440	1
688	441	1
688	442	1
688	443	1
688	444	1
688	445	1
688	446	1
688	447	1
688	448	1
688	449	1
688	450	1
688	451	1
688	454	1
688	455	1
688	456	1
688	457	1
688	458	1
688	459	1
688	460	1
688	461	1
688	462	1
688	463	1
688	464	1
688	467	1
689	139	1
689	162	1
689	184	1
689	188	1
689	196	1
689	242	1
689	251	1
689	256	1
689	281	1
689	284	1
689	293	1
689	299	1
689	301	1
689	305	1
689	325	1
689	327	1
689	328	1
689	331	1
689	335	1
689	339	1
689	341	1
689	343	1
689	346	1
689	348	1
689	349	1
689	350	1
689	351	1
689	355	1
689	361	1
689	362	1
689	364	1
689	365	1
689	368	1
689	371	1
689	372	1
689	373	1
689	376	1
689	379	1
689	380	1
689	381	1
689	383	1
689	387	1
689	388	1
689	389	1
689	391	1
689	392	1
689	393	1
689	395	1
689	398	1
689	399	1
689	400	1
689	402	1
689	405	1
689	406	1
689	407	1
689	408	1
689	409	1
689	410	1
689	411	1
689	412	1
689	413	1
689	417	1
689	419	1
689	420	1
689	422	1
689	423	1
689	424	1
689	425	1
689	426	1
689	429	1
689	433	1
689	434	1
689	435	1
689	436	1
689	437	1
689	438	1
689	440	1
689	442	1
689	443	1
689	444	1
689	445	1
689	446	1
689	448	1
689	449	1
689	450	1
689	451	1
689	452	1
689	453	1
689	454	1
689	455	1
689	456	1
689	457	1
689	458	1
689	459	1
689	460	1
689	461	1
689	462	1
689	463	1
689	464	1
689	465	1
689	466	1
689	467	1
690	196	1
690	209	1
690	218	1
690	228	1
690	229	1
690	234	1
690	248	1
690	257	1
690	258	1
690	264	1
690	268	1
690	276	1
690	281	1
690	297	1
690	302	1
690	307	1
690	310	1
690	315	1
690	323	1
690	337	1
690	338	1
690	344	1
690	346	1
690	347	1
690	354	1
690	357	1
690	358	1
690	360	1
690	362	1
690	363	1
690	365	1
690	368	1
690	369	1
690	370	1
690	371	1
690	374	1
690	375	1
690	378	1
690	379	1
690	382	1
690	383	1
690	384	1
690	387	1
690	390	1
690	391	1
690	392	1
690	398	1
690	399	1
690	401	1
690	402	1
690	403	1
690	404	1
690	407	1
690	410	1
690	411	1
690	412	1
690	413	1
690	415	1
690	417	1
690	418	1
690	419	1
690	420	1
690	421	1
690	422	1
690	425	1
690	426	1
690	427	1
690	428	1
690	429	1
690	430	1
690	431	1
690	435	1
690	436	1
690	437	1
690	438	1
690	439	1
690	440	1
690	441	1
690	442	1
690	443	1
690	444	1
690	445	1
690	446	1
690	447	1
690	448	1
690	449	1
690	450	1
690	451	1
690	452	1
690	453	1
690	454	1
690	455	1
690	456	1
690	457	1
690	458	1
690	459	1
690	461	1
690	462	1
690	463	1
690	464	1
690	466	1
690	467	1
691	92	1
691	95	1
691	117	1
691	214	1
691	220	1
691	222	1
691	235	1
691	239	1
691	246	1
691	251	1
691	265	1
691	272	1
691	279	1
691	280	1
691	286	1
691	290	1
691	292	1
691	294	1
691	304	1
691	308	1
691	309	1
691	315	1
691	324	1
691	328	1
691	332	1
691	336	1
691	337	1
691	340	1
691	342	1
691	345	1
691	349	1
691	361	1
691	362	1
691	369	1
691	370	1
691	371	1
691	372	1
691	374	1
691	375	1
691	376	1
691	378	1
691	379	1
691	380	1
691	381	1
691	383	1
691	384	1
691	385	1
691	387	1
691	389	1
691	390	1
691	391	1
691	393	1
691	397	1
691	401	1
691	402	1
691	404	1
691	405	1
691	406	1
691	408	1
691	409	1
691	410	1
691	411	1
691	412	1
691	414	1
691	415	1
691	416	1
691	417	1
691	418	1
691	419	1
691	420	1
691	421	1
691	423	1
691	424	1
691	427	1
691	428	1
691	434	1
691	435	1
691	436	1
691	437	1
691	438	1
691	439	1
691	440	1
691	441	1
691	442	1
691	443	1
691	444	1
691	446	1
691	448	1
691	449	1
691	451	1
691	453	1
691	454	1
691	455	1
691	457	1
691	458	1
691	459	1
691	461	1
691	462	1
691	463	1
691	464	1
691	465	1
691	467	1
692	159	1
692	204	1
692	212	1
692	225	1
692	235	1
692	243	1
692	251	1
692	272	1
692	279	1
692	286	1
692	287	1
692	294	1
692	298	1
692	303	1
692	305	1
692	306	1
692	308	1
692	311	1
692	315	1
692	319	1
692	323	1
692	331	1
692	333	1
692	334	1
692	337	1
692	339	1
692	345	1
692	346	1
692	347	1
692	348	1
692	349	1
692	352	1
692	353	1
692	354	1
692	356	1
692	357	1
692	358	1
692	361	1
692	362	1
692	364	1
692	368	1
692	371	1
692	374	1
692	380	1
692	381	1
692	383	1
692	384	1
692	385	1
692	390	1
692	391	1
692	395	1
692	399	1
692	405	1
692	407	1
692	408	1
692	409	1
692	410	1
692	411	1
692	413	1
692	415	1
692	416	1
692	418	1
692	419	1
692	420	1
692	422	1
692	423	1
692	424	1
692	426	1
692	427	1
692	429	1
692	430	1
692	432	1
692	433	1
692	434	1
692	435	1
692	436	1
692	437	1
692	438	1
692	439	1
692	440	1
692	442	1
692	443	1
692	444	1
692	445	1
692	446	1
692	447	1
692	448	1
692	450	1
692	451	1
692	452	1
692	453	1
692	455	1
692	456	1
692	458	1
692	459	1
692	461	1
692	462	1
692	463	1
692	464	1
692	465	1
692	467	1
693	53	1
693	132	1
693	162	1
693	180	1
693	227	1
693	230	1
693	231	1
693	269	1
693	270	1
693	275	1
693	277	1
693	282	1
693	284	1
693	285	1
693	288	1
693	298	1
693	303	1
693	309	1
693	316	1
693	320	1
693	322	1
693	332	1
693	333	1
693	334	1
693	337	1
693	339	1
693	340	1
693	341	1
693	342	1
693	350	1
693	355	1
693	356	1
693	360	1
693	366	1
693	368	1
693	369	1
693	371	1
693	372	1
693	375	1
693	377	1
693	378	1
693	379	1
693	381	1
693	384	1
693	385	1
693	386	1
693	388	1
693	390	1
693	391	1
693	393	1
693	394	1
693	395	1
693	396	1
693	397	1
693	401	1
693	402	1
693	404	1
693	406	1
693	407	1
693	408	1
693	409	1
693	411	1
693	412	1
693	413	1
693	414	1
693	415	1
693	418	1
693	419	1
693	421	1
693	423	1
693	425	1
693	429	1
693	432	1
693	433	1
693	434	1
693	435	1
693	436	1
693	438	1
693	440	1
693	441	1
693	442	1
693	443	1
693	445	1
693	446	1
693	447	1
693	448	1
693	449	1
693	450	1
693	451	1
693	452	1
693	453	1
693	454	1
693	455	1
693	456	1
693	457	1
693	458	1
693	459	1
693	460	1
693	461	1
693	464	1
693	465	1
693	466	1
694	48	1
694	66	1
694	78	1
694	94	1
694	164	1
694	189	1
694	210	1
694	228	1
694	230	1
694	246	1
694	251	1
694	272	1
694	293	1
694	299	1
694	302	1
694	308	1
694	309	1
694	311	1
694	314	1
694	318	1
694	321	1
694	322	1
694	323	1
694	327	1
694	334	1
694	335	1
694	336	1
694	345	1
694	346	1
694	349	1
694	353	1
694	355	1
694	359	1
694	360	1
694	362	1
694	364	1
694	366	1
694	367	1
694	369	1
694	372	1
694	373	1
694	375	1
694	376	1
694	382	1
694	383	1
694	384	1
694	385	1
694	386	1
694	390	1
694	392	1
694	396	1
694	397	1
694	399	1
694	400	1
694	402	1
694	404	1
694	405	1
694	406	1
694	407	1
694	409	1
694	410	1
694	414	1
694	415	1
694	416	1
694	417	1
694	418	1
694	419	1
694	420	1
694	422	1
694	423	1
694	425	1
694	426	1
694	427	1
694	428	1
694	431	1
694	432	1
694	433	1
694	434	1
694	435	1
694	438	1
694	440	1
694	441	1
694	443	1
694	445	1
694	447	1
694	449	1
694	450	1
694	451	1
694	452	1
694	453	1
694	454	1
694	455	1
694	456	1
694	458	1
694	459	1
694	460	1
694	461	1
694	463	1
694	464	1
694	465	1
694	466	1
694	467	1
695	169	1
695	171	1
695	211	1
695	216	1
695	225	1
695	255	1
695	263	1
695	270	1
695	271	1
695	272	1
695	275	1
695	286	1
695	295	1
695	296	1
695	301	1
695	304	1
695	306	1
695	307	1
695	312	1
695	316	1
695	320	1
695	322	1
695	323	1
695	325	1
695	328	1
695	329	1
695	331	1
695	332	1
695	333	1
695	334	1
695	339	1
695	346	1
695	347	1
695	348	1
695	349	1
695	355	1
695	356	1
695	359	1
695	365	1
695	366	1
695	369	1
695	370	1
695	371	1
695	372	1
695	375	1
695	380	1
695	383	1
695	384	1
695	385	1
695	387	1
695	391	1
695	392	1
695	393	1
695	395	1
695	396	1
695	399	1
695	400	1
695	401	1
695	402	1
695	404	1
695	406	1
695	409	1
695	411	1
695	412	1
695	415	1
695	416	1
695	417	1
695	418	1
695	420	1
695	423	1
695	424	1
695	426	1
695	427	1
695	428	1
695	429	1
695	431	1
695	433	1
695	434	1
695	435	1
695	436	1
695	437	1
695	438	1
695	439	1
695	440	1
695	441	1
695	442	1
695	444	1
695	445	1
695	446	1
695	447	1
695	450	1
695	452	1
695	456	1
695	458	1
695	459	1
695	460	1
695	461	1
695	463	1
695	464	1
695	465	1
695	466	1
695	467	1
696	102	1
696	103	1
696	105	1
696	124	1
696	155	1
696	156	1
696	224	1
696	248	1
696	254	1
696	261	1
696	263	1
696	267	1
696	286	1
696	290	1
696	291	1
696	297	1
696	302	1
696	306	1
696	308	1
696	309	1
696	310	1
696	311	1
696	317	1
696	318	1
696	319	1
696	322	1
696	324	1
696	329	1
696	333	1
696	334	1
696	335	1
696	338	1
696	339	1
696	341	1
696	343	1
696	344	1
696	349	1
696	350	1
696	351	1
696	371	1
696	372	1
696	373	1
696	374	1
696	380	1
696	381	1
696	386	1
696	387	1
696	389	1
696	391	1
696	392	1
696	396	1
696	398	1
696	399	1
696	403	1
696	407	1
696	409	1
696	410	1
696	414	1
696	415	1
696	416	1
696	417	1
696	418	1
696	419	1
696	420	1
696	421	1
696	424	1
696	425	1
696	426	1
696	427	1
696	428	1
696	432	1
696	433	1
696	434	1
696	435	1
696	436	1
696	437	1
696	438	1
696	439	1
696	441	1
696	442	1
696	444	1
696	445	1
696	446	1
696	447	1
696	448	1
696	449	1
696	450	1
696	451	1
696	452	1
696	453	1
696	454	1
696	455	1
696	456	1
696	457	1
696	458	1
696	459	1
696	461	1
696	462	1
696	463	1
696	464	1
696	466	1
696	467	1
697	29	1
697	64	1
697	136	1
697	164	1
697	190	1
697	202	1
697	230	1
697	237	1
697	249	1
697	265	1
697	270	1
697	273	1
697	274	1
697	280	1
697	286	1
697	292	1
697	295	1
697	307	1
697	315	1
697	321	1
697	326	1
697	328	1
697	332	1
697	335	1
697	337	1
697	340	1
697	345	1
697	346	1
697	352	1
697	354	1
697	355	1
697	356	1
697	358	1
697	360	1
697	362	1
697	363	1
697	364	1
697	366	1
697	369	1
697	373	1
697	375	1
697	377	1
697	378	1
697	379	1
697	380	1
697	385	1
697	386	1
697	387	1
697	388	1
697	390	1
697	391	1
697	392	1
697	393	1
697	394	1
697	395	1
697	396	1
697	399	1
697	402	1
697	407	1
697	408	1
697	410	1
697	411	1
697	413	1
697	414	1
697	415	1
697	416	1
697	419	1
697	420	1
697	421	1
697	423	1
697	425	1
697	426	1
697	427	1
697	429	1
697	430	1
697	431	1
697	436	1
697	437	1
697	438	1
697	440	1
697	441	1
697	442	1
697	443	1
697	444	1
697	446	1
697	447	1
697	448	1
697	450	1
697	451	1
697	452	1
697	453	1
697	454	1
697	455	1
697	456	1
697	457	1
697	459	1
697	460	1
697	461	1
697	462	1
697	463	1
697	464	1
697	465	1
698	100	1
698	144	1
698	209	1
698	232	1
698	255	1
698	262	1
698	270	1
698	272	1
698	273	1
698	277	1
698	278	1
698	281	1
698	282	1
698	284	1
698	288	1
698	289	1
698	293	1
698	298	1
698	300	1
698	310	1
698	314	1
698	319	1
698	322	1
698	325	1
698	336	1
698	337	1
698	340	1
698	343	1
698	345	1
698	346	1
698	349	1
698	353	1
698	356	1
698	357	1
698	359	1
698	361	1
698	368	1
698	369	1
698	371	1
698	374	1
698	377	1
698	382	1
698	384	1
698	385	1
698	387	1
698	389	1
698	391	1
698	392	1
698	393	1
698	396	1
698	400	1
698	402	1
698	406	1
698	408	1
698	409	1
698	410	1
698	411	1
698	412	1
698	414	1
698	415	1
698	416	1
698	419	1
698	420	1
698	421	1
698	423	1
698	424	1
698	426	1
698	427	1
698	428	1
698	430	1
698	431	1
698	433	1
698	434	1
698	435	1
698	436	1
698	437	1
698	438	1
698	439	1
698	441	1
698	443	1
698	444	1
698	445	1
698	446	1
698	447	1
698	448	1
698	449	1
698	451	1
698	452	1
698	453	1
698	454	1
698	455	1
698	456	1
698	458	1
698	459	1
698	460	1
698	461	1
698	462	1
698	463	1
698	464	1
698	465	1
698	466	1
698	467	1
699	118	1
699	191	1
699	207	1
699	221	1
699	227	1
699	234	1
699	254	1
699	264	1
699	267	1
699	270	1
699	282	1
699	284	1
699	287	1
699	295	1
699	302	1
699	305	1
699	310	1
699	311	1
699	314	1
699	316	1
699	332	1
699	336	1
699	337	1
699	339	1
699	341	1
699	343	1
699	344	1
699	348	1
699	356	1
699	359	1
699	360	1
699	361	1
699	363	1
699	373	1
699	374	1
699	379	1
699	380	1
699	381	1
699	382	1
699	383	1
699	384	1
699	385	1
699	390	1
699	392	1
699	394	1
699	397	1
699	398	1
699	399	1
699	400	1
699	401	1
699	403	1
699	406	1
699	407	1
699	409	1
699	410	1
699	411	1
699	413	1
699	415	1
699	418	1
699	419	1
699	420	1
699	421	1
699	422	1
699	423	1
699	424	1
699	425	1
699	426	1
699	427	1
699	428	1
699	429	1
699	430	1
699	431	1
699	432	1
699	433	1
699	434	1
699	435	1
699	436	1
699	437	1
699	438	1
699	439	1
699	442	1
699	443	1
699	444	1
699	446	1
699	447	1
699	448	1
699	449	1
699	451	1
699	452	1
699	453	1
699	454	1
699	455	1
699	456	1
699	457	1
699	458	1
699	460	1
699	461	1
699	462	1
699	463	1
699	464	1
699	465	1
699	467	1
700	60	1
700	65	1
700	71	1
700	143	1
700	158	1
700	182	1
700	183	1
700	195	1
700	207	1
700	208	1
700	224	1
700	245	1
700	246	1
700	257	1
700	271	1
700	275	1
700	279	1
700	283	1
700	287	1
700	295	1
700	300	1
700	304	1
700	311	1
700	314	1
700	320	1
700	323	1
700	332	1
700	337	1
700	347	1
700	351	1
700	353	1
700	354	1
700	355	1
700	358	1
700	360	1
700	361	1
700	368	1
700	371	1
700	373	1
700	375	1
700	376	1
700	377	1
700	378	1
700	381	1
700	382	1
700	391	1
700	395	1
700	396	1
700	398	1
700	399	1
700	400	1
700	401	1
700	404	1
700	406	1
700	409	1
700	410	1
700	412	1
700	413	1
700	415	1
700	416	1
700	417	1
700	418	1
700	421	1
700	422	1
700	423	1
700	424	1
700	425	1
700	426	1
700	427	1
700	428	1
700	429	1
700	430	1
700	432	1
700	435	1
700	436	1
700	437	1
700	438	1
700	440	1
700	441	1
700	443	1
700	444	1
700	445	1
700	446	1
700	447	1
700	449	1
700	450	1
700	451	1
700	452	1
700	453	1
700	454	1
700	455	1
700	456	1
700	457	1
700	458	1
700	459	1
700	460	1
700	462	1
700	463	1
700	464	1
700	465	1
700	466	1
700	467	1
701	24	1
701	124	1
701	145	1
701	164	1
701	204	1
701	232	1
701	238	1
701	258	1
701	265	1
701	274	1
701	283	1
701	285	1
701	286	1
701	292	1
701	299	1
701	303	1
701	307	1
701	317	1
701	318	1
701	320	1
701	325	1
701	326	1
701	328	1
701	331	1
701	334	1
701	335	1
701	340	1
701	345	1
701	349	1
701	351	1
701	353	1
701	355	1
701	357	1
701	359	1
701	361	1
701	362	1
701	363	1
701	364	1
701	365	1
701	366	1
701	371	1
701	374	1
701	376	1
701	380	1
701	381	1
701	382	1
701	384	1
701	392	1
701	393	1
701	394	1
701	395	1
701	398	1
701	400	1
701	401	1
701	403	1
701	405	1
701	406	1
701	408	1
701	413	1
701	417	1
701	419	1
701	420	1
701	421	1
701	423	1
701	424	1
701	425	1
701	426	1
701	427	1
701	428	1
701	429	1
701	431	1
701	432	1
701	433	1
701	434	1
701	436	1
701	437	1
701	438	1
701	439	1
701	440	1
701	441	1
701	443	1
701	444	1
701	445	1
701	446	1
701	448	1
701	449	1
701	450	1
701	453	1
701	454	1
701	455	1
701	456	1
701	457	1
701	458	1
701	459	1
701	460	1
701	461	1
701	462	1
701	463	1
701	464	1
701	465	1
701	466	1
701	467	1
702	22	1
702	121	1
702	140	1
702	152	1
702	247	1
702	254	1
702	272	1
702	273	1
702	277	1
702	282	1
702	293	1
702	299	1
702	301	1
702	306	1
702	307	1
702	315	1
702	316	1
702	321	1
702	323	1
702	331	1
702	332	1
702	333	1
702	334	1
702	338	1
702	339	1
702	342	1
702	346	1
702	347	1
702	349	1
702	352	1
702	359	1
702	360	1
702	364	1
702	366	1
702	367	1
702	370	1
702	372	1
702	373	1
702	375	1
702	379	1
702	381	1
702	382	1
702	383	1
702	389	1
702	390	1
702	391	1
702	393	1
702	394	1
702	398	1
702	400	1
702	401	1
702	403	1
702	404	1
702	405	1
702	408	1
702	410	1
702	411	1
702	412	1
702	413	1
702	416	1
702	417	1
702	418	1
702	419	1
702	420	1
702	421	1
702	422	1
702	424	1
702	425	1
702	428	1
702	429	1
702	430	1
702	431	1
702	432	1
702	433	1
702	435	1
702	437	1
702	438	1
702	439	1
702	441	1
702	443	1
702	444	1
702	445	1
702	446	1
702	447	1
702	448	1
702	449	1
702	450	1
702	451	1
702	453	1
702	454	1
702	455	1
702	456	1
702	457	1
702	458	1
702	459	1
702	460	1
702	462	1
702	463	1
702	464	1
702	465	1
702	466	1
702	467	1
703	107	1
703	224	1
703	232	1
703	243	1
703	244	1
703	250	1
703	253	1
703	261	1
703	268	1
703	272	1
703	273	1
703	279	1
703	288	1
703	290	1
703	291	1
703	298	1
703	313	1
703	324	1
703	329	1
703	331	1
703	339	1
703	343	1
703	345	1
703	351	1
703	352	1
703	354	1
703	355	1
703	356	1
703	357	1
703	358	1
703	359	1
703	360	1
703	361	1
703	362	1
703	363	1
703	364	1
703	365	1
703	368	1
703	369	1
703	372	1
703	374	1
703	375	1
703	376	1
703	380	1
703	381	1
703	382	1
703	383	1
703	385	1
703	386	1
703	387	1
703	388	1
703	389	1
703	394	1
703	395	1
703	396	1
703	397	1
703	398	1
703	399	1
703	401	1
703	403	1
703	408	1
703	409	1
703	410	1
703	413	1
703	414	1
703	415	1
703	417	1
703	418	1
703	421	1
703	422	1
703	423	1
703	424	1
703	426	1
703	429	1
703	430	1
703	431	1
703	439	1
703	440	1
703	441	1
703	442	1
703	443	1
703	444	1
703	445	1
703	447	1
703	448	1
703	449	1
703	450	1
703	451	1
703	452	1
703	453	1
703	454	1
703	455	1
703	456	1
703	457	1
703	458	1
703	459	1
703	461	1
703	462	1
703	463	1
703	464	1
703	467	1
704	91	1
704	181	1
704	198	1
704	238	1
704	254	1
704	264	1
704	275	1
704	288	1
704	290	1
704	296	1
704	301	1
704	305	1
704	309	1
704	311	1
704	318	1
704	325	1
704	327	1
704	330	1
704	331	1
704	332	1
704	334	1
704	341	1
704	343	1
704	344	1
704	347	1
704	348	1
704	349	1
704	351	1
704	353	1
704	354	1
704	355	1
704	360	1
704	362	1
704	363	1
704	365	1
704	367	1
704	368	1
704	370	1
704	377	1
704	379	1
704	383	1
704	384	1
704	385	1
704	386	1
704	387	1
704	388	1
704	390	1
704	393	1
704	394	1
704	395	1
704	396	1
704	397	1
704	399	1
704	402	1
704	403	1
704	405	1
704	406	1
704	407	1
704	408	1
704	411	1
704	413	1
704	414	1
704	415	1
704	416	1
704	418	1
704	419	1
704	420	1
704	421	1
704	423	1
704	425	1
704	426	1
704	427	1
704	428	1
704	429	1
704	430	1
704	432	1
704	433	1
704	434	1
704	437	1
704	438	1
704	439	1
704	441	1
704	442	1
704	443	1
704	444	1
704	445	1
704	446	1
704	447	1
704	448	1
704	449	1
704	450	1
704	456	1
704	457	1
704	459	1
704	460	1
704	461	1
704	462	1
704	463	1
704	464	1
704	465	1
704	466	1
704	467	1
705	58	1
705	72	1
705	118	1
705	185	1
705	220	1
705	222	1
705	267	1
705	270	1
705	271	1
705	280	1
705	284	1
705	285	1
705	287	1
705	291	1
705	296	1
705	298	1
705	300	1
705	303	1
705	306	1
705	311	1
705	314	1
705	317	1
705	323	1
705	324	1
705	335	1
705	337	1
705	338	1
705	348	1
705	349	1
705	352	1
705	353	1
705	354	1
705	355	1
705	358	1
705	360	1
705	362	1
705	364	1
705	365	1
705	366	1
705	370	1
705	371	1
705	372	1
705	374	1
705	376	1
705	377	1
705	384	1
705	385	1
705	387	1
705	388	1
705	389	1
705	390	1
705	391	1
705	392	1
705	393	1
705	395	1
705	397	1
705	399	1
705	400	1
705	403	1
705	404	1
705	405	1
705	407	1
705	408	1
705	409	1
705	410	1
705	411	1
705	413	1
705	414	1
705	415	1
705	416	1
705	419	1
705	420	1
705	423	1
705	426	1
705	427	1
705	430	1
705	432	1
705	434	1
705	437	1
705	438	1
705	439	1
705	441	1
705	442	1
705	443	1
705	445	1
705	446	1
705	447	1
705	450	1
705	451	1
705	452	1
705	455	1
705	456	1
705	457	1
705	458	1
705	459	1
705	460	1
705	462	1
705	463	1
705	464	1
705	465	1
705	466	1
705	467	1
706	92	1
706	108	1
706	235	1
706	239	1
706	241	1
706	244	1
706	250	1
706	275	1
706	276	1
706	280	1
706	291	1
706	294	1
706	298	1
706	299	1
706	304	1
706	306	1
706	308	1
706	309	1
706	313	1
706	317	1
706	320	1
706	323	1
706	331	1
706	337	1
706	338	1
706	341	1
706	343	1
706	344	1
706	345	1
706	347	1
706	349	1
706	352	1
706	359	1
706	362	1
706	363	1
706	366	1
706	368	1
706	369	1
706	372	1
706	373	1
706	374	1
706	378	1
706	381	1
706	382	1
706	385	1
706	387	1
706	388	1
706	391	1
706	393	1
706	394	1
706	396	1
706	398	1
706	399	1
706	401	1
706	402	1
706	404	1
706	405	1
706	406	1
706	407	1
706	410	1
706	411	1
706	412	1
706	413	1
706	416	1
706	417	1
706	418	1
706	424	1
706	425	1
706	426	1
706	428	1
706	429	1
706	430	1
706	431	1
706	433	1
706	434	1
706	437	1
706	438	1
706	440	1
706	441	1
706	442	1
706	443	1
706	444	1
706	445	1
706	446	1
706	447	1
706	448	1
706	449	1
706	451	1
706	452	1
706	453	1
706	454	1
706	455	1
706	456	1
706	458	1
706	459	1
706	461	1
706	462	1
706	463	1
706	464	1
706	465	1
706	466	1
706	467	1
707	147	1
707	148	1
707	174	1
707	188	1
707	208	1
707	230	1
707	232	1
707	244	1
707	262	1
707	267	1
707	277	1
707	278	1
707	289	1
707	291	1
707	293	1
707	300	1
707	302	1
707	306	1
707	309	1
707	314	1
707	315	1
707	318	1
707	319	1
707	326	1
707	329	1
707	330	1
707	337	1
707	338	1
707	343	1
707	345	1
707	348	1
707	353	1
707	356	1
707	357	1
707	358	1
707	362	1
707	364	1
707	366	1
707	367	1
707	368	1
707	369	1
707	373	1
707	375	1
707	377	1
707	379	1
707	380	1
707	383	1
707	384	1
707	385	1
707	386	1
707	389	1
707	390	1
707	391	1
707	392	1
707	393	1
707	394	1
707	397	1
707	398	1
707	400	1
707	401	1
707	402	1
707	403	1
707	405	1
707	407	1
707	409	1
707	410	1
707	416	1
707	417	1
707	418	1
707	419	1
707	420	1
707	422	1
707	423	1
707	425	1
707	426	1
707	427	1
707	428	1
707	429	1
707	431	1
707	432	1
707	433	1
707	434	1
707	435	1
707	437	1
707	440	1
707	443	1
707	444	1
707	445	1
707	446	1
707	447	1
707	449	1
707	450	1
707	451	1
707	452	1
707	455	1
707	458	1
707	459	1
707	460	1
707	461	1
707	465	1
707	466	1
707	467	1
708	26	1
708	64	1
708	72	1
708	91	1
708	170	1
708	190	1
708	207	1
708	238	1
708	252	1
708	272	1
708	275	1
708	281	1
708	295	1
708	302	1
708	312	1
708	315	1
708	322	1
708	323	1
708	325	1
708	326	1
708	329	1
708	330	1
708	333	1
708	338	1
708	340	1
708	342	1
708	348	1
708	351	1
708	353	1
708	355	1
708	358	1
708	362	1
708	363	1
708	367	1
708	368	1
708	374	1
708	376	1
708	377	1
708	379	1
708	381	1
708	383	1
708	385	1
708	386	1
708	392	1
708	394	1
708	395	1
708	397	1
708	399	1
708	400	1
708	402	1
708	404	1
708	405	1
708	406	1
708	407	1
708	410	1
708	411	1
708	412	1
708	413	1
708	415	1
708	416	1
708	418	1
708	419	1
708	420	1
708	421	1
708	422	1
708	424	1
708	425	1
708	426	1
708	427	1
708	429	1
708	430	1
708	431	1
708	432	1
708	433	1
708	434	1
708	435	1
708	437	1
708	438	1
708	439	1
708	440	1
708	441	1
708	443	1
708	444	1
708	445	1
708	446	1
708	447	1
708	448	1
708	449	1
708	450	1
708	451	1
708	452	1
708	455	1
708	456	1
708	457	1
708	458	1
708	460	1
708	461	1
708	462	1
708	463	1
708	464	1
708	465	1
708	466	1
709	208	1
709	234	1
709	242	1
709	244	1
709	261	1
709	278	1
709	281	1
709	290	1
709	293	1
709	301	1
709	305	1
709	308	1
709	309	1
709	310	1
709	316	1
709	320	1
709	321	1
709	327	1
709	328	1
709	331	1
709	334	1
709	339	1
709	340	1
709	344	1
709	350	1
709	351	1
709	352	1
709	353	1
709	354	1
709	356	1
709	359	1
709	362	1
709	363	1
709	366	1
709	368	1
709	370	1
709	371	1
709	372	1
709	373	1
709	375	1
709	376	1
709	380	1
709	381	1
709	384	1
709	388	1
709	389	1
709	392	1
709	393	1
709	394	1
709	396	1
709	397	1
709	398	1
709	399	1
709	400	1
709	401	1
709	402	1
709	403	1
709	406	1
709	411	1
709	413	1
709	414	1
709	416	1
709	417	1
709	418	1
709	419	1
709	420	1
709	422	1
709	423	1
709	425	1
709	427	1
709	428	1
709	429	1
709	432	1
709	433	1
709	434	1
709	436	1
709	437	1
709	438	1
709	439	1
709	440	1
709	441	1
709	442	1
709	443	1
709	446	1
709	447	1
709	448	1
709	449	1
709	450	1
709	451	1
709	452	1
709	453	1
709	455	1
709	456	1
709	457	1
709	458	1
709	460	1
709	461	1
709	462	1
709	463	1
709	464	1
709	465	1
709	466	1
710	6	1
710	88	1
710	93	1
710	96	1
710	111	1
710	117	1
710	127	1
710	129	1
710	137	1
710	149	1
710	153	1
710	184	1
710	213	1
710	214	1
710	223	1
710	245	1
710	248	1
710	255	1
710	274	1
710	287	1
710	288	1
710	289	1
710	295	1
710	297	1
710	300	1
710	301	1
710	302	1
710	304	1
710	325	1
710	330	1
710	340	1
710	345	1
710	348	1
710	349	1
710	353	1
710	355	1
710	356	1
710	358	1
710	363	1
710	370	1
710	372	1
710	374	1
710	378	1
710	379	1
710	380	1
710	381	1
710	385	1
710	386	1
710	388	1
710	389	1
710	393	1
710	395	1
710	396	1
710	397	1
710	398	1
710	401	1
710	404	1
710	405	1
710	408	1
710	410	1
710	413	1
710	414	1
710	415	1
710	416	1
710	417	1
710	419	1
710	420	1
710	421	1
710	424	1
710	425	1
710	426	1
710	429	1
710	430	1
710	433	1
710	437	1
710	438	1
710	440	1
710	441	1
710	442	1
710	443	1
710	444	1
710	445	1
710	446	1
710	448	1
710	449	1
710	450	1
710	451	1
710	452	1
710	453	1
710	454	1
710	456	1
710	457	1
710	458	1
710	459	1
710	460	1
710	461	1
710	462	1
710	463	1
710	464	1
710	465	1
710	466	1
710	467	1
711	48	1
711	187	1
711	201	1
711	223	1
711	256	1
711	270	1
711	275	1
711	279	1
711	294	1
711	299	1
711	302	1
711	308	1
711	310	1
711	313	1
711	314	1
711	315	1
711	320	1
711	323	1
711	326	1
711	327	1
711	330	1
711	332	1
711	335	1
711	337	1
711	339	1
711	340	1
711	343	1
711	347	1
711	349	1
711	358	1
711	359	1
711	361	1
711	365	1
711	368	1
711	369	1
711	371	1
711	372	1
711	373	1
711	375	1
711	379	1
711	381	1
711	384	1
711	385	1
711	387	1
711	388	1
711	389	1
711	390	1
711	392	1
711	393	1
711	395	1
711	396	1
711	398	1
711	399	1
711	403	1
711	404	1
711	406	1
711	407	1
711	408	1
711	409	1
711	410	1
711	412	1
711	414	1
711	416	1
711	417	1
711	418	1
711	419	1
711	420	1
711	422	1
711	423	1
711	426	1
711	427	1
711	428	1
711	429	1
711	430	1
711	431	1
711	433	1
711	435	1
711	436	1
711	437	1
711	438	1
711	439	1
711	443	1
711	444	1
711	446	1
711	447	1
711	448	1
711	449	1
711	450	1
711	451	1
711	452	1
711	453	1
711	455	1
711	457	1
711	458	1
711	459	1
711	460	1
711	462	1
711	463	1
711	464	1
711	465	1
711	466	1
711	467	1
712	40	1
712	118	1
712	141	1
712	202	1
712	219	1
712	231	1
712	239	1
712	241	1
712	253	1
712	261	1
712	266	1
712	271	1
712	280	1
712	282	1
712	288	1
712	302	1
712	304	1
712	314	1
712	317	1
712	319	1
712	321	1
712	325	1
712	326	1
712	329	1
712	332	1
712	333	1
712	334	1
712	341	1
712	343	1
712	344	1
712	347	1
712	353	1
712	357	1
712	359	1
712	360	1
712	364	1
712	365	1
712	366	1
712	367	1
712	368	1
712	369	1
712	372	1
712	373	1
712	375	1
712	377	1
712	380	1
712	382	1
712	383	1
712	385	1
712	387	1
712	388	1
712	389	1
712	390	1
712	391	1
712	393	1
712	395	1
712	396	1
712	400	1
712	401	1
712	402	1
712	404	1
712	405	1
712	406	1
712	408	1
712	415	1
712	416	1
712	418	1
712	423	1
712	426	1
712	427	1
712	429	1
712	430	1
712	432	1
712	434	1
712	436	1
712	437	1
712	438	1
712	439	1
712	440	1
712	441	1
712	442	1
712	443	1
712	444	1
712	445	1
712	448	1
712	449	1
712	450	1
712	451	1
712	453	1
712	454	1
712	455	1
712	456	1
712	457	1
712	458	1
712	459	1
712	460	1
712	461	1
712	462	1
712	463	1
712	465	1
712	466	1
712	467	1
713	34	1
713	57	1
713	157	1
713	167	1
713	187	1
713	191	1
713	195	1
713	196	1
713	227	1
713	242	1
713	253	1
713	261	1
713	265	1
713	267	1
713	272	1
713	284	1
713	287	1
713	290	1
713	292	1
713	294	1
713	297	1
713	298	1
713	302	1
713	312	1
713	318	1
713	322	1
713	324	1
713	325	1
713	328	1
713	333	1
713	334	1
713	338	1
713	339	1
713	342	1
713	343	1
713	344	1
713	357	1
713	360	1
713	363	1
713	367	1
713	369	1
713	370	1
713	372	1
713	373	1
713	377	1
713	378	1
713	379	1
713	382	1
713	383	1
713	385	1
713	391	1
713	394	1
713	396	1
713	397	1
713	398	1
713	399	1
713	400	1
713	402	1
713	403	1
713	406	1
713	409	1
713	411	1
713	413	1
713	414	1
713	415	1
713	416	1
713	417	1
713	421	1
713	422	1
713	424	1
713	425	1
713	427	1
713	428	1
713	429	1
713	430	1
713	431	1
713	432	1
713	434	1
713	437	1
713	438	1
713	440	1
713	441	1
713	444	1
713	445	1
713	446	1
713	447	1
713	449	1
713	450	1
713	451	1
713	453	1
713	454	1
713	455	1
713	457	1
713	458	1
713	459	1
713	460	1
713	462	1
713	463	1
713	464	1
713	465	1
713	466	1
713	467	1
714	83	1
714	150	1
714	202	1
714	210	1
714	211	1
714	220	1
714	246	1
714	257	1
714	258	1
714	259	1
714	261	1
714	263	1
714	266	1
714	269	1
714	272	1
714	280	1
714	286	1
714	289	1
714	294	1
714	299	1
714	305	1
714	307	1
714	309	1
714	314	1
714	317	1
714	320	1
714	327	1
714	328	1
714	336	1
714	338	1
714	340	1
714	341	1
714	342	1
714	343	1
714	346	1
714	349	1
714	350	1
714	355	1
714	357	1
714	359	1
714	360	1
714	369	1
714	374	1
714	375	1
714	378	1
714	380	1
714	381	1
714	383	1
714	385	1
714	386	1
714	388	1
714	389	1
714	392	1
714	393	1
714	395	1
714	398	1
714	402	1
714	403	1
714	404	1
714	408	1
714	411	1
714	413	1
714	414	1
714	415	1
714	416	1
714	417	1
714	418	1
714	419	1
714	423	1
714	425	1
714	428	1
714	431	1
714	432	1
714	434	1
714	435	1
714	436	1
714	437	1
714	438	1
714	439	1
714	440	1
714	441	1
714	442	1
714	443	1
714	444	1
714	446	1
714	447	1
714	450	1
714	451	1
714	453	1
714	454	1
714	455	1
714	456	1
714	457	1
714	458	1
714	459	1
714	460	1
714	462	1
714	463	1
714	464	1
714	465	1
714	466	1
714	467	1
715	38	1
715	205	1
715	211	1
715	231	1
715	235	1
715	237	1
715	238	1
715	245	1
715	257	1
715	262	1
715	266	1
715	274	1
715	276	1
715	279	1
715	281	1
715	287	1
715	289	1
715	290	1
715	292	1
715	293	1
715	306	1
715	311	1
715	312	1
715	318	1
715	320	1
715	327	1
715	331	1
715	332	1
715	333	1
715	335	1
715	339	1
715	343	1
715	346	1
715	351	1
715	352	1
715	354	1
715	357	1
715	359	1
715	360	1
715	361	1
715	363	1
715	364	1
715	366	1
715	369	1
715	370	1
715	371	1
715	375	1
715	377	1
715	379	1
715	382	1
715	385	1
715	386	1
715	387	1
715	389	1
715	392	1
715	396	1
715	398	1
715	399	1
715	400	1
715	401	1
715	406	1
715	410	1
715	411	1
715	413	1
715	416	1
715	417	1
715	418	1
715	419	1
715	421	1
715	422	1
715	423	1
715	426	1
715	427	1
715	428	1
715	429	1
715	432	1
715	433	1
715	434	1
715	435	1
715	436	1
715	439	1
715	442	1
715	444	1
715	445	1
715	446	1
715	447	1
715	450	1
715	451	1
715	452	1
715	453	1
715	454	1
715	455	1
715	457	1
715	458	1
715	459	1
715	460	1
715	461	1
715	462	1
715	464	1
715	465	1
715	466	1
715	467	1
716	82	1
716	171	1
716	206	1
716	253	1
716	254	1
716	257	1
716	259	1
716	270	1
716	272	1
716	285	1
716	290	1
716	292	1
716	294	1
716	295	1
716	296	1
716	298	1
716	300	1
716	303	1
716	307	1
716	317	1
716	318	1
716	321	1
716	322	1
716	324	1
716	331	1
716	336	1
716	337	1
716	348	1
716	350	1
716	351	1
716	352	1
716	355	1
716	356	1
716	358	1
716	359	1
716	360	1
716	364	1
716	365	1
716	367	1
716	368	1
716	370	1
716	371	1
716	375	1
716	376	1
716	377	1
716	379	1
716	382	1
716	387	1
716	389	1
716	390	1
716	400	1
716	401	1
716	403	1
716	404	1
716	405	1
716	406	1
716	407	1
716	408	1
716	409	1
716	410	1
716	413	1
716	415	1
716	416	1
716	418	1
716	421	1
716	423	1
716	425	1
716	426	1
716	429	1
716	430	1
716	431	1
716	434	1
716	435	1
716	436	1
716	437	1
716	438	1
716	440	1
716	441	1
716	442	1
716	443	1
716	444	1
716	445	1
716	446	1
716	447	1
716	448	1
716	449	1
716	450	1
716	451	1
716	452	1
716	453	1
716	454	1
716	455	1
716	456	1
716	459	1
716	460	1
716	461	1
716	462	1
716	463	1
716	464	1
716	465	1
716	466	1
716	467	1
717	19	1
717	54	1
717	76	1
717	218	1
717	229	1
717	243	1
717	250	1
717	259	1
717	261	1
717	271	1
717	290	1
717	297	1
717	300	1
717	301	1
717	302	1
717	304	1
717	305	1
717	312	1
717	314	1
717	319	1
717	320	1
717	323	1
717	324	1
717	328	1
717	329	1
717	330	1
717	332	1
717	335	1
717	337	1
717	339	1
717	341	1
717	342	1
717	344	1
717	348	1
717	349	1
717	353	1
717	356	1
717	360	1
717	362	1
717	367	1
717	368	1
717	369	1
717	371	1
717	372	1
717	374	1
717	375	1
717	377	1
717	378	1
717	382	1
717	383	1
717	384	1
717	385	1
717	387	1
717	388	1
717	398	1
717	399	1
717	401	1
717	403	1
717	405	1
717	407	1
717	409	1
717	411	1
717	412	1
717	414	1
717	415	1
717	417	1
717	418	1
717	420	1
717	421	1
717	424	1
717	426	1
717	427	1
717	428	1
717	430	1
717	431	1
717	432	1
717	433	1
717	436	1
717	437	1
717	438	1
717	439	1
717	441	1
717	443	1
717	444	1
717	445	1
717	446	1
717	448	1
717	450	1
717	452	1
717	453	1
717	454	1
717	456	1
717	458	1
717	459	1
717	460	1
717	461	1
717	462	1
717	463	1
717	464	1
717	465	1
717	466	1
717	467	1
718	95	1
718	177	1
718	179	1
718	181	1
718	185	1
718	234	1
718	237	1
718	257	1
718	258	1
718	265	1
718	274	1
718	288	1
718	295	1
718	300	1
718	307	1
718	309	1
718	314	1
718	316	1
718	322	1
718	325	1
718	329	1
718	332	1
718	338	1
718	341	1
718	342	1
718	344	1
718	345	1
718	349	1
718	351	1
718	352	1
718	355	1
718	357	1
718	358	1
718	360	1
718	361	1
718	363	1
718	364	1
718	366	1
718	367	1
718	368	1
718	372	1
718	373	1
718	376	1
718	377	1
718	378	1
718	380	1
718	381	1
718	384	1
718	386	1
718	387	1
718	388	1
718	391	1
718	392	1
718	394	1
718	396	1
718	397	1
718	398	1
718	399	1
718	403	1
718	406	1
718	407	1
718	410	1
718	413	1
718	414	1
718	415	1
718	417	1
718	418	1
718	420	1
718	421	1
718	422	1
718	423	1
718	424	1
718	425	1
718	427	1
718	428	1
718	431	1
718	432	1
718	434	1
718	435	1
718	436	1
718	437	1
718	441	1
718	442	1
718	444	1
718	446	1
718	447	1
718	449	1
718	450	1
718	451	1
718	452	1
718	454	1
718	455	1
718	457	1
718	458	1
718	459	1
718	460	1
718	461	1
718	463	1
718	464	1
718	465	1
718	466	1
718	467	1
719	16	1
719	49	1
719	69	1
719	78	1
719	129	1
719	146	1
719	201	1
719	225	1
719	236	1
719	242	1
719	250	1
719	256	1
719	263	1
719	264	1
719	268	1
719	282	1
719	283	1
719	286	1
719	290	1
719	292	1
719	293	1
719	296	1
719	300	1
719	306	1
719	308	1
719	311	1
719	313	1
719	316	1
719	324	1
719	328	1
719	336	1
719	337	1
719	343	1
719	344	1
719	345	1
719	347	1
719	350	1
719	352	1
719	353	1
719	356	1
719	360	1
719	364	1
719	367	1
719	369	1
719	372	1
719	376	1
719	377	1
719	378	1
719	379	1
719	380	1
719	381	1
719	383	1
719	384	1
719	385	1
719	386	1
719	392	1
719	396	1
719	398	1
719	399	1
719	401	1
719	404	1
719	407	1
719	408	1
719	409	1
719	410	1
719	411	1
719	412	1
719	413	1
719	415	1
719	417	1
719	418	1
719	420	1
719	421	1
719	422	1
719	423	1
719	424	1
719	425	1
719	427	1
719	428	1
719	430	1
719	431	1
719	432	1
719	433	1
719	436	1
719	438	1
719	442	1
719	446	1
719	449	1
719	450	1
719	451	1
719	452	1
719	454	1
719	456	1
719	457	1
719	458	1
719	460	1
719	461	1
719	462	1
719	463	1
719	464	1
719	465	1
719	467	1
720	65	1
720	134	1
720	148	1
720	204	1
720	209	1
720	210	1
720	246	1
720	254	1
720	255	1
720	278	1
720	283	1
720	286	1
720	289	1
720	293	1
720	294	1
720	295	1
720	302	1
720	310	1
720	317	1
720	321	1
720	324	1
720	328	1
720	331	1
720	332	1
720	335	1
720	347	1
720	349	1
720	350	1
720	351	1
720	352	1
720	355	1
720	358	1
720	362	1
720	363	1
720	369	1
720	370	1
720	371	1
720	375	1
720	376	1
720	379	1
720	381	1
720	382	1
720	383	1
720	389	1
720	391	1
720	393	1
720	394	1
720	395	1
720	396	1
720	397	1
720	398	1
720	402	1
720	404	1
720	405	1
720	406	1
720	407	1
720	409	1
720	410	1
720	411	1
720	412	1
720	414	1
720	415	1
720	416	1
720	417	1
720	420	1
720	421	1
720	423	1
720	424	1
720	425	1
720	427	1
720	430	1
720	432	1
720	433	1
720	434	1
720	435	1
720	436	1
720	437	1
720	438	1
720	441	1
720	442	1
720	443	1
720	444	1
720	447	1
720	448	1
720	449	1
720	450	1
720	451	1
720	452	1
720	454	1
720	455	1
720	456	1
720	457	1
720	458	1
720	459	1
720	460	1
720	461	1
720	462	1
720	463	1
720	464	1
720	465	1
720	466	1
720	467	1
721	25	1
721	89	1
721	178	1
721	235	1
721	251	1
721	254	1
721	268	1
721	269	1
721	279	1
721	281	1
721	288	1
721	297	1
721	304	1
721	305	1
721	307	1
721	317	1
721	318	1
721	319	1
721	322	1
721	324	1
721	325	1
721	326	1
721	327	1
721	330	1
721	331	1
721	332	1
721	344	1
721	345	1
721	348	1
721	350	1
721	351	1
721	353	1
721	360	1
721	363	1
721	364	1
721	367	1
721	371	1
721	372	1
721	377	1
721	378	1
721	379	1
721	380	1
721	382	1
721	383	1
721	387	1
721	390	1
721	391	1
721	392	1
721	393	1
721	394	1
721	397	1
721	398	1
721	400	1
721	402	1
721	403	1
721	404	1
721	406	1
721	409	1
721	411	1
721	412	1
721	413	1
721	415	1
721	416	1
721	417	1
721	418	1
721	420	1
721	421	1
721	422	1
721	423	1
721	424	1
721	425	1
721	426	1
721	427	1
721	429	1
721	430	1
721	431	1
721	433	1
721	434	1
721	435	1
721	436	1
721	437	1
721	439	1
721	441	1
721	443	1
721	444	1
721	445	1
721	446	1
721	451	1
721	452	1
721	453	1
721	454	1
721	455	1
721	456	1
721	457	1
721	459	1
721	460	1
721	461	1
721	462	1
721	463	1
721	464	1
721	465	1
721	466	1
722	39	1
722	64	1
722	83	1
722	140	1
722	167	1
722	204	1
722	208	1
722	211	1
722	214	1
722	248	1
722	264	1
722	281	1
722	288	1
722	289	1
722	291	1
722	295	1
722	300	1
722	317	1
722	319	1
722	321	1
722	330	1
722	332	1
722	334	1
722	335	1
722	336	1
722	338	1
722	344	1
722	345	1
722	352	1
722	353	1
722	356	1
722	357	1
722	365	1
722	368	1
722	369	1
722	376	1
722	377	1
722	380	1
722	381	1
722	383	1
722	384	1
722	385	1
722	386	1
722	387	1
722	388	1
722	390	1
722	393	1
722	394	1
722	398	1
722	402	1
722	403	1
722	405	1
722	406	1
722	409	1
722	410	1
722	411	1
722	412	1
722	413	1
722	414	1
722	415	1
722	417	1
722	418	1
722	419	1
722	421	1
722	422	1
722	424	1
722	425	1
722	426	1
722	427	1
722	428	1
722	429	1
722	430	1
722	431	1
722	433	1
722	434	1
722	435	1
722	436	1
722	440	1
722	441	1
722	442	1
722	443	1
722	444	1
722	446	1
722	447	1
722	448	1
722	449	1
722	450	1
722	451	1
722	452	1
722	453	1
722	454	1
722	455	1
722	456	1
722	458	1
722	459	1
722	461	1
722	462	1
722	463	1
722	464	1
722	465	1
722	466	1
722	467	1
723	56	1
723	71	1
723	137	1
723	184	1
723	207	1
723	248	1
723	291	1
723	292	1
723	299	1
723	300	1
723	304	1
723	305	1
723	308	1
723	320	1
723	322	1
723	327	1
723	329	1
723	338	1
723	341	1
723	342	1
723	343	1
723	344	1
723	346	1
723	347	1
723	348	1
723	352	1
723	356	1
723	359	1
723	360	1
723	362	1
723	370	1
723	372	1
723	373	1
723	376	1
723	377	1
723	378	1
723	379	1
723	380	1
723	381	1
723	383	1
723	384	1
723	386	1
723	387	1
723	388	1
723	389	1
723	391	1
723	392	1
723	393	1
723	394	1
723	398	1
723	399	1
723	400	1
723	401	1
723	402	1
723	403	1
723	404	1
723	405	1
723	407	1
723	408	1
723	410	1
723	411	1
723	412	1
723	413	1
723	416	1
723	419	1
723	420	1
723	421	1
723	423	1
723	424	1
723	425	1
723	426	1
723	427	1
723	428	1
723	429	1
723	430	1
723	431	1
723	432	1
723	433	1
723	434	1
723	436	1
723	437	1
723	438	1
723	443	1
723	444	1
723	446	1
723	447	1
723	448	1
723	450	1
723	452	1
723	453	1
723	454	1
723	455	1
723	456	1
723	457	1
723	458	1
723	460	1
723	461	1
723	462	1
723	463	1
723	464	1
723	465	1
723	467	1
724	139	1
724	158	1
724	199	1
724	205	1
724	213	1
724	217	1
724	220	1
724	239	1
724	248	1
724	249	1
724	268	1
724	276	1
724	278	1
724	283	1
724	284	1
724	291	1
724	294	1
724	298	1
724	300	1
724	303	1
724	311	1
724	313	1
724	317	1
724	319	1
724	320	1
724	322	1
724	323	1
724	325	1
724	326	1
724	327	1
724	335	1
724	339	1
724	348	1
724	351	1
724	352	1
724	355	1
724	356	1
724	357	1
724	358	1
724	361	1
724	362	1
724	364	1
724	371	1
724	372	1
724	376	1
724	377	1
724	378	1
724	382	1
724	386	1
724	387	1
724	388	1
724	389	1
724	392	1
724	393	1
724	395	1
724	397	1
724	398	1
724	399	1
724	401	1
724	402	1
724	405	1
724	406	1
724	407	1
724	409	1
724	415	1
724	416	1
724	417	1
724	419	1
724	420	1
724	421	1
724	422	1
724	423	1
724	425	1
724	426	1
724	428	1
724	429	1
724	432	1
724	435	1
724	438	1
724	439	1
724	441	1
724	442	1
724	443	1
724	444	1
724	445	1
724	446	1
724	447	1
724	448	1
724	449	1
724	450	1
724	453	1
724	455	1
724	456	1
724	457	1
724	459	1
724	461	1
724	462	1
724	463	1
724	464	1
724	465	1
724	466	1
724	467	1
725	10	1
725	74	1
725	76	1
725	124	1
725	145	1
725	178	1
725	184	1
725	224	1
725	226	1
725	229	1
725	234	1
725	235	1
725	240	1
725	242	1
725	244	1
725	279	1
725	285	1
725	289	1
725	290	1
725	292	1
725	296	1
725	299	1
725	302	1
725	305	1
725	312	1
725	324	1
725	327	1
725	328	1
725	329	1
725	331	1
725	338	1
725	339	1
725	343	1
725	346	1
725	347	1
725	349	1
725	350	1
725	353	1
725	354	1
725	357	1
725	358	1
725	360	1
725	361	1
725	362	1
725	365	1
725	369	1
725	370	1
725	371	1
725	372	1
725	374	1
725	375	1
725	376	1
725	378	1
725	379	1
725	382	1
725	383	1
725	391	1
725	395	1
725	396	1
725	397	1
725	406	1
725	407	1
725	408	1
725	413	1
725	415	1
725	416	1
725	417	1
725	418	1
725	419	1
725	423	1
725	424	1
725	425	1
725	426	1
725	427	1
725	428	1
725	430	1
725	431	1
725	433	1
725	434	1
725	435	1
725	436	1
725	440	1
725	441	1
725	442	1
725	445	1
725	446	1
725	447	1
725	448	1
725	450	1
725	451	1
725	452	1
725	457	1
725	458	1
725	459	1
725	460	1
725	461	1
725	462	1
725	463	1
725	464	1
725	465	1
725	466	1
725	467	1
726	89	1
726	90	1
726	149	1
726	190	1
726	212	1
726	219	1
726	222	1
726	269	1
726	271	1
726	276	1
726	279	1
726	282	1
726	287	1
726	290	1
726	295	1
726	300	1
726	304	1
726	306	1
726	309	1
726	317	1
726	324	1
726	325	1
726	334	1
726	347	1
726	351	1
726	355	1
726	356	1
726	357	1
726	359	1
726	360	1
726	363	1
726	364	1
726	367	1
726	368	1
726	372	1
726	373	1
726	374	1
726	376	1
726	377	1
726	378	1
726	379	1
726	380	1
726	382	1
726	383	1
726	384	1
726	385	1
726	386	1
726	388	1
726	389	1
726	391	1
726	392	1
726	396	1
726	397	1
726	399	1
726	400	1
726	402	1
726	403	1
726	405	1
726	406	1
726	408	1
726	412	1
726	413	1
726	416	1
726	418	1
726	419	1
726	422	1
726	424	1
726	425	1
726	427	1
726	429	1
726	430	1
726	431	1
726	432	1
726	433	1
726	434	1
726	436	1
726	438	1
726	439	1
726	440	1
726	442	1
726	443	1
726	444	1
726	445	1
726	446	1
726	448	1
726	449	1
726	450	1
726	451	1
726	452	1
726	453	1
726	454	1
726	455	1
726	456	1
726	458	1
726	459	1
726	460	1
726	461	1
726	462	1
726	463	1
726	465	1
726	466	1
726	467	1
727	109	1
727	125	1
727	175	1
727	207	1
727	209	1
727	262	1
727	275	1
727	280	1
727	281	1
727	288	1
727	290	1
727	299	1
727	302	1
727	303	1
727	305	1
727	306	1
727	307	1
727	308	1
727	310	1
727	313	1
727	315	1
727	316	1
727	317	1
727	320	1
727	321	1
727	323	1
727	324	1
727	327	1
727	329	1
727	332	1
727	333	1
727	337	1
727	339	1
727	342	1
727	343	1
727	345	1
727	349	1
727	351	1
727	354	1
727	355	1
727	356	1
727	357	1
727	364	1
727	367	1
727	373	1
727	374	1
727	376	1
727	377	1
727	378	1
727	379	1
727	380	1
727	381	1
727	386	1
727	387	1
727	388	1
727	389	1
727	395	1
727	398	1
727	403	1
727	405	1
727	407	1
727	408	1
727	409	1
727	413	1
727	415	1
727	416	1
727	418	1
727	419	1
727	420	1
727	422	1
727	423	1
727	424	1
727	428	1
727	429	1
727	430	1
727	431	1
727	432	1
727	434	1
727	435	1
727	437	1
727	439	1
727	440	1
727	441	1
727	445	1
727	447	1
727	449	1
727	450	1
727	451	1
727	452	1
727	453	1
727	454	1
727	455	1
727	456	1
727	457	1
727	458	1
727	459	1
727	460	1
727	461	1
727	462	1
727	464	1
727	466	1
727	467	1
728	15	1
728	40	1
728	59	1
728	89	1
728	106	1
728	108	1
728	109	1
728	163	1
728	255	1
728	259	1
728	262	1
728	266	1
728	272	1
728	274	1
728	277	1
728	280	1
728	282	1
728	305	1
728	307	1
728	310	1
728	313	1
728	318	1
728	320	1
728	327	1
728	332	1
728	335	1
728	337	1
728	340	1
728	341	1
728	342	1
728	344	1
728	345	1
728	346	1
728	350	1
728	351	1
728	356	1
728	357	1
728	364	1
728	365	1
728	366	1
728	367	1
728	371	1
728	375	1
728	376	1
728	378	1
728	379	1
728	380	1
728	382	1
728	383	1
728	384	1
728	389	1
728	391	1
728	392	1
728	393	1
728	394	1
728	395	1
728	396	1
728	397	1
728	400	1
728	403	1
728	408	1
728	410	1
728	411	1
728	412	1
728	413	1
728	414	1
728	415	1
728	416	1
728	417	1
728	418	1
728	420	1
728	423	1
728	426	1
728	428	1
728	429	1
728	431	1
728	432	1
728	433	1
728	434	1
728	435	1
728	438	1
728	439	1
728	441	1
728	442	1
728	443	1
728	445	1
728	446	1
728	447	1
728	448	1
728	449	1
728	450	1
728	452	1
728	456	1
728	457	1
728	459	1
728	461	1
728	462	1
728	463	1
728	464	1
728	465	1
728	466	1
728	467	1
729	112	1
729	181	1
729	218	1
729	227	1
729	251	1
729	254	1
729	256	1
729	259	1
729	275	1
729	276	1
729	278	1
729	283	1
729	289	1
729	301	1
729	303	1
729	306	1
729	307	1
729	308	1
729	309	1
729	310	1
729	313	1
729	317	1
729	319	1
729	325	1
729	326	1
729	327	1
729	329	1
729	333	1
729	335	1
729	336	1
729	337	1
729	339	1
729	341	1
729	347	1
729	354	1
729	356	1
729	359	1
729	360	1
729	362	1
729	364	1
729	369	1
729	373	1
729	374	1
729	375	1
729	376	1
729	381	1
729	382	1
729	384	1
729	386	1
729	387	1
729	388	1
729	393	1
729	395	1
729	396	1
729	397	1
729	399	1
729	400	1
729	401	1
729	403	1
729	404	1
729	405	1
729	406	1
729	409	1
729	412	1
729	413	1
729	414	1
729	415	1
729	416	1
729	419	1
729	422	1
729	423	1
729	427	1
729	428	1
729	431	1
729	432	1
729	433	1
729	434	1
729	435	1
729	437	1
729	439	1
729	440	1
729	441	1
729	444	1
729	445	1
729	446	1
729	447	1
729	448	1
729	450	1
729	452	1
729	453	1
729	454	1
729	455	1
729	456	1
729	457	1
729	458	1
729	459	1
729	460	1
729	462	1
729	463	1
729	464	1
729	466	1
729	467	1
730	154	1
730	172	1
730	175	1
730	197	1
730	198	1
730	224	1
730	228	1
730	233	1
730	236	1
730	243	1
730	247	1
730	267	1
730	268	1
730	272	1
730	278	1
730	286	1
730	288	1
730	289	1
730	300	1
730	303	1
730	318	1
730	326	1
730	330	1
730	333	1
730	340	1
730	342	1
730	345	1
730	349	1
730	351	1
730	352	1
730	353	1
730	354	1
730	357	1
730	358	1
730	361	1
730	362	1
730	365	1
730	366	1
730	369	1
730	370	1
730	373	1
730	377	1
730	383	1
730	386	1
730	388	1
730	390	1
730	391	1
730	392	1
730	393	1
730	394	1
730	395	1
730	400	1
730	402	1
730	404	1
730	406	1
730	407	1
730	409	1
730	410	1
730	412	1
730	413	1
730	416	1
730	418	1
730	419	1
730	420	1
730	422	1
730	423	1
730	424	1
730	425	1
730	426	1
730	427	1
730	428	1
730	429	1
730	432	1
730	436	1
730	437	1
730	438	1
730	439	1
730	440	1
730	441	1
730	442	1
730	443	1
730	444	1
730	445	1
730	446	1
730	447	1
730	448	1
730	449	1
730	450	1
730	451	1
730	452	1
730	453	1
730	454	1
730	455	1
730	456	1
730	457	1
730	460	1
730	461	1
730	462	1
730	463	1
730	464	1
730	465	1
730	467	1
731	43	1
731	73	1
731	79	1
731	81	1
731	116	1
731	133	1
731	136	1
731	149	1
731	185	1
731	238	1
731	240	1
731	259	1
731	260	1
731	279	1
731	290	1
731	293	1
731	294	1
731	300	1
731	301	1
731	304	1
731	306	1
731	310	1
731	312	1
731	315	1
731	326	1
731	334	1
731	337	1
731	338	1
731	340	1
731	344	1
731	346	1
731	348	1
731	349	1
731	352	1
731	355	1
731	357	1
731	358	1
731	359	1
731	360	1
731	361	1
731	368	1
731	370	1
731	371	1
731	372	1
731	373	1
731	374	1
731	375	1
731	378	1
731	380	1
731	381	1
731	383	1
731	384	1
731	385	1
731	392	1
731	393	1
731	394	1
731	395	1
731	397	1
731	398	1
731	401	1
731	405	1
731	407	1
731	408	1
731	410	1
731	411	1
731	413	1
731	416	1
731	417	1
731	418	1
731	420	1
731	422	1
731	423	1
731	426	1
731	427	1
731	428	1
731	430	1
731	432	1
731	434	1
731	438	1
731	439	1
731	440	1
731	442	1
731	443	1
731	444	1
731	445	1
731	446	1
731	447	1
731	448	1
731	450	1
731	451	1
731	452	1
731	453	1
731	454	1
731	455	1
731	457	1
731	458	1
731	460	1
731	462	1
731	464	1
731	465	1
731	466	1
731	467	1
732	0	1
732	158	1
732	175	1
732	234	1
732	269	1
732	282	1
732	283	1
732	284	1
732	285	1
732	289	1
732	297	1
732	298	1
732	303	1
732	308	1
732	312	1
732	317	1
732	318	1
732	320	1
732	321	1
732	324	1
732	325	1
732	329	1
732	334	1
732	341	1
732	343	1
732	351	1
732	352	1
732	356	1
732	357	1
732	359	1
732	361	1
732	363	1
732	364	1
732	365	1
732	366	1
732	368	1
732	370	1
732	371	1
732	372	1
732	376	1
732	378	1
732	379	1
732	380	1
732	381	1
732	382	1
732	383	1
732	384	1
732	389	1
732	390	1
732	391	1
732	392	1
732	394	1
732	395	1
732	396	1
732	397	1
732	399	1
732	400	1
732	401	1
732	402	1
732	403	1
732	407	1
732	411	1
732	412	1
732	414	1
732	415	1
732	417	1
732	419	1
732	420	1
732	421	1
732	424	1
732	425	1
732	426	1
732	429	1
732	430	1
732	431	1
732	432	1
732	433	1
732	435	1
732	438	1
732	439	1
732	440	1
732	441	1
732	442	1
732	443	1
732	444	1
732	446	1
732	448	1
732	451	1
732	452	1
732	455	1
732	456	1
732	457	1
732	458	1
732	459	1
732	460	1
732	461	1
732	462	1
732	463	1
732	464	1
732	466	1
732	467	1
733	94	1
733	103	1
733	173	1
733	215	1
733	218	1
733	219	1
733	232	1
733	235	1
733	242	1
733	246	1
733	264	1
733	269	1
733	281	1
733	290	1
733	292	1
733	293	1
733	294	1
733	306	1
733	309	1
733	312	1
733	313	1
733	318	1
733	323	1
733	324	1
733	326	1
733	331	1
733	340	1
733	342	1
733	344	1
733	353	1
733	354	1
733	357	1
733	360	1
733	362	1
733	363	1
733	370	1
733	371	1
733	372	1
733	373	1
733	376	1
733	377	1
733	379	1
733	380	1
733	383	1
733	386	1
733	389	1
733	390	1
733	392	1
733	393	1
733	394	1
733	395	1
733	396	1
733	399	1
733	401	1
733	402	1
733	404	1
733	408	1
733	410	1
733	411	1
733	412	1
733	413	1
733	415	1
733	418	1
733	420	1
733	421	1
733	423	1
733	424	1
733	426	1
733	429	1
733	430	1
733	431	1
733	432	1
733	433	1
733	435	1
733	436	1
733	437	1
733	438	1
733	440	1
733	441	1
733	442	1
733	443	1
733	444	1
733	445	1
733	446	1
733	447	1
733	448	1
733	449	1
733	450	1
733	451	1
733	452	1
733	454	1
733	455	1
733	457	1
733	458	1
733	459	1
733	460	1
733	461	1
733	462	1
733	463	1
733	464	1
733	465	1
733	466	1
733	467	1
734	104	1
734	165	1
734	170	1
734	180	1
734	181	1
734	237	1
734	244	1
734	261	1
734	263	1
734	267	1
734	273	1
734	274	1
734	277	1
734	286	1
734	297	1
734	304	1
734	310	1
734	311	1
734	312	1
734	318	1
734	321	1
734	327	1
734	329	1
734	330	1
734	332	1
734	338	1
734	340	1
734	343	1
734	344	1
734	348	1
734	353	1
734	354	1
734	356	1
734	357	1
734	361	1
734	362	1
734	364	1
734	367	1
734	370	1
734	372	1
734	373	1
734	374	1
734	377	1
734	384	1
734	386	1
734	388	1
734	390	1
734	392	1
734	395	1
734	396	1
734	398	1
734	400	1
734	401	1
734	404	1
734	406	1
734	407	1
734	410	1
734	411	1
734	414	1
734	415	1
734	416	1
734	417	1
734	418	1
734	419	1
734	420	1
734	421	1
734	422	1
734	423	1
734	424	1
734	426	1
734	428	1
734	429	1
734	430	1
734	431	1
734	432	1
734	433	1
734	435	1
734	437	1
734	438	1
734	439	1
734	440	1
734	441	1
734	442	1
734	444	1
734	446	1
734	448	1
734	449	1
734	450	1
734	451	1
734	453	1
734	454	1
734	456	1
734	457	1
734	458	1
734	459	1
734	460	1
734	461	1
734	463	1
734	464	1
734	465	1
734	466	1
734	467	1
735	99	1
735	117	1
735	155	1
735	166	1
735	173	1
735	180	1
735	257	1
735	259	1
735	267	1
735	274	1
735	277	1
735	287	1
735	297	1
735	298	1
735	304	1
735	306	1
735	307	1
735	315	1
735	316	1
735	317	1
735	324	1
735	327	1
735	329	1
735	331	1
735	334	1
735	335	1
735	336	1
735	339	1
735	342	1
735	346	1
735	347	1
735	350	1
735	352	1
735	353	1
735	356	1
735	361	1
735	363	1
735	364	1
735	367	1
735	369	1
735	370	1
735	371	1
735	372	1
735	374	1
735	376	1
735	377	1
735	378	1
735	385	1
735	386	1
735	388	1
735	390	1
735	392	1
735	394	1
735	395	1
735	397	1
735	398	1
735	399	1
735	400	1
735	401	1
735	402	1
735	403	1
735	406	1
735	408	1
735	410	1
735	413	1
735	414	1
735	415	1
735	416	1
735	419	1
735	420	1
735	421	1
735	422	1
735	424	1
735	425	1
735	427	1
735	429	1
735	430	1
735	431	1
735	432	1
735	435	1
735	438	1
735	441	1
735	442	1
735	443	1
735	444	1
735	445	1
735	448	1
735	449	1
735	450	1
735	451	1
735	452	1
735	453	1
735	456	1
735	458	1
735	460	1
735	461	1
735	462	1
735	463	1
735	464	1
735	465	1
735	466	1
735	467	1
736	51	1
736	53	1
736	113	1
736	173	1
736	185	1
736	193	1
736	226	1
736	244	1
736	251	1
736	253	1
736	276	1
736	277	1
736	283	1
736	288	1
736	289	1
736	298	1
736	300	1
736	309	1
736	312	1
736	314	1
736	315	1
736	316	1
736	326	1
736	337	1
736	346	1
736	347	1
736	348	1
736	350	1
736	351	1
736	354	1
736	357	1
736	358	1
736	360	1
736	361	1
736	363	1
736	364	1
736	365	1
736	366	1
736	377	1
736	378	1
736	383	1
736	386	1
736	388	1
736	390	1
736	392	1
736	394	1
736	395	1
736	397	1
736	398	1
736	399	1
736	400	1
736	402	1
736	404	1
736	405	1
736	407	1
736	408	1
736	410	1
736	411	1
736	412	1
736	413	1
736	414	1
736	417	1
736	418	1
736	419	1
736	421	1
736	422	1
736	423	1
736	424	1
736	425	1
736	426	1
736	429	1
736	430	1
736	432	1
736	434	1
736	435	1
736	437	1
736	438	1
736	439	1
736	440	1
736	443	1
736	444	1
736	445	1
736	446	1
736	448	1
736	449	1
736	450	1
736	451	1
736	452	1
736	453	1
736	454	1
736	455	1
736	456	1
736	457	1
736	458	1
736	459	1
736	460	1
736	462	1
736	463	1
736	464	1
736	465	1
736	466	1
736	467	1
737	38	1
737	129	1
737	150	1
737	213	1
737	216	1
737	221	1
737	261	1
737	269	1
737	272	1
737	281	1
737	284	1
737	285	1
737	295	1
737	296	1
737	304	1
737	308	1
737	312	1
737	318	1
737	319	1
737	320	1
737	334	1
737	343	1
737	344	1
737	346	1
737	347	1
737	350	1
737	351	1
737	352	1
737	353	1
737	354	1
737	355	1
737	357	1
737	359	1
737	361	1
737	365	1
737	367	1
737	370	1
737	373	1
737	374	1
737	379	1
737	383	1
737	386	1
737	388	1
737	389	1
737	390	1
737	391	1
737	392	1
737	393	1
737	395	1
737	398	1
737	399	1
737	401	1
737	403	1
737	406	1
737	407	1
737	408	1
737	411	1
737	412	1
737	415	1
737	419	1
737	420	1
737	421	1
737	422	1
737	424	1
737	426	1
737	427	1
737	430	1
737	431	1
737	432	1
737	433	1
737	434	1
737	435	1
737	436	1
737	437	1
737	438	1
737	440	1
737	441	1
737	442	1
737	443	1
737	444	1
737	445	1
737	446	1
737	447	1
737	448	1
737	449	1
737	451	1
737	452	1
737	453	1
737	454	1
737	455	1
737	456	1
737	457	1
737	458	1
737	459	1
737	460	1
737	461	1
737	462	1
737	463	1
737	464	1
737	465	1
737	466	1
737	467	1
738	22	1
738	39	1
738	106	1
738	171	1
738	227	1
738	241	1
738	251	1
738	270	1
738	278	1
738	285	1
738	288	1
738	291	1
738	298	1
738	303	1
738	307	1
738	314	1
738	317	1
738	320	1
738	322	1
738	327	1
738	330	1
738	333	1
738	334	1
738	335	1
738	339	1
738	341	1
738	345	1
738	346	1
738	348	1
738	351	1
738	355	1
738	356	1
738	357	1
738	359	1
738	360	1
738	361	1
738	363	1
738	365	1
738	370	1
738	375	1
738	377	1
738	381	1
738	383	1
738	385	1
738	389	1
738	391	1
738	392	1
738	393	1
738	395	1
738	397	1
738	398	1
738	399	1
738	404	1
738	405	1
738	407	1
738	408	1
738	409	1
738	410	1
738	411	1
738	412	1
738	413	1
738	415	1
738	416	1
738	418	1
738	420	1
738	422	1
738	423	1
738	424	1
738	426	1
738	427	1
738	428	1
738	431	1
738	432	1
738	433	1
738	434	1
738	435	1
738	436	1
738	437	1
738	439	1
738	440	1
738	441	1
738	442	1
738	443	1
738	444	1
738	445	1
738	446	1
738	447	1
738	449	1
738	452	1
738	453	1
738	454	1
738	455	1
738	456	1
738	457	1
738	459	1
738	460	1
738	461	1
738	462	1
738	463	1
738	464	1
738	466	1
738	467	1
739	9	1
739	183	1
739	196	1
739	216	1
739	220	1
739	233	1
739	235	1
739	240	1
739	243	1
739	254	1
739	271	1
739	274	1
739	291	1
739	294	1
739	296	1
739	297	1
739	305	1
739	311	1
739	315	1
739	319	1
739	321	1
739	325	1
739	326	1
739	328	1
739	330	1
739	336	1
739	337	1
739	340	1
739	347	1
739	349	1
739	350	1
739	351	1
739	352	1
739	359	1
739	361	1
739	362	1
739	364	1
739	365	1
739	366	1
739	369	1
739	372	1
739	373	1
739	379	1
739	380	1
739	381	1
739	383	1
739	385	1
739	386	1
739	389	1
739	390	1
739	392	1
739	393	1
739	394	1
739	396	1
739	397	1
739	398	1
739	400	1
739	401	1
739	403	1
739	407	1
739	413	1
739	414	1
739	416	1
739	418	1
739	421	1
739	422	1
739	423	1
739	424	1
739	426	1
739	428	1
739	430	1
739	431	1
739	432	1
739	433	1
739	434	1
739	435	1
739	436	1
739	437	1
739	438	1
739	439	1
739	440	1
739	441	1
739	443	1
739	444	1
739	445	1
739	446	1
739	447	1
739	448	1
739	449	1
739	451	1
739	452	1
739	453	1
739	455	1
739	456	1
739	457	1
739	459	1
739	460	1
739	461	1
739	462	1
739	465	1
739	466	1
739	467	1
740	71	1
740	125	1
740	139	1
740	214	1
740	225	1
740	231	1
740	233	1
740	239	1
740	252	1
740	258	1
740	262	1
740	286	1
740	289	1
740	297	1
740	299	1
740	303	1
740	310	1
740	316	1
740	317	1
740	320	1
740	321	1
740	331	1
740	332	1
740	338	1
740	343	1
740	347	1
740	349	1
740	352	1
740	358	1
740	359	1
740	360	1
740	361	1
740	362	1
740	363	1
740	367	1
740	369	1
740	372	1
740	381	1
740	382	1
740	384	1
740	385	1
740	388	1
740	392	1
740	393	1
740	394	1
740	395	1
740	396	1
740	401	1
740	403	1
740	404	1
740	406	1
740	407	1
740	408	1
740	409	1
740	410	1
740	411	1
740	412	1
740	413	1
740	414	1
740	416	1
740	417	1
740	420	1
740	422	1
740	423	1
740	424	1
740	425	1
740	426	1
740	427	1
740	428	1
740	429	1
740	430	1
740	431	1
740	432	1
740	433	1
740	434	1
740	435	1
740	436	1
740	437	1
740	439	1
740	440	1
740	441	1
740	442	1
740	443	1
740	444	1
740	445	1
740	448	1
740	451	1
740	452	1
740	453	1
740	454	1
740	455	1
740	456	1
740	457	1
740	458	1
740	459	1
740	460	1
740	461	1
740	462	1
740	463	1
740	464	1
740	465	1
740	466	1
741	88	1
741	131	1
741	190	1
741	201	1
741	220	1
741	263	1
741	271	1
741	276	1
741	285	1
741	297	1
741	304	1
741	305	1
741	306	1
741	307	1
741	308	1
741	315	1
741	316	1
741	320	1
741	323	1
741	324	1
741	325	1
741	329	1
741	332	1
741	336	1
741	338	1
741	340	1
741	344	1
741	348	1
741	349	1
741	354	1
741	355	1
741	356	1
741	359	1
741	360	1
741	362	1
741	363	1
741	364	1
741	365	1
741	366	1
741	367	1
741	368	1
741	372	1
741	373	1
741	376	1
741	383	1
741	385	1
741	386	1
741	387	1
741	389	1
741	392	1
741	393	1
741	394	1
741	395	1
741	397	1
741	399	1
741	400	1
741	401	1
741	402	1
741	404	1
741	408	1
741	409	1
741	411	1
741	414	1
741	415	1
741	416	1
741	417	1
741	418	1
741	419	1
741	420	1
741	422	1
741	424	1
741	425	1
741	427	1
741	428	1
741	429	1
741	430	1
741	431	1
741	432	1
741	435	1
741	436	1
741	437	1
741	441	1
741	443	1
741	444	1
741	445	1
741	446	1
741	447	1
741	448	1
741	449	1
741	450	1
741	451	1
741	452	1
741	453	1
741	456	1
741	457	1
741	459	1
741	460	1
741	462	1
741	463	1
741	464	1
741	466	1
741	467	1
742	29	1
742	140	1
742	211	1
742	227	1
742	273	1
742	276	1
742	281	1
742	285	1
742	287	1
742	290	1
742	292	1
742	296	1
742	300	1
742	305	1
742	312	1
742	315	1
742	317	1
742	318	1
742	319	1
742	321	1
742	322	1
742	323	1
742	330	1
742	332	1
742	334	1
742	335	1
742	345	1
742	348	1
742	350	1
742	359	1
742	360	1
742	361	1
742	362	1
742	364	1
742	366	1
742	370	1
742	371	1
742	374	1
742	377	1
742	379	1
742	384	1
742	387	1
742	388	1
742	389	1
742	390	1
742	391	1
742	393	1
742	394	1
742	395	1
742	398	1
742	399	1
742	401	1
742	403	1
742	404	1
742	405	1
742	407	1
742	408	1
742	410	1
742	411	1
742	413	1
742	414	1
742	415	1
742	416	1
742	417	1
742	418	1
742	420	1
742	422	1
742	424	1
742	426	1
742	427	1
742	429	1
742	431	1
742	432	1
742	433	1
742	434	1
742	435	1
742	436	1
742	437	1
742	440	1
742	441	1
742	443	1
742	444	1
742	445	1
742	446	1
742	447	1
742	448	1
742	449	1
742	450	1
742	451	1
742	452	1
742	455	1
742	456	1
742	457	1
742	458	1
742	459	1
742	461	1
742	462	1
742	463	1
742	464	1
742	465	1
742	466	1
742	467	1
743	75	1
743	167	1
743	205	1
743	224	1
743	235	1
743	243	1
743	244	1
743	246	1
743	247	1
743	257	1
743	260	1
743	267	1
743	268	1
743	271	1
743	275	1
743	278	1
743	281	1
743	283	1
743	299	1
743	304	1
743	309	1
743	310	1
743	312	1
743	315	1
743	316	1
743	320	1
743	324	1
743	326	1
743	333	1
743	338	1
743	340	1
743	345	1
743	348	1
743	349	1
743	351	1
743	357	1
743	358	1
743	359	1
743	360	1
743	361	1
743	363	1
743	364	1
743	365	1
743	369	1
743	370	1
743	373	1
743	374	1
743	376	1
743	377	1
743	380	1
743	385	1
743	386	1
743	388	1
743	389	1
743	390	1
743	393	1
743	394	1
743	395	1
743	396	1
743	399	1
743	400	1
743	404	1
743	406	1
743	408	1
743	410	1
743	412	1
743	413	1
743	414	1
743	415	1
743	418	1
743	419	1
743	422	1
743	425	1
743	426	1
743	427	1
743	431	1
743	432	1
743	434	1
743	435	1
743	436	1
743	437	1
743	438	1
743	439	1
743	440	1
743	441	1
743	444	1
743	445	1
743	446	1
743	448	1
743	449	1
743	452	1
743	453	1
743	455	1
743	457	1
743	459	1
743	460	1
743	461	1
743	462	1
743	463	1
743	464	1
743	466	1
743	467	1
744	59	1
744	130	1
744	136	1
744	186	1
744	223	1
744	228	1
744	236	1
744	245	1
744	253	1
744	260	1
744	269	1
744	272	1
744	275	1
744	278	1
744	282	1
744	284	1
744	285	1
744	288	1
744	292	1
744	293	1
744	301	1
744	311	1
744	318	1
744	324	1
744	327	1
744	329	1
744	332	1
744	333	1
744	335	1
744	336	1
744	344	1
744	345	1
744	346	1
744	348	1
744	350	1
744	351	1
744	354	1
744	355	1
744	356	1
744	359	1
744	360	1
744	369	1
744	376	1
744	377	1
744	378	1
744	379	1
744	380	1
744	381	1
744	382	1
744	383	1
744	397	1
744	400	1
744	401	1
744	402	1
744	403	1
744	409	1
744	410	1
744	411	1
744	412	1
744	413	1
744	415	1
744	416	1
744	417	1
744	418	1
744	419	1
744	420	1
744	422	1
744	423	1
744	425	1
744	426	1
744	427	1
744	428	1
744	429	1
744	430	1
744	432	1
744	433	1
744	434	1
744	435	1
744	436	1
744	437	1
744	439	1
744	441	1
744	442	1
744	443	1
744	444	1
744	445	1
744	447	1
744	448	1
744	449	1
744	451	1
744	452	1
744	453	1
744	454	1
744	455	1
744	456	1
744	457	1
744	459	1
744	461	1
744	463	1
744	464	1
744	465	1
744	467	1
745	141	1
745	158	1
745	203	1
745	239	1
745	241	1
745	242	1
745	247	1
745	248	1
745	264	1
745	267	1
745	271	1
745	281	1
745	283	1
745	295	1
745	299	1
745	300	1
745	301	1
745	308	1
745	311	1
745	321	1
745	326	1
745	327	1
745	328	1
745	335	1
745	337	1
745	338	1
745	341	1
745	342	1
745	346	1
745	350	1
745	351	1
745	353	1
745	358	1
745	361	1
745	363	1
745	364	1
745	371	1
745	372	1
745	377	1
745	383	1
745	384	1
745	385	1
745	386	1
745	387	1
745	389	1
745	390	1
745	392	1
745	393	1
745	394	1
745	395	1
745	396	1
745	399	1
745	400	1
745	402	1
745	404	1
745	405	1
745	406	1
745	412	1
745	413	1
745	414	1
745	415	1
745	417	1
745	418	1
745	419	1
745	420	1
745	423	1
745	424	1
745	426	1
745	427	1
745	428	1
745	429	1
745	431	1
745	432	1
745	434	1
745	436	1
745	437	1
745	438	1
745	439	1
745	440	1
745	441	1
745	442	1
745	443	1
745	444	1
745	446	1
745	447	1
745	448	1
745	449	1
745	450	1
745	451	1
745	452	1
745	453	1
745	454	1
745	455	1
745	456	1
745	457	1
745	458	1
745	460	1
745	461	1
745	462	1
745	463	1
745	464	1
745	465	1
746	117	1
746	219	1
746	235	1
746	241	1
746	254	1
746	255	1
746	262	1
746	277	1
746	281	1
746	289	1
746	293	1
746	296	1
746	299	1
746	309	1
746	311	1
746	316	1
746	319	1
746	321	1
746	323	1
746	324	1
746	332	1
746	333	1
746	348	1
746	349	1
746	350	1
746	351	1
746	352	1
746	354	1
746	355	1
746	356	1
746	359	1
746	360	1
746	362	1
746	363	1
746	365	1
746	367	1
746	368	1
746	371	1
746	372	1
746	374	1
746	375	1
746	377	1
746	378	1
746	380	1
746	387	1
746	388	1
746	389	1
746	392	1
746	393	1
746	396	1
746	398	1
746	399	1
746	400	1
746	401	1
746	403	1
746	404	1
746	405	1
746	407	1
746	409	1
746	411	1
746	412	1
746	413	1
746	414	1
746	415	1
746	418	1
746	420	1
746	421	1
746	422	1
746	423	1
746	424	1
746	425	1
746	426	1
746	427	1
746	428	1
746	431	1
746	432	1
746	433	1
746	436	1
746	437	1
746	438	1
746	440	1
746	441	1
746	442	1
746	443	1
746	444	1
746	446	1
746	448	1
746	449	1
746	450	1
746	451	1
746	452	1
746	454	1
746	455	1
746	456	1
746	457	1
746	458	1
746	459	1
746	460	1
746	463	1
746	464	1
746	466	1
746	467	1
747	8	1
747	50	1
747	159	1
747	199	1
747	200	1
747	207	1
747	215	1
747	229	1
747	233	1
747	237	1
747	247	1
747	251	1
747	252	1
747	264	1
747	283	1
747	292	1
747	300	1
747	303	1
747	307	1
747	310	1
747	313	1
747	315	1
747	316	1
747	318	1
747	319	1
747	325	1
747	326	1
747	330	1
747	333	1
747	342	1
747	343	1
747	350	1
747	351	1
747	355	1
747	357	1
747	362	1
747	363	1
747	367	1
747	368	1
747	373	1
747	376	1
747	377	1
747	378	1
747	381	1
747	382	1
747	384	1
747	385	1
747	387	1
747	388	1
747	391	1
747	394	1
747	395	1
747	396	1
747	398	1
747	400	1
747	402	1
747	404	1
747	406	1
747	407	1
747	409	1
747	410	1
747	412	1
747	413	1
747	414	1
747	416	1
747	417	1
747	418	1
747	419	1
747	420	1
747	421	1
747	425	1
747	427	1
747	428	1
747	429	1
747	431	1
747	432	1
747	434	1
747	435	1
747	436	1
747	437	1
747	438	1
747	440	1
747	443	1
747	444	1
747	446	1
747	447	1
747	448	1
747	449	1
747	451	1
747	452	1
747	453	1
747	454	1
747	455	1
747	456	1
747	457	1
747	458	1
747	459	1
747	461	1
747	463	1
747	464	1
747	465	1
747	467	1
748	15	1
748	31	1
748	94	1
748	95	1
748	112	1
748	126	1
748	174	1
748	238	1
748	248	1
748	251	1
748	267	1
748	273	1
748	282	1
748	285	1
748	305	1
748	309	1
748	311	1
748	320	1
748	322	1
748	325	1
748	329	1
748	332	1
748	335	1
748	338	1
748	340	1
748	342	1
748	344	1
748	348	1
748	350	1
748	351	1
748	352	1
748	356	1
748	357	1
748	358	1
748	361	1
748	362	1
748	367	1
748	368	1
748	369	1
748	371	1
748	376	1
748	377	1
748	380	1
748	384	1
748	385	1
748	386	1
748	392	1
748	394	1
748	396	1
748	398	1
748	401	1
748	402	1
748	406	1
748	408	1
748	409	1
748	410	1
748	411	1
748	412	1
748	413	1
748	415	1
748	416	1
748	417	1
748	418	1
748	421	1
748	422	1
748	423	1
748	424	1
748	425	1
748	426	1
748	427	1
748	429	1
748	430	1
748	431	1
748	432	1
748	434	1
748	436	1
748	437	1
748	438	1
748	439	1
748	440	1
748	441	1
748	442	1
748	443	1
748	445	1
748	447	1
748	449	1
748	450	1
748	451	1
748	453	1
748	454	1
748	455	1
748	456	1
748	457	1
748	458	1
748	459	1
748	460	1
748	461	1
748	462	1
748	463	1
748	464	1
748	465	1
748	467	1
749	122	1
749	173	1
749	174	1
749	185	1
749	188	1
749	226	1
749	235	1
749	238	1
749	245	1
749	257	1
749	258	1
749	260	1
749	269	1
749	270	1
749	274	1
749	284	1
749	303	1
749	310	1
749	311	1
749	313	1
749	320	1
749	321	1
749	322	1
749	327	1
749	331	1
749	334	1
749	336	1
749	337	1
749	338	1
749	342	1
749	346	1
749	348	1
749	352	1
749	354	1
749	355	1
749	357	1
749	358	1
749	363	1
749	367	1
749	370	1
749	371	1
749	373	1
749	377	1
749	379	1
749	380	1
749	381	1
749	382	1
749	384	1
749	386	1
749	387	1
749	388	1
749	390	1
749	391	1
749	395	1
749	397	1
749	398	1
749	402	1
749	403	1
749	404	1
749	405	1
749	407	1
749	408	1
749	409	1
749	412	1
749	414	1
749	417	1
749	418	1
749	419	1
749	420	1
749	424	1
749	425	1
749	426	1
749	427	1
749	428	1
749	429	1
749	431	1
749	432	1
749	434	1
749	435	1
749	437	1
749	438	1
749	440	1
749	443	1
749	444	1
749	447	1
749	448	1
749	449	1
749	450	1
749	451	1
749	452	1
749	455	1
749	457	1
749	458	1
749	459	1
749	460	1
749	461	1
749	462	1
749	463	1
749	464	1
749	465	1
749	466	1
749	467	1
